source,compilation,location,latitude,longitude,elevation,d2H_precip,d2H_precip_err,d2H_precip_year,chain,d2H_wax,d2H_wax_err,DOI,sample_type
Aichner et al 2019,McFarlin,"Karakul, Tajikistan",39.018,73.233,3915,-126,5,,29,-161,3.3,10.1029/2019GL085202,Sediment
"Bai et al., 2011",Liu,Mt Kunlun,36.55,77.08,4550,-86,,,29,-192,,10.1016/j.orggeochem.2011.03.019,Soil
"Bai et al., 2011",Liu,Mt Kunlun,36.57,77,4850,-91,,,29,-197,,10.1016/j.orggeochem.2011.03.019,Soil
"Bai et al., 2011",Liu,Mt Kunlun,36.58,77.01,4760,-89,,,29,-198,,10.1016/j.orggeochem.2011.03.019,Soil
"Bai et al., 2014",Liu,Mt Qilian,35.77,103.96,2960,-58,,,29,-199,,10.1016/j.orggeochem.2014.05.013,Soil
"Bai et al., 2014",Liu,Mt Qilian,35.78,103.95,3330,-62,,,29,-216,,10.1016/j.orggeochem.2014.05.013,Soil
"Bai et al., 2014",Liu,Mt Qilian,37.53,101.83,3869,-71,,,29,-163,,10.1016/j.orggeochem.2014.05.013,Soil
"Bai et al., 2014",Liu,Mt Qilian,37.62,101.9,2690,-53,,,29,-148,,10.1016/j.orggeochem.2014.05.013,Soil
"Bai et al., 2014",Liu,Mt Qilian,37.69,101.88,2765,-54,,,29,-161,,10.1016/j.orggeochem.2014.05.013,Soil
"Bai et al., 2014",Liu,Mt Qilian,39.31,97.72,3514,-64,,,29,-168,,10.1016/j.orggeochem.2014.05.013,Soil
"Bai et al., 2014",Liu,Mt Qilian,39.32,97.85,2970,-54,,,29,-162,,10.1016/j.orggeochem.2014.05.013,Soil
"Bai et al., 2014",Liu,Mt Qilian,39.33,97.74,3874,-64,,,29,-166,,10.1016/j.orggeochem.2014.05.013,Soil
"Bai et al., 2014",Liu,Mt Qilian,39.34,97.79,3221,-54,,,29,-165,,10.1016/j.orggeochem.2014.05.013,Soil
"Chikaraishi and Naraoka, 2006",Liu,Gunma Prefecture,36.47,138.87,70,-60,,,29,-166,,10.1016/j.chemgeo.2006.01.026,Soil
Corcoran et al. 2022,Corcoran et al. 2022 NSF PAR preprint + Elsevier supplementary (mmc1.xlsx),"Falkland Islands, East Falkland, Mt. Usborne",-51.7022,-58.8155,520,-67,,,29,-184.7,,10.1016/j.orggeochem.2022.104404,Sediment
Corcoran et al. 2022,Corcoran et al. 2022 NSF PAR preprint + Elsevier supplementary (mmc1.xlsx),"Falkland Islands, East Falkland, Mt. Usborne",-51.7022,-58.8155,520,-67,,,29,-181.2,,10.1016/j.orggeochem.2022.104404,Sediment
Corcoran et al. 2022,Corcoran et al. 2022 NSF PAR preprint + Elsevier supplementary (mmc1.xlsx),"Falkland Islands, East Falkland, Mt. Usborne",-51.7022,-58.8155,520,-67,,,29,-178.8,,10.1016/j.orggeochem.2022.104404,Sediment
Corcoran et al. 2022,Corcoran et al. 2022 NSF PAR preprint + Elsevier supplementary (mmc1.xlsx),"Falkland Islands, East Falkland, Mt. Usborne",-51.6959,-58.8276,600,-67,,,29,-184.9,,10.1016/j.orggeochem.2022.104404,Sediment
Corcoran et al. 2022,Corcoran et al. 2022 NSF PAR preprint + Elsevier supplementary (mmc1.xlsx),"Falkland Islands, East Falkland, Mt. Usborne",-51.6959,-58.8276,600,-67,,,29,-180.3,,10.1016/j.orggeochem.2022.104404,Sediment
Daniels et al 2017,McFarlin,I4,68.58,-149.58,778,-151,6,,29,-264,,10.1016/j.gca.2017.06.028,Sediment
Daniels et al 2017,McFarlin,I6HW,68.58,-149.62,808,-151,6,,29,-263,,10.1016/j.gca.2017.06.028,Sediment
Daniels et al 2017,McFarlin,I5,68.59,-149.59,778,-151,6,,29,-268,,10.1016/j.gca.2017.06.028,Sediment
Daniels et al 2017,McFarlin,I6,68.6,-149.59,800,-151,6,,29,-265,,10.1016/j.gca.2017.06.028,Sediment
Daniels et al 2017,McFarlin,I8,68.61,-149.58,748,-150,6,,29,-260,,10.1016/j.gca.2017.06.028,Sediment
Daniels et al 2017,McFarlin,S7,68.63,-149.64,742,-150,6,,29,-261,,10.1016/j.gca.2017.06.028,Sediment
Daniels et al 2017,McFarlin,N2,68.64,-149.62,732,-149,6,,29,-253,,10.1016/j.gca.2017.06.028,Sediment
Daniels et al 2017,McFarlin,FOG1,68.68,-149.08,773,-151,6,,29,-257,,10.1016/j.gca.2017.06.028,Sediment
Daniels et al. 2017,Manual extraction,"I1, Toolik area, Alaska",68.569,-149.588,792.5,-166,6,,29,-260,,10.1016/j.gca.2017.06.028,Sediment
Daniels et al. 2017,Manual extraction,"I7, Toolik area, Alaska",68.601,-149.593,748,-166,6,,29,-269,,10.1016/j.gca.2017.06.028,Sediment
Daniels et al. 2017,Manual extraction,"ISWAMP, Toolik area, Alaska",68.611,-149.597,741,-166,6,,29,-273,,10.1016/j.gca.2017.06.028,Sediment
Daniels et al. 2017,Manual extraction,"E1, Toolik area, Alaska",68.626,-149.554,777,-166,6,,29,-259,,10.1016/j.gca.2017.06.028,Sediment
Daniels et al. 2017,Manual extraction,"N1, Toolik area, Alaska",68.64,-149.604,730,-166,6,,29,-255,,10.1016/j.gca.2017.06.028,Sediment
Daniels et al. 2017,Manual extraction,"E5, Toolik area, Alaska",68.643,-149.458,800,-166,7,,29,-261,,10.1016/j.gca.2017.06.028,Sediment
Daniels et al. 2017,Manual extraction,"E6, Toolik area, Alaska",68.644,-149.439,794,-166,6,,29,-266,,10.1016/j.gca.2017.06.028,Sediment
Daniels et al. 2017,Manual extraction,"FOG4, Toolik area, Alaska",68.68,-149.072,760,-166,6,,29,-264,,10.1016/j.gca.2017.06.028,Sediment
Douglas et al 2012,McFarlin,Santa Lucia,14.12,-87.09,1405,-43,3,,29,-135.1,1,10.1016/j.gca.2012.09.005,Soil
Douglas et al 2012,McFarlin,Gaungolo,14.26,-87.24,829,-35,1,,29,-165.8,1,10.1016/j.gca.2012.09.005,Soil
Douglas et al 2012,McFarlin,El Chile,14.35,-86.85,1380,-43,4,,29,-158.1,4,10.1016/j.gca.2012.09.005,Soil
Douglas et al 2012,McFarlin,Comayagua,14.45,-87.65,563,-32,2,,29,-166.8,1,10.1016/j.gca.2012.09.005,Soil
Douglas et al 2012,McFarlin,Rio Jalan,14.45,-86.81,765,-33,2,,29,-157.9,2,10.1016/j.gca.2012.09.005,Soil
Douglas et al 2012,McFarlin,Rio Rosario,14.48,-86.98,891,-36,2,,29,-153.7,2,10.1016/j.gca.2012.09.005,Soil
Douglas et al 2012,McFarlin,Taulabe,14.71,-87.97,557,-32,2,,29,-152.7,2,10.1016/j.gca.2012.09.005,Soil
Douglas et al 2012,McFarlin,Copan,14.84,-89.15,613,-34,1,,29,-156.4,1,10.1016/j.gca.2012.09.005,Soil
Douglas et al 2012,McFarlin,Rio Blanco,14.89,-89.03,707,-36,1,,29,-160.5,1,10.1016/j.gca.2012.09.005,Soil
Douglas et al 2012,McFarlin,Pena Blanca,14.94,-88.03,655,-33,1,,29,-160,1,10.1016/j.gca.2012.09.005,Soil
Douglas et al 2012,McFarlin,La Entrada,15.1,-88.71,426,-31,2,,29,-147.9,2,10.1016/j.gca.2012.09.005,Soil
Douglas et al 2012,McFarlin,La Barca,15.12,-87.94,56,-24,4,,29,-155.3,1,10.1016/j.gca.2012.09.005,Soil
Douglas et al 2012,McFarlin,Izabal Rio Oscuro,15.38,-89.33,4,-25,4,,29,-154,1,10.1016/j.gca.2012.09.005,Soil
Douglas et al 2012,McFarlin,Naco,15.41,-88.14,97,-25,4,,29,-148.3,1,10.1016/j.gca.2012.09.005,Soil
Douglas et al 2012,McFarlin,Izabal Centro,15.52,-89.15,4,-24,4,,29,-165.2,,10.1016/j.gca.2012.09.005,Soil
Douglas et al 2012,McFarlin,El Golfete,15.72,-88.89,0,-24,4,,29,-151.1,1,10.1016/j.gca.2012.09.005,Soil
Douglas et al 2012,McFarlin,Puente Cienega,15.74,-89.07,75,-25,4,,29,-155,2,10.1016/j.gca.2012.09.005,Soil
Douglas et al 2012,McFarlin,Peten Itza,16.93,-89.89,109,-25,7,,29,-159.5,4,10.1016/j.gca.2012.09.005,Soil
Douglas et al 2012,McFarlin,Yaxha,17.07,-89.41,130,-25,7,,29,-142.9,3,10.1016/j.gca.2012.09.005,Soil
Douglas et al 2012,McFarlin,Cuerpo Uno [e],17.49,-90.39,115,-26,8,,29,-147.9,1,10.1016/j.gca.2012.09.005,Soil
Douglas et al 2012,McFarlin,La Corona [e],17.52,-90.37,151,-26,8,,29,-148,1,10.1016/j.gca.2012.09.005,Soil
Douglas et al 2012,McFarlin,Chichancanab,19.88,-88.77,10,-20,8,,29,-128.5,2,10.1016/j.gca.2012.09.005,Soil
Douglas et al 2012,McFarlin,Hobonil,20,-89.03,44,-21,8,,29,-126.5,1,10.1016/j.gca.2012.09.005,Soil
Douglas et al 2012,McFarlin,Cepeda Peraza,20.16,-89.24,50,-21,8,,29,-136.7,1,10.1016/j.gca.2012.09.005,Soil
Douglas et al 2012,McFarlin,Ticul,20.35,-89.5,10,-20,8,,29,-143,1,10.1016/j.gca.2012.09.005,Soil
Douglas et al 2012,McFarlin,Canana,20.49,-89.17,13,-18,5,,29,-137.7,1,10.1016/j.gca.2012.09.005,Soil
Douglas et al 2012,McFarlin,Yaalchak [e],20.6,-89.71,6,-20,7,,29,-142.9,1,10.1016/j.gca.2012.09.005,Soil
Douglas et al 2012,McFarlin,Xoche [e],20.66,-89.37,16,-18,5,,29,-153,1,10.1016/j.gca.2012.09.005,Soil
Douglas et al 2012,McFarlin,Dzitya,21.07,-89.69,5,-18,4,,29,-128.5,1,10.1016/j.gca.2012.09.005,Soil
"Feng et al., 2019",Ladd,JS13,26.4786,100.4194,1246,-73.08368901,,,29,-202,,10.1016/j.chemgeo.2019.05.005,Soil
"Feng et al., 2019",Ladd,JS2,26.487,100.323,2290,-79.00912049,,,29,-203,,10.1016/j.chemgeo.2019.05.005,Soil
"Feng et al., 2019",Ladd,JS7,26.489,100.353,1794,-76.81151062,,,29,-177,,10.1016/j.chemgeo.2019.05.005,Soil
"Feng et al., 2019",Ladd,JH1,26.54,99.958,2263,-82.67067436,,,29,-205,,10.1016/j.chemgeo.2019.05.005,Soil
"Feng et al., 2019",Ladd,JH6,26.54,99.992,2701,-86.00246992,,,29,-209,,10.1016/j.chemgeo.2019.05.005,Soil
"Feng et al., 2019",Ladd,JH3,26.555,99.968,2412,-83.49885263,,,29,-210,,10.1016/j.chemgeo.2019.05.005,Soil
"Feng et al., 2019",Ladd,LJ4,26.635,99.836,2615,-87.32545894,,,29,-214,,10.1016/j.chemgeo.2019.05.005,Soil
"Feng et al., 2019",Ladd,LJ14,26.637,99.752,3608,-94.63215983,,,29,-242,,10.1016/j.chemgeo.2019.05.005,Soil
"Feng et al., 2019",Ladd,LJ3,26.64,99.85,2509,-86.49041781,,,29,-214,,10.1016/j.chemgeo.2019.05.005,Soil
"Feng et al., 2019",Ladd,LJ11,26.658,99.783,3303,-89.65413298,,,29,-237,,10.1016/j.chemgeo.2019.05.005,Soil
"Feng et al., 2019",Ladd,LJ10,26.659,99.788,3224,-89.07249616,,,29,-242,,10.1016/j.chemgeo.2019.05.005,Soil
Freimuth et al. 2019,Manual extraction,"Adirondack lakes, NY, USA (12-lake mean)",44,-74.5,,,,,29,-188,6,10.1016/j.gca.2019.08.026,Sediment
Garcin et al. 2012,Manual extraction,"Ossa, Cameroon",3.7686,10.0049,17,-12.6,1,,29,-147,4,10.1016/j.gca.2011.11.039,Sediment
Garcin et al. 2012,Manual extraction,"Debundscha, Cameroon",4.1034,8.9805,70,-8.4,0,,29,-153,5,10.1016/j.gca.2011.11.039,Sediment
Garcin et al. 2012,Manual extraction,"Barombi Mbo, Cameroon",4.6544,9.4086,304,-15.8,3,,29,-164,1,10.1016/j.gca.2011.11.039,Sediment
Garcin et al. 2012,Manual extraction,"Baleng, Cameroon",5.5503,10.4211,1376,-19.8,9,,29,-150,1,10.1016/j.gca.2011.11.039,Sediment
Garcin et al. 2012,Manual extraction,"Assom, Cameroon",6.6245,12.9816,896,-14.9,8,,29,-154,3,10.1016/j.gca.2011.11.039,Sediment
Garcin et al. 2012,Manual extraction,"Tabere, Cameroon",7.1307,13.694,1161,-15.6,5,,29,-167,1,10.1016/j.gca.2011.11.039,Sediment
Garcin et al. 2012,Manual extraction,"Tizong, Cameroon",7.2533,13.5769,1155,-15.6,4,,29,-155,1,10.1016/j.gca.2011.11.039,Sediment
Garcin et al. 2012,Manual extraction,"Mamguiewa, Cameroon",8.3909,13.7089,322,-17.9,10,,29,-156,8,10.1016/j.gca.2011.11.039,Sediment
Garcin et al. 2012,Manual extraction,"Rhumsiki, Cameroon",10.5082,13.5838,1028,-26,5,,29,-167,3,10.1016/j.gca.2011.11.039,Sediment
Garcin et al. 2012,Manual extraction,"Mora, Cameroon",11.0547,14.1457,438,-27.6,3,,29,-170,3,10.1016/j.gca.2011.11.039,Sediment
"Garcin et al., 2012",Ladd,MANE,5.03,9.83,1911,-36.60037978,,,29,-184.83,,10.1016/j.gca.2011.11.039,Sediment
Gaviria-Lugo et al. 2023,Manual extraction,"Chile, humid zone (mean)",-38,-73,,,,,29,-185,,10.5194/bg-20-4433-2023,Sediment
Gaviria-Lugo et al. 2023,Manual extraction,"Chile, semiarid zone (mean)",-32,-71,,,,,29,-140,,10.5194/bg-20-4433-2023,Sediment
Gaviria-Lugo et al. 2023,Manual extraction,"Chile, hyperarid zone (mean)",-24,-70,,,,,29,-90,,10.5194/bg-20-4433-2023,Sediment
"Gaviria-Lugo et al., 2023",,Maullin B,-41.4787,-73.2756,,-50,1.5,,29,-185.2,0.7,10.5194/bg-20-4433-2023,Soil
"Gaviria-Lugo et al., 2023",,Rio Maullin,-41.474,-73.2726,,-53.8,1.4,,29,-168.4,9.1,10.5194/bg-20-4433-2023,Soil
"Gaviria-Lugo et al., 2023",,Maullin A,-41.474,-73.2726,,-50,1.5,,29,-173.9,7.9,10.5194/bg-20-4433-2023,Soil
"Gaviria-Lugo et al., 2023",,GeoB7194-1_1-2 cm,-41.4175,-74.4337,,,,,29,-164.1,4.5,10.5194/bg-20-4433-2023,Soil
"Gaviria-Lugo et al., 2023",,Rio Llico,-41.2269,-73.753,,-54.8,1.6,,29,-171.2,5,10.5194/bg-20-4433-2023,Soil
"Gaviria-Lugo et al., 2023",,Bueno,-40.3326,-73.4128,,-57.8,0.8,,29,-163.8,3.2,10.5194/bg-20-4433-2023,Soil
"Gaviria-Lugo et al., 2023",,Rio Bueno,-40.29,-73.5354,,-61.1,1,,29,-165.1,0.2,10.5194/bg-20-4433-2023,Soil
"Gaviria-Lugo et al., 2023",,GeoB7214-1_1-2 cm,-39.875,-74.1672,,,,,29,-155.9,1.6,10.5194/bg-20-4433-2023,Soil
"Gaviria-Lugo et al., 2023",,Rio CalleCalle,-39.7902,-73.1749,,-63.5,1,,29,-170,2.3,10.5194/bg-20-4433-2023,Soil
"Gaviria-Lugo et al., 2023",,CalleCalle,-39.7885,-72.9681,,-55,0.4,,29,-160.8,1.9,10.5194/bg-20-4433-2023,Soil
"Gaviria-Lugo et al., 2023",,GeoB7212-1_1-2 cm,-39.7,-74.38,,,,,29,-153.8,2.9,10.5194/bg-20-4433-2023,Soil
"Gaviria-Lugo et al., 2023",,Rio Cruces,-39.5493,-72.8419,,-57.3,0.5,,29,-160.4,6.1,10.5194/bg-20-4433-2023,Soil
"Gaviria-Lugo et al., 2023",,Rio Tolten,-39.0747,-73.1397,,-61.8,1.2,,29,-179.1,0.2,10.5194/bg-20-4433-2023,Soil
"Gaviria-Lugo et al., 2023",,GeoB7207-1_1-2 cm,-39.07,-74.37,,,,,29,-166.3,4.1,10.5194/bg-20-4433-2023,Soil
"Gaviria-Lugo et al., 2023",,GeoB7209-2_1-2 cm,-38.9913,-74.1642,,,,,29,-161.5,5.9,10.5194/bg-20-4433-2023,Soil
"Gaviria-Lugo et al., 2023",,Rio Imperial,-38.7287,-73.1267,,-54.5,0.9,,29,-163.4,1.4,10.5194/bg-20-4433-2023,Soil
"Gaviria-Lugo et al., 2023",,GeoB7198-1_1-2 cm,-38.17,-74.39,,,,,29,-150.6,2.6,10.5194/bg-20-4433-2023,Soil
"Gaviria-Lugo et al., 2023",,Estero Los Gringos,-37.8035,-72.9371,,-57.4,2.3,,29,-173.6,0.1,10.5194/bg-20-4433-2023,Soil
"Gaviria-Lugo et al., 2023",,BioBio B,-37.3473,-72.885,,-38.7,1.4,,29,-164.2,2.2,10.5194/bg-20-4433-2023,Soil
"Gaviria-Lugo et al., 2023",,Rio BioBio,-37.1131,-72.9647,,-54.9,1.7,,29,-158.1,1.8,10.5194/bg-20-4433-2023,Soil
"Gaviria-Lugo et al., 2023",,BioBio A,-37.1126,-72.9619,,-34.3,1.4,,29,-178.7,1.3,10.5194/bg-20-4433-2023,Soil
"Gaviria-Lugo et al., 2023",,GeoB7162-4_1-2 cm,-36.5427,-73.6672,,,,,29,-164.8,0.3,10.5194/bg-20-4433-2023,Soil
"Gaviria-Lugo et al., 2023",,GeoB7167-4_1-2 cm,-36.45,-73.91,,,,,29,-149.8,2.7,10.5194/bg-20-4433-2023,Soil
"Gaviria-Lugo et al., 2023",,Rio Itata,-36.3999,-72.7762,,-47.3,1.2,,29,-175.4,0.2,10.5194/bg-20-4433-2023,Soil
"Gaviria-Lugo et al., 2023",,GeoB7160-4_1-2 cm,-36.0385,-73.0735,,,,,29,-168,2.2,10.5194/bg-20-4433-2023,Soil
"Gaviria-Lugo et al., 2023",,Rio Chovellen,-35.9254,-72.623,,-42.7,0.9,,29,-158,3,10.5194/bg-20-4433-2023,Soil
"Gaviria-Lugo et al., 2023",,GeoB7157-1_1-2 cm,-35.78,-73.59,,,,,29,-164.2,3.3,10.5194/bg-20-4433-2023,Soil
"Gaviria-Lugo et al., 2023",,Rio Maule,-35.3882,-72.2978,,-51.5,1.8,,29,-155.2,0.7,10.5194/bg-20-4433-2023,Soil
"Gaviria-Lugo et al., 2023",,GeoB3355-4_1-2 cm,-35.2183,-73.1167,,,,,29,-162.8,1.1,10.5194/bg-20-4433-2023,Soil
"Gaviria-Lugo et al., 2023",,GeoB3352-2_1-2 cm,-35.2167,-73.3167,,,,,29,-166.3,0.5,10.5194/bg-20-4433-2023,Soil
"Gaviria-Lugo et al., 2023",,Rapel,-34.5693,-71.6361,,-44,0.8,,29,-170,0.1,10.5194/bg-20-4433-2023,Soil
"Gaviria-Lugo et al., 2023",,GeoB7152-1_1-2 cm,-33.8,-72.1102,,,,,29,-167.8,0.4,10.5194/bg-20-4433-2023,Soil
"Gaviria-Lugo et al., 2023",,Rio Maipo,-33.7738,-71.5272,,-63.3,2.8,,29,-167.2,6.8,10.5194/bg-20-4433-2023,Soil
"Gaviria-Lugo et al., 2023",,SanAntonio-Maipo,-33.7736,-71.5246,,-44.1,0.6,,29,-182.7,1.1,10.5194/bg-20-4433-2023,Soil
"Gaviria-Lugo et al., 2023",,GeoB3311-2_1-2 cm,-33.6067,-72.0467,,,,,29,-157.3,4.2,10.5194/bg-20-4433-2023,Soil
"Gaviria-Lugo et al., 2023",,Cajon del Maipo,-33.5814,-70.3586,,-69.7,2.6,,29,-164.7,0.6,10.5194/bg-20-4433-2023,Soil
"Gaviria-Lugo et al., 2023",,GeoB3303-1_1-2 cm,-33.2067,-72.2,,,,,29,-158,5,10.5194/bg-20-4433-2023,Soil
"Gaviria-Lugo et al., 2023",,Rio Aconcagua,-32.9196,-71.3959,,-65.4,3.2,,29,-168.6,4.5,10.5194/bg-20-4433-2023,Soil
"Gaviria-Lugo et al., 2023",,Quebrada La Campana,-32.9082,-71.0994,,-53.4,1.3,,29,-170,1.7,10.5194/bg-20-4433-2023,Soil
"Gaviria-Lugo et al., 2023",,GeoB3304-3_1-2 cm,-32.89,-72.1933,,,,,29,-153.8,2.9,10.5194/bg-20-4433-2023,Soil
"Gaviria-Lugo et al., 2023",,Rio Choapa,-31.5922,-71.5382,,-59.7,2.9,,29,-158.7,2.3,10.5194/bg-20-4433-2023,Soil
"Gaviria-Lugo et al., 2023",,GeoB7144-1_1-2 cm,-31.16,-71.97,,,,,29,-151.9,0.2,10.5194/bg-20-4433-2023,Soil
"Gaviria-Lugo et al., 2023",,Rio Limari,-30.6585,-71.5072,,-59.7,3.4,,29,-165.4,2.8,10.5194/bg-20-4433-2023,Soil
"Gaviria-Lugo et al., 2023",,GeoB7138-1_1-2 cm,-30.13,-71.87,,,,,29,-154.6,5.2,10.5194/bg-20-4433-2023,Soil
"Gaviria-Lugo et al., 2023",,Talca B,-30.0548,-71.0894,,-42.6,0.9,,29,-153.5,2.4,10.5194/bg-20-4433-2023,Soil
"Gaviria-Lugo et al., 2023",,Talca A,-30.0545,-71.094,,-42.6,0.9,,29,-160.9,0.1,10.5194/bg-20-4433-2023,Soil
"Gaviria-Lugo et al., 2023",,Rio Elqui,-29.9459,-71.1293,,-70.2,5.2,,29,-154.7,8,10.5194/bg-20-4433-2023,Soil
"Gaviria-Lugo et al., 2023",,GeoB7134-1_1-2 cm,-29.72,-71.77,,,,,29,-153.2,3.6,10.5194/bg-20-4433-2023,Soil
"Gaviria-Lugo et al., 2023",,GeoB7135-1_1-2 cm,-29.6667,-71.6758,,,,,29,-155.6,1.3,10.5194/bg-20-4433-2023,Soil
"Gaviria-Lugo et al., 2023",,Choros,-29.3332,-71.2311,,-40.2,1,,29,-103,1.7,10.5194/bg-20-4433-2023,Soil
"Gaviria-Lugo et al., 2023",,Quebrada Los Choros,-29.3302,-71.2364,,-54.7,2.8,,29,-151.6,6.5,10.5194/bg-20-4433-2023,Soil
"Gaviria-Lugo et al., 2023",,Rio Huasco,-28.4873,-71.1486,,-69.5,5.2,,29,-158.2,7,10.5194/bg-20-4433-2023,Soil
"Gaviria-Lugo et al., 2023",,GeoB7130-1_1-2 cm,-28.42,-71.613,,,,,29,-152.1,5.5,10.5194/bg-20-4433-2023,Soil
"Gaviria-Lugo et al., 2023",,GeoB7129-1_1-2 cm,-28.4168,-71.33,,,,,29,-155.8,10.8,10.5194/bg-20-4433-2023,Soil
"Gaviria-Lugo et al., 2023",,GeoB7127-1_1-2 cm,-28.3837,-71.4712,,,,,29,-151.6,1.4,10.5194/bg-20-4433-2023,Soil
"Gaviria-Lugo et al., 2023",,Quebrada Totoral,-27.8321,-71.0816,,-48.9,3.3,,29,-151.5,2,10.5194/bg-20-4433-2023,Soil
"Gaviria-Lugo et al., 2023",,GeoB3374-1_1-2 cm,-27.4733,-71.1717,,,,,29,-144.9,9,10.5194/bg-20-4433-2023,Soil
"Gaviria-Lugo et al., 2023",,GeoB3377-1_1-2 cm,-27.4667,-71.525,,,,,29,-146.2,13.4,10.5194/bg-20-4433-2023,Soil
"Gaviria-Lugo et al., 2023",,GeoB3376-2_1-2 cm,-27.4667,-71.3617,,,,,29,-144.7,14.6,10.5194/bg-20-4433-2023,Soil
"Gaviria-Lugo et al., 2023",,Rio Copiapo,-27.3281,-70.9136,,-62.6,5,,29,-148.9,5.1,10.5194/bg-20-4433-2023,Soil
"Gaviria-Lugo et al., 2023",,GeoB7123-2_1-2 cm,-27.29,-71.05,,,,,29,-150.9,5,10.5194/bg-20-4433-2023,Soil
"Gaviria-Lugo et al., 2023",,Quebrada Pto Flamenco,-26.5626,-70.6589,,-40.2,2.9,,29,-118.7,0.6,10.5194/bg-20-4433-2023,Soil
"Gaviria-Lugo et al., 2023",,Rio Salado,-26.3366,-70.5699,,-47.8,3.1,,29,-138.8,0.5,10.5194/bg-20-4433-2023,Soil
"Gaviria-Lugo et al., 2023",,Rio Pan de Azucar,-26.1487,-70.6527,,-50.8,3.2,,29,-126.2,2.2,10.5194/bg-20-4433-2023,Soil
"Gaviria-Lugo et al., 2023",,Quebrada Salitrosa,-26.1116,-70.5561,,-29.1,2.6,,29,-89.9,0.6,10.5194/bg-20-4433-2023,Soil
"Gaviria-Lugo et al., 2023",,GeoB7116-1_1-2 cm,-26.0002,-70.9998,,,,,29,-118.9,2.7,10.5194/bg-20-4433-2023,Soil
"Gaviria-Lugo et al., 2023",,GeoB7118-1_1-2 cm,-25.9997,-70.8092,,,,,29,-108.5,3.5,10.5194/bg-20-4433-2023,Soil
Gensel et al. 2022,,"Mkhuze Wetland, South Africa (MK32-1)",-27.9267,32.4894,,,,,29,-130,,10.5194/bg-19-2881-2022,Sediment
Gensel et al. 2022,,"Mkhuze Wetland, South Africa (MK31-1)",-27.9225,32.4869,,,,,29,-132.2,,10.5194/bg-19-2881-2022,Sediment
Gensel et al. 2022,,"Mkhuze Wetland, South Africa (MK26-1)",-27.8995,32.4834,,,,,29,-142.4,2.9,10.5194/bg-19-2881-2022,Sediment
Gensel et al. 2022,,"Mkhuze Wetland, South Africa (MK25-1)",-27.8948,32.4832,,,,,29,-134,,10.5194/bg-19-2881-2022,Sediment
Gensel et al. 2022,,"Mkhuze Wetland, South Africa (MK08-2)",-27.8896,32.483,,,,,29,-148.5,1,10.5194/bg-19-2881-2022,Sediment
Gensel et al. 2022,,"Mkhuze Wetland, South Africa (MK16-1)",-27.87,32.4845,,,,,29,-153.4,0.3,10.5194/bg-19-2881-2022,Sediment
Gensel et al. 2022,,"Mkhuze Wetland, South Africa (MK14-1)",-27.8567,32.4785,,,,,29,-157.9,0.3,10.5194/bg-19-2881-2022,Sediment
Gensel et al. 2022,,"Mkhuze Wetland, South Africa (MK23-1)",-27.8526,32.4749,,,,,29,-133.8,0.4,10.5194/bg-19-2881-2022,Sediment
Gensel et al. 2022,,"Mkhuze Wetland, South Africa (MK07-5_1)",-27.8412,32.4784,,,,,29,-157.1,,10.5194/bg-19-2881-2022,Sediment
Gensel et al. 2022,,"Mkhuze Wetland, South Africa (MK07-5_2)",-27.8412,32.4784,,,,,29,-164.8,0,10.5194/bg-19-2881-2022,Sediment
Gensel et al. 2022,,"Mkhuze Wetland, South Africa (MK21-1)",-27.746,32.5021,,,,,29,-138.5,0.2,10.5194/bg-19-2881-2022,Sediment
Gensel et al. 2022,,"Mkhuze Wetland, South Africa (MK22-1)",-27.746,32.5021,,,,,29,-150.9,0.1,10.5194/bg-19-2881-2022,Sediment
Gensel et al. 2022,,"Mkhuze Wetland, South Africa (MK20-1)",-27.7254,32.4868,,,,,29,-155,0.3,10.5194/bg-19-2881-2022,Sediment
Gensel et al. 2022,,"Mkhuze Wetland, South Africa (MK20-2)",-27.7254,32.4868,,,,,29,-146.5,0.2,10.5194/bg-19-2881-2022,Sediment
Gensel et al. 2022,,"Mkhuze Wetland, South Africa (MK10-1)",-27.6962,32.4746,,,,,29,-160.3,0.1,10.5194/bg-19-2881-2022,Sediment
Gensel et al. 2022,,"Mkhuze Wetland, South Africa (MK12-1)",-27.6961,32.4679,,,,,29,-149.5,0.8,10.5194/bg-19-2881-2022,Sediment
Gensel et al. 2022,,"Mkhuze Wetland, South Africa (MK03-1)",-27.6628,32.4199,,,,,29,-138.9,,10.5194/bg-19-2881-2022,Sediment
Gensel et al. 2022,,"Mkhuze Wetland, South Africa (MK03-2)",-27.6628,32.4199,,,,,29,-160.4,1,10.5194/bg-19-2881-2022,Sediment
Gensel et al. 2022,,"Mkhuze Wetland, South Africa (MK03-3)",-27.6628,32.4199,,,,,29,-145.7,,10.5194/bg-19-2881-2022,Sediment
Gensel et al. 2022,,"Mkhuze Wetland, South Africa (MK02-3)",-27.6548,32.4031,,,,,29,-143.9,0.1,10.5194/bg-19-2881-2022,Sediment
Gensel et al. 2022,,"Mkhuze Wetland, South Africa (MK01-10)",-27.5987,32.3021,,,,,29,-131.5,0.2,10.5194/bg-19-2881-2022,Sediment
Gensel et al. 2022,,"Mkhuze Wetland, South Africa (MK06-1)",-27.5918,32.2185,,,,,29,-147.4,0.3,10.5194/bg-19-2881-2022,Sediment
Gensel et al. 2022,,"Mkhuze Wetland, South Africa (MK05-1)",-27.5839,32.1471,,,,,29,-143.3,0.2,10.5194/bg-19-2881-2022,Sediment
Hren & Brandon 2026,Hren & Brandon 2026 Zenodo: 17209981,"Yunnan, drainage: Mekong",22.19287,100.527905,1400,-81.993,,,29,-209,2.475,10.1029/2025PA005167,Soil
Hren & Brandon 2026,Hren & Brandon 2026 Zenodo: 17209981,"Yunnan, drainage: Mekong",22.341296,101.270996,931,-28.308,,,29,-212,2.475,10.1029/2025PA005167,Soil
Hren & Brandon 2026,Hren & Brandon 2026 Zenodo: 17209981,"Yunnan, drainage: Mekong",22.71668,101.32093,956,-31.696,,,29,-188,2.475,10.1029/2025PA005167,Soil
Hren & Brandon 2026,Hren & Brandon 2026 Zenodo: 17209981,"Yunnan, drainage: Mekong",25.597,100.0586,1265,-57.647,,,29,-160,3.5,10.1029/2025PA005167,Soil
Hren & Brandon 2026,Hren & Brandon 2026 Zenodo: 17209981,"Yunnan, drainage: Mekong",25.937,99.3351,1745,-58.771,,,29,-172,3.5,10.1029/2025PA005167,Soil
Hren & Brandon 2026,Hren & Brandon 2026 Zenodo: 17209981,"Yunnan, drainage: Mekong",26.486,99.6988,2635,-63.725,,,29,-212,2.475,10.1029/2025PA005167,Soil
Hren & Brandon 2026,Hren & Brandon 2026 Zenodo: 17209981,"Yunnan, drainage: Mekong",26.524,99.7771,2357,-64.572,,,29,-166,2.475,10.1029/2025PA005167,Soil
Hren & Brandon 2026,Hren & Brandon 2026 Zenodo: 17209981,"Yunnan, drainage: Mekong",26.595,99.8465,2463,-63.978,,,29,-183,3.5,10.1029/2025PA005167,Soil
Hren & Brandon 2026,Hren & Brandon 2026 Zenodo: 17209981,"Yunnan, drainage: Mekong",26.667,99.932,2459,-90.325,,,29,-167,3.5,10.1029/2025PA005167,Soil
Hren & Brandon 2026,Hren & Brandon 2026 Zenodo: 17209981,"Yunnan, drainage: Yangtze",26.8637,100.0371,2500,-64.811,,,29,-188,3.5,10.1029/2025PA005167,Soil
Hren & Brandon 2026,Hren & Brandon 2026 Zenodo: 17209981,"Yunnan, drainage: Yangtze",26.882,100.0011,1881,-68.031,,,29,-195,2.475,10.1029/2025PA005167,Soil
Hren & Brandon 2026,Hren & Brandon 2026 Zenodo: 17209981,"Yunnan, drainage: Yangtze",27.073,99.5562,2549,-85.94,,,29,-190,2.475,10.1029/2025PA005167,Soil
Hren & Brandon 2026,Hren & Brandon 2026 Zenodo: 17209981,"Yunnan, drainage: Yangtze",27.1409,100.6678,3075,-60.819,,,29,-215,3.5,10.1029/2025PA005167,Soil
Hren & Brandon 2026,Hren & Brandon 2026 Zenodo: 17209981,"Yunnan, drainage: Yangtze",27.223472,100.025806,1970,-73.388,,,29,-203,2.475,10.1029/2025PA005167,Soil
Hren & Brandon 2026,Hren & Brandon 2026 Zenodo: 17209981,"Yunnan, drainage: Yangtze",27.399,100.8425,2538,-65.785,,,29,-169,2.475,10.1029/2025PA005167,Soil
Hren & Brandon 2026,Hren & Brandon 2026 Zenodo: 17209981,"Yunnan, drainage: Yangtze",27.4581,101.2959,2754,-65.567,,,29,-181,3.5,10.1029/2025PA005167,Soil
Hren & Brandon 2026,Hren & Brandon 2026 Zenodo: 17209981,"Yunnan, drainage: Yangtze",27.4987,101.334,2233,-67.781,,,29,-194,2.475,10.1029/2025PA005167,Soil
Hren & Brandon 2026,Hren & Brandon 2026 Zenodo: 17209981,"Himalaya, drainage: Brahmaputra",27.6314,85.9625,1660,-53.157,,,29,-161,2.475,10.1029/2025PA005167,Soil
Hren & Brandon 2026,Hren & Brandon 2026 Zenodo: 17209981,"Yunnan, drainage: Yangtze",27.6323,100.8164,3340,-66.051,,,29,-191,2.475,10.1029/2025PA005167,Soil
Hren & Brandon 2026,Hren & Brandon 2026 Zenodo: 17209981,"Himalaya, drainage: Brahmaputra",27.6397,84.1091,160,-42.018,,,29,-157,2.021,10.1029/2025PA005167,Soil
Hren & Brandon 2026,Hren & Brandon 2026 Zenodo: 17209981,"Yunnan, drainage: Yangtze",27.64441333,100.9693,2362,-68.434,,,29,-185,2.021,10.1029/2025PA005167,Soil
Hren & Brandon 2026,Hren & Brandon 2026 Zenodo: 17209981,"Yunnan, drainage: Yangtze",27.7433,100.7687,2764,-70.684,,,29,-205,2.021,10.1029/2025PA005167,Soil
Hren & Brandon 2026,Hren & Brandon 2026 Zenodo: 17209981,"Himalaya, drainage: Brahmaputra",27.8,85,416,-53.502,,,29,-151,2.021,10.1029/2025PA005167,Soil
Hren & Brandon 2026,Hren & Brandon 2026 Zenodo: 17209981,"Himalaya, drainage: Brahmaputra",27.9656,85.9669,1960,-78.225,,,29,-190,2.475,10.1029/2025PA005167,Soil
Hren & Brandon 2026,Hren & Brandon 2026 Zenodo: 17209981,"Himalaya, drainage: Brahmaputra",27.9658,85.9792,1690,-76.582,,,29,-162,2.475,10.1029/2025PA005167,Soil
Hren & Brandon 2026,Hren & Brandon 2026 Zenodo: 17209981,"Himalaya, drainage: Brahmaputra",27.9664,85.9653,1770,-78.468,,,29,-174,2.475,10.1029/2025PA005167,Soil
Hren & Brandon 2026,Hren & Brandon 2026 Zenodo: 17209981,"Himalaya, drainage: Brahmaputra",27.9744,85.9717,1850,-78.878,,,29,-166,2.475,10.1029/2025PA005167,Soil
Hren & Brandon 2026,Hren & Brandon 2026 Zenodo: 17209981,"Himalaya, drainage: Brahmaputra",27.9767,85.9764,2060,-78.765,,,29,-156,2.475,10.1029/2025PA005167,Soil
Hren & Brandon 2026,Hren & Brandon 2026 Zenodo: 17209981,"Himalaya, drainage: Brahmaputra",27.9831,85.9686,2210,-79.522,,,29,-183,2.475,10.1029/2025PA005167,Soil
Hren & Brandon 2026,Hren & Brandon 2026 Zenodo: 17209981,"Himalaya, drainage: Brahmaputra",27.9942,85.9819,2330,-80.206,,,29,-205,2.475,10.1029/2025PA005167,Soil
Hren & Brandon 2026,Hren & Brandon 2026 Zenodo: 17209981,"Himalaya, drainage: Brahmaputra",28.0042,85.9775,2570,-80.386,,,29,-190,2.475,10.1029/2025PA005167,Soil
Hren & Brandon 2026,Hren & Brandon 2026 Zenodo: 17209981,"Himalaya, drainage: Brahmaputra",28.0294,85.9853,2800,-81.789,,,29,-193,2.475,10.1029/2025PA005167,Soil
Hren & Brandon 2026,Hren & Brandon 2026 Zenodo: 17209981,"Himalaya, drainage: Brahmaputra",28.0378,85.9892,3090,-82.276,,,29,-214,2.475,10.1029/2025PA005167,Soil
Hren & Brandon 2026,Hren & Brandon 2026 Zenodo: 17209981,"Himalaya, drainage: Brahmaputra",28.0403,85.9881,2920,-82.432,,,29,-211,2.475,10.1029/2025PA005167,Soil
Hren & Brandon 2026,Hren & Brandon 2026 Zenodo: 17209981,"Himalaya, drainage: Brahmaputra",28.0653,86.0025,3280,-82.781,,,29,-219,2.475,10.1029/2025PA005167,Soil
Hren & Brandon 2026,Hren & Brandon 2026 Zenodo: 17209981,"Himalaya, drainage: Brahmaputra",28.0881,86.0008,3360,-85.738,,,29,-216,2.475,10.1029/2025PA005167,Soil
Hren & Brandon 2026,Hren & Brandon 2026 Zenodo: 17209981,"Himalaya, drainage: Brahmaputra",28.1194,85.9923,3485,-87.951,,,29,-183,2.021,10.1029/2025PA005167,Soil
Hren & Brandon 2026,Hren & Brandon 2026 Zenodo: 17209981,"Himalaya, drainage: Brahmaputra",28.1256,85.9889,3607,-88.92,,,29,-210,2.475,10.1029/2025PA005167,Soil
Hren & Brandon 2026,Hren & Brandon 2026 Zenodo: 17209981,"Himalaya, drainage: Brahmaputra",28.1431,85.9831,3795,-89.777,,,29,-210,2.475,10.1029/2025PA005167,Soil
Hren & Brandon 2026,Hren & Brandon 2026 Zenodo: 17209981,"Himalaya, drainage: Brahmaputra",28.1778,85.9847,3820,-91.725,,,29,-199,2.475,10.1029/2025PA005167,Soil
Hren & Brandon 2026,Hren & Brandon 2026 Zenodo: 17209981,"Himalaya, drainage: Brahmaputra",28.22,86.0011,3920,-96.641,,,29,-197,2.475,10.1029/2025PA005167,Soil
Hren & Brandon 2026,Hren & Brandon 2026 Zenodo: 17209981,"Yunnan, drainage: Yangtze",28.239528,99.278222,2247,-96.701,,,29,-220,2.475,10.1029/2025PA005167,Soil
Hren & Brandon 2026,Hren & Brandon 2026 Zenodo: 17209981,"Himalaya, drainage: Brahmaputra",28.2639,83.7339,850,-69.135,,,29,-177,2.021,10.1029/2025PA005167,Soil
Hren & Brandon 2026,Hren & Brandon 2026 Zenodo: 17209981,"Himalaya, drainage: Brahmaputra",28.3028,86.0367,4150,-103.536,,,29,-226,2.475,10.1029/2025PA005167,Soil
Hren & Brandon 2026,Hren & Brandon 2026 Zenodo: 17209981,"Himalaya, drainage: Brahmaputra",28.3675,86.0983,4340,-107.145,,,29,-217,2.475,10.1029/2025PA005167,Soil
Hren & Brandon 2026,Hren & Brandon 2026 Zenodo: 17209981,"Yunnan, drainage: Mekong",28.416856,98.963267,3750,-99.233,,,29,-240,2.475,10.1029/2025PA005167,Soil
Hren & Brandon 2026,Hren & Brandon 2026 Zenodo: 17209981,"Himalaya, drainage: Brahmaputra",28.4386,86.1561,4497,-110.476,,,29,-228,2.475,10.1029/2025PA005167,Soil
Hren & Brandon 2026,Hren & Brandon 2026 Zenodo: 17209981,"Himalaya, drainage: Brahmaputra",28.442784,98.427243,3516,-100.563,,,29,-243,2.475,10.1029/2025PA005167,Soil
Hren & Brandon 2026,Hren & Brandon 2026 Zenodo: 17209981,"Yunnan, drainage: Mekong",28.455253,98.869416,3300,-101.193,,,29,-230,2.475,10.1029/2025PA005167,Soil
Hren & Brandon 2026,Hren & Brandon 2026 Zenodo: 17209981,"Himalaya, drainage: Brahmaputra",28.4677,97.0338,1514,-107.258,,,29,-179,2.475,10.1029/2025PA005167,Soil
Hren & Brandon 2026,Hren & Brandon 2026 Zenodo: 17209981,"Himalaya, drainage: Brahmaputra",28.4756,86.1639,4658,-112.504,,,29,-216,2.475,10.1029/2025PA005167,Soil
Hren & Brandon 2026,Hren & Brandon 2026 Zenodo: 17209981,"Himalaya, drainage: Brahmaputra",28.485,86.1572,4758,-112.066,,,29,-224,2.475,10.1029/2025PA005167,Soil
Hren & Brandon 2026,Hren & Brandon 2026 Zenodo: 17209981,"Himalaya, drainage: Brahmaputra",28.4889,86.1481,4852,-112.712,,,29,-239,2.475,10.1029/2025PA005167,Soil
Hren & Brandon 2026,Hren & Brandon 2026 Zenodo: 17209981,"Himalaya, drainage: Brahmaputra",28.5114,97.0788,1468,-107.562,,,29,-186,2.475,10.1029/2025PA005167,Soil
Hren & Brandon 2026,Hren & Brandon 2026 Zenodo: 17209981,"Himalaya, drainage: Brahmaputra",28.5164,86.1672,5145,-114.989,,,29,-218,2.475,10.1029/2025PA005167,Soil
Hren & Brandon 2026,Hren & Brandon 2026 Zenodo: 17209981,"Himalaya, drainage: Brahmaputra",28.5725,97.0924,1628,-109.72,,,29,-171,2.475,10.1029/2025PA005167,Soil
Hren & Brandon 2026,Hren & Brandon 2026 Zenodo: 17209981,"Himalaya, drainage: Brahmaputra",28.6009,97.208,1832,-109.673,,,29,-181,2.475,10.1029/2025PA005167,Soil
Hren & Brandon 2026,Hren & Brandon 2026 Zenodo: 17209981,"Himalaya, drainage: Brahmaputra",28.6202,97.345,2200,-108.783,,,29,-180,2.475,10.1029/2025PA005167,Soil
Hren & Brandon 2026,Hren & Brandon 2026 Zenodo: 17209981,"Himalaya, drainage: Brahmaputra",28.7722,87.2478,4545,-121.811,,,29,-240,2.475,10.1029/2025PA005167,Soil
Hren & Brandon 2026,Hren & Brandon 2026 Zenodo: 17209981,"Himalaya, drainage: Brahmaputra",28.8375,97.4897,2614,-115.503,,,29,-195,2.475,10.1029/2025PA005167,Soil
Hren & Brandon 2026,Hren & Brandon 2026 Zenodo: 17209981,drainage: Brahmaputra,28.89,90.23,4855,-106.037,,,29,-199,2.475,10.1029/2025PA005167,Soil
Hren & Brandon 2026,Hren & Brandon 2026 Zenodo: 17209981,"Himalaya, drainage: Brahmaputra",28.8933,90.1672,5046,-110.043,,,29,-249,2.475,10.1029/2025PA005167,Soil
Hren & Brandon 2026,Hren & Brandon 2026 Zenodo: 17209981,"Himalaya, drainage: Brahmaputra",28.9441,97.4256,2758,-120.394,,,29,-197,2.475,10.1029/2025PA005167,Soil
Hren & Brandon 2026,Hren & Brandon 2026 Zenodo: 17209981,"Himalaya, drainage: Brahmaputra",28.9908,97.402,2891,-122.506,,,29,-203,2.475,10.1029/2025PA005167,Soil
Hren & Brandon 2026,Hren & Brandon 2026 Zenodo: 17209981,drainage: Brahmaputra,29.0322,90.4704,4445,-113.556,0,,29,-187,2.475,10.1029/2025PA005167,Sediment
Hren & Brandon 2026,Hren & Brandon 2026 Zenodo: 17209981,"Himalaya, drainage: Brahmaputra",29.0378,97.3622,2931,-122.978,,,29,-179,2.475,10.1029/2025PA005167,Soil
Hren & Brandon 2026,Hren & Brandon 2026 Zenodo: 17209981,"Himalaya, drainage: Brahmaputra",29.0952,97.2759,3190,-123.144,,,29,-214,2.475,10.1029/2025PA005167,Soil
Hren & Brandon 2026,Hren & Brandon 2026 Zenodo: 17209981,"Himalaya, drainage: Brahmaputra",29.1517,88.595,4040,-115.568,,,29,-211,2.475,10.1029/2025PA005167,Soil
Hren & Brandon 2026,Hren & Brandon 2026 Zenodo: 17209981,"Himalaya, drainage: Brahmaputra",29.1711,97.201,3433,-123.007,,,29,-209,2.475,10.1029/2025PA005167,Soil
Hren & Brandon 2026,Hren & Brandon 2026 Zenodo: 17209981,"Himalaya, drainage: Brahmaputra",29.2078,90.6178,4780,-113.134,,,29,-264,2.475,10.1029/2025PA005167,Soil
Hren & Brandon 2026,Hren & Brandon 2026 Zenodo: 17209981,"Himalaya, drainage: Brahmaputra",29.2289,90.6372,4006,-114.624,,,29,-221,2.475,10.1029/2025PA005167,Soil
Hren & Brandon 2026,Hren & Brandon 2026 Zenodo: 17209981,"Himalaya, drainage: Brahmaputra",29.2667,90.6231,3609,-117.405,,,29,-207,2.475,10.1029/2025PA005167,Soil
Hren & Brandon 2026,Hren & Brandon 2026 Zenodo: 17209981,"Himalaya, drainage: Brahmaputra",29.3143,96.9948,4616,-118.313,,,29,-241,2.475,10.1029/2025PA005167,Soil
Hren & Brandon 2026,Hren & Brandon 2026 Zenodo: 17209981,"Himalaya, drainage: Brahmaputra",29.3176,97.0302,4803,-119.126,,,29,-253,2.475,10.1029/2025PA005167,Soil
Hren & Brandon 2026,Hren & Brandon 2026 Zenodo: 17209981,"Himalaya, drainage: Brahmaputra",29.3198,97.1707,3732,-123.722,,,29,-190,2.475,10.1029/2025PA005167,Soil
Hren & Brandon 2026,Hren & Brandon 2026 Zenodo: 17209981,"Himalaya, drainage: Brahmaputra",29.3255,97.0399,4700,-118.503,,,29,-262,2.475,10.1029/2025PA005167,Soil
Hren & Brandon 2026,Hren & Brandon 2026 Zenodo: 17209981,"Himalaya, drainage: Brahmaputra",29.3279,97.1352,3911,-122.846,,,29,-194,2.475,10.1029/2025PA005167,Soil
Hren & Brandon 2026,Hren & Brandon 2026 Zenodo: 17209981,"Himalaya, drainage: Brahmaputra",29.3296,97.055,4488,-119.989,,,29,-228,2.475,10.1029/2025PA005167,Soil
Hren & Brandon 2026,Hren & Brandon 2026 Zenodo: 17209981,"Himalaya, drainage: Brahmaputra",29.3296,97.055,4488,-119.989,,,29,-223,2.475,10.1029/2025PA005167,Soil
Hren & Brandon 2026,Hren & Brandon 2026 Zenodo: 17209981,"Himalaya, drainage: Brahmaputra",29.3326,97.0727,4200,-121.001,,,29,-238,2.475,10.1029/2025PA005167,Soil
Hren & Brandon 2026,Hren & Brandon 2026 Zenodo: 17209981,"Himalaya, drainage: Brahmaputra",29.3415,96.9256,4590,-116.769,,,29,-215,2.475,10.1029/2025PA005167,Soil
Hren & Brandon 2026,Hren & Brandon 2026 Zenodo: 17209981,"Yunnan, drainage: Yangtze",29.37175,98.678028,3589,-107.728,,,29,-220,2.475,10.1029/2025PA005167,Soil
Hren & Brandon 2026,Hren & Brandon 2026 Zenodo: 17209981,"Himalaya, drainage: Brahmaputra",29.3902,96.8516,4196,-119.651,,,29,-241,2.475,10.1029/2025PA005167,Soil
Hren & Brandon 2026,Hren & Brandon 2026 Zenodo: 17209981,"Himalaya, drainage: Brahmaputra",29.4797,96.6523,3922,-113.734,,,29,-204,2.475,10.1029/2025PA005167,Soil
Hren & Brandon 2026,Hren & Brandon 2026 Zenodo: 17209981,"Himalaya, drainage: Brahmaputra",29.5005,96.7307,3921,-116.763,,,29,-215,2.475,10.1029/2025PA005167,Soil
Hren & Brandon 2026,Hren & Brandon 2026 Zenodo: 17209981,"Himalaya, drainage: Brahmaputra",29.5343,96.523,3682,-106.223,,,29,-197,2.475,10.1029/2025PA005167,Soil
Hren & Brandon 2026,Hren & Brandon 2026 Zenodo: 17209981,"Himalaya, drainage: Brahmaputra",29.5363,96.5,3596,-109.352,,,29,-200,2.475,10.1029/2025PA005167,Soil
Hren & Brandon 2026,Hren & Brandon 2026 Zenodo: 17209981,"Himalaya, drainage: Brahmaputra",29.6035,96.3903,3395,-107.959,,,29,-200,2.475,10.1029/2025PA005167,Soil
Hren & Brandon 2026,Hren & Brandon 2026 Zenodo: 17209981,"Himalaya, drainage: Brahmaputra",29.6275,96.2753,3231,-110.517,,,29,-181,2.475,10.1029/2025PA005167,Soil
Hren & Brandon 2026,Hren & Brandon 2026 Zenodo: 17209981,drainage: Brahmaputra,29.654,96.716,4431,-114.634,7,,29,-193,2.475,10.1029/2025PA005167,Sediment
Hren & Brandon 2026,Hren & Brandon 2026 Zenodo: 17209981,"Himalaya, drainage: Brahmaputra",29.6967,92.2256,4348,-122.308,,,29,-228,2.475,10.1029/2025PA005167,Soil
Hren & Brandon 2026,Hren & Brandon 2026 Zenodo: 17209981,"Himalaya, drainage: Brahmaputra",29.7224,96.1323,3075,-110.051,,,29,-204,2.475,10.1029/2025PA005167,Soil
Hren & Brandon 2026,Hren & Brandon 2026 Zenodo: 17209981,"Himalaya, drainage: Brahmaputra",29.7368,94.2869,3052,-100.836,,,29,-212,2.475,10.1029/2025PA005167,Soil
Hren & Brandon 2026,Hren & Brandon 2026 Zenodo: 17209981,"Himalaya, drainage: Brahmaputra",29.7488,91.9488,3995,-126.169,,,29,-230,2.475,10.1029/2025PA005167,Soil
Hren & Brandon 2026,Hren & Brandon 2026 Zenodo: 17209981,"Himalaya, drainage: Brahmaputra",29.774,92.3269,4713,-122.507,,,29,-233,2.475,10.1029/2025PA005167,Soil
Hren & Brandon 2026,Hren & Brandon 2026 Zenodo: 17209981,"Himalaya, drainage: Brahmaputra",29.804,95.8247,2816,-103.884,,,29,-198,2.475,10.1029/2025PA005167,Soil
Hren & Brandon 2026,Hren & Brandon 2026 Zenodo: 17209981,"Himalaya, drainage: Brahmaputra",29.82,93.764,3190,-116.107,,,29,-207,2.475,10.1029/2025PA005167,Soil
Hren & Brandon 2026,Hren & Brandon 2026 Zenodo: 17209981,"Himalaya, drainage: Brahmaputra",29.8305,92.3437,4968,-125.693,,,29,-233,2.475,10.1029/2025PA005167,Soil
Hren & Brandon 2026,Hren & Brandon 2026 Zenodo: 17209981,"Himalaya, drainage: Brahmaputra",29.8379,92.3237,4802,-125.853,,,29,-244,2.475,10.1029/2025PA005167,Soil
Hren & Brandon 2026,Hren & Brandon 2026 Zenodo: 17209981,"Himalaya, drainage: Brahmaputra",29.8501,93.6851,3211,-116.271,,,29,-217,2.475,10.1029/2025PA005167,Soil
Hren & Brandon 2026,Hren & Brandon 2026 Zenodo: 17209981,"Himalaya, drainage: Brahmaputra",29.871,92.6397,4028,-125.156,,,29,-224,2.475,10.1029/2025PA005167,Soil
Hren & Brandon 2026,Hren & Brandon 2026 Zenodo: 17209981,"Himalaya, drainage: Brahmaputra",29.8734,92.5322,,-125.112,,,29,-220,2.475,10.1029/2025PA005167,Soil
Hren & Brandon 2026,Hren & Brandon 2026 Zenodo: 17209981,"Himalaya, drainage: Brahmaputra",29.8734,92.5322,4186,-125.112,,,29,-223,2.475,10.1029/2025PA005167,Soil
Hren & Brandon 2026,Hren & Brandon 2026 Zenodo: 17209981,"Himalaya, drainage: Brahmaputra",29.879528,97.652389,3818,-116.23,,,29,-246,2.475,10.1029/2025PA005167,Soil
Hren & Brandon 2026,Hren & Brandon 2026 Zenodo: 17209981,"Himalaya, drainage: Brahmaputra",29.8949,93.362,3371,-119.204,,,29,-206,2.475,10.1029/2025PA005167,Soil
Hren & Brandon 2026,Hren & Brandon 2026 Zenodo: 17209981,"Himalaya, drainage: Brahmaputra",29.9022,93.188,3439,-123.019,,,29,-196,2.475,10.1029/2025PA005167,Soil
Hren & Brandon 2026,Hren & Brandon 2026 Zenodo: 17209981,"Himalaya, drainage: Brahmaputra",29.9044,92.7501,3883,-125.877,,,29,-222,2.475,10.1029/2025PA005167,Soil
Hren & Brandon 2026,Hren & Brandon 2026 Zenodo: 17209981,"Himalaya, drainage: Brahmaputra",29.9128,92.364,4437,-127.137,,,29,-231,2.475,10.1029/2025PA005167,Soil
Hren & Brandon 2026,Hren & Brandon 2026 Zenodo: 17209981,"Himalaya, drainage: Brahmaputra",30.033,92.9286,3644,-128.422,,,29,-223,2.475,10.1029/2025PA005167,Soil
Hren & Brandon 2026,Hren & Brandon 2026 Zenodo: 17209981,"Himalaya, drainage: Brahmaputra",30.1066,90.5447,4236,-130.345,,,29,-211,2.021,10.1029/2025PA005167,Soil
Hren & Brandon 2026,Hren & Brandon 2026 Zenodo: 17209981,"Himalaya, drainage: Brahmaputra",30.6047,91.5218,4595,-131.788,,,29,-241,2.021,10.1029/2025PA005167,Soil
Hren & Brandon 2026,Hren & Brandon 2026 Zenodo: 17209981,drainage: Brahmaputra,30.645,90.6372,4718,-96.033,,,29,-246,2.475,10.1029/2025PA005167,Sediment
Hren & Brandon 2026,Hren & Brandon 2026 Zenodo: 17209981,"Yunnan, drainage: Mekong",30.682583,97.435833,3060,-116.616,,,29,-219,2.475,10.1029/2025PA005167,Soil
Hren & Brandon 2026,Hren & Brandon 2026 Zenodo: 17209981,"Himalaya, drainage: Brahmaputra",30.9643,91.6556,4731,-98.507,,,29,-214,2.021,10.1029/2025PA005167,Soil
Hren & Brandon 2026,Hren & Brandon 2026 Zenodo: 17209981,"Himalaya, drainage: Brahmaputra",31.3265,91.8806,4518,-99.618,,,29,-209,2.021,10.1029/2025PA005167,Soil
Hren & Brandon 2026,Hren & Brandon 2026 Zenodo: 17209981,"Yunnan, drainage: Yangtze",31.330972,98.034944,4147,-125.575,,,29,-240,2.475,10.1029/2025PA005167,Soil
Hren & Brandon 2026,Hren & Brandon 2026 Zenodo: 17209981,"Yunnan, drainage: Mekong",31.448472,96.408472,3969,-113.783,,,29,-239,2.475,10.1029/2025PA005167,Soil
Hren & Brandon 2026,Hren & Brandon 2026 Zenodo: 17209981,"Himalaya, drainage: Brahmaputra",31.753,91.7813,4690,-97.37,,,29,-204,2.021,10.1029/2025PA005167,Soil
Hren & Brandon 2026,Hren & Brandon 2026 Zenodo: 17209981,"Yunnan, drainage: Mekong",31.806583,97.741056,3978,-126.265,,,29,-202,2.475,10.1029/2025PA005167,Soil
Hren & Brandon 2026,Hren & Brandon 2026 Zenodo: 17209981,drainage: Brahmaputra,32.098,89.528,4724,-89.571,5,,29,-194,2.475,10.1029/2025PA005167,Sediment
Hren & Brandon 2026,Hren & Brandon 2026 Zenodo: 17209981,"Yunnan, drainage: Mekong",32.337194,95.956167,4226,-114.174,,,29,-240,2.475,10.1029/2025PA005167,Soil
Hren & Brandon 2026,Hren & Brandon 2026 Zenodo: 17209981,"Yunnan, drainage: Mekong",32.419278,95.42675,3970,-118.989,,,29,-234,2.475,10.1029/2025PA005167,Soil
Hren & Brandon 2026,Hren & Brandon 2026 Zenodo: 17209981,"Yunnan, drainage: Mekong",32.732306,95.139417,4154,-104.022,,,29,-234,2.475,10.1029/2025PA005167,Soil
Hren & Brandon 2026,Hren & Brandon 2026 Zenodo: 17209981,"Central Tibet, drainage: Yangtze",32.8828,91.9178,5201,-118.5,,,29,-203,2.021,10.1029/2025PA005167,Soil
Hren & Brandon 2026,Hren & Brandon 2026 Zenodo: 17209981,"Central Tibet, drainage: Yangtze",32.9209,91.9726,5155,-117.889,,,29,-194,2.021,10.1029/2025PA005167,Soil
Hren & Brandon 2026,Hren & Brandon 2026 Zenodo: 17209981,"Himalaya, drainage: Brahmaputra",33.01291666666667,91.67001666666668,5085,-123.645,,,29,-216,2.475,10.1029/2025PA005167,Soil
Hren & Brandon 2026,Hren & Brandon 2026 Zenodo: 17209981,"Central Tibet, drainage: Yangtze",33.014833333333335,91.99106666666668,5123,-113.917,,,29,-203,2.475,10.1029/2025PA005167,Soil
Hren & Brandon 2026,Hren & Brandon 2026 Zenodo: 17209981,"Central Tibet, drainage: Yangtze",33.02251666666667,91.9948,5117,-113.11,,,29,-196,2.475,10.1029/2025PA005167,Soil
Hren & Brandon 2026,Hren & Brandon 2026 Zenodo: 17209981,"Central Tibet, drainage: Yangtze",33.03115,92.00521666666668,5143,-111.743,,,29,-224,2.475,10.1029/2025PA005167,Soil
Hren & Brandon 2026,Hren & Brandon 2026 Zenodo: 17209981,"Central Tibet, drainage: Yangtze",33.040683333333334,92.03295,5233,-108.491,,,29,-209,2.475,10.1029/2025PA005167,Soil
Hren & Brandon 2026,Hren & Brandon 2026 Zenodo: 17209981,"Central Tibet, drainage: Yangtze",33.0892,91.79065,4951,-113.874,,,29,-189,2.475,10.1029/2025PA005167,Soil
Hren & Brandon 2026,Hren & Brandon 2026 Zenodo: 17209981,"Yunnan, drainage: Mekong",33.119111,95.194417,4145,-117.401,,,29,-208,2.475,10.1029/2025PA005167,Soil
Hren & Brandon 2026,Hren & Brandon 2026 Zenodo: 17209981,"Central Tibet, drainage: Yangtze",33.1538,91.8597,4869,-106.371,,,29,-182,2.021,10.1029/2025PA005167,Soil
Hren & Brandon 2026,Hren & Brandon 2026 Zenodo: 17209981,"Central Tibet, drainage: Yangtze",33.323166666666665,91.896,4810,-94.275,,,29,-199,2.475,10.1029/2025PA005167,Soil
Hren & Brandon 2026,Hren & Brandon 2026 Zenodo: 17209981,"Central Tibet, drainage: Yangtze",33.602,92.0748,4712,-92.368,,,29,-175,2.021,10.1029/2025PA005167,Soil
Hren & Brandon 2026,Hren & Brandon 2026 Zenodo: 17209981,"Central Tibet, drainage: Yangtze",33.78596666666667,92.27781666666668,4624,-91.572,,,29,-200,2.475,10.1029/2025PA005167,Soil
Hren & Brandon 2026,Hren & Brandon 2026 Zenodo: 17209981,drainage: Yangtze,33.99,97.455,4581,-104.651,4,,29,-205,2.475,10.1029/2025PA005167,Sediment
Hren & Brandon 2026,Hren & Brandon 2026 Zenodo: 17209981,drainage: Yangtze,34.03,97.545,4617,-101.551,5,,29,-189,2.475,10.1029/2025PA005167,Sediment
Hren & Brandon 2026,Hren & Brandon 2026 Zenodo: 17209981,"Central Tibet, drainage: Yangtze",34.08755,92.33503333333331,4759,-88.091,,,29,-199,2.475,10.1029/2025PA005167,Soil
Hren & Brandon 2026,Hren & Brandon 2026 Zenodo: 17209981,"Central Tibet, drainage: Yangtze",34.1031,92.3582,4726,-87.752,,,29,-194,2.021,10.1029/2025PA005167,Soil
Hren & Brandon 2026,Hren & Brandon 2026 Zenodo: 17209981,"Central Tibet, drainage: Yangtze",34.29311666666667,92.50926666666666,4582,-92.735,,,29,-183,2.475,10.1029/2025PA005167,Soil
Hren & Brandon 2026,Hren & Brandon 2026 Zenodo: 17209981,"Central Tibet, drainage: Yangtze",34.776783333333334,92.90396666666666,4684,-80.819,,,29,-178,2.475,10.1029/2025PA005167,Soil
Hren & Brandon 2026,Hren & Brandon 2026 Zenodo: 17209981,"Central Tibet, drainage: Yangtze",35.15221666666667,93.0402,4698,-75.961,,,29,-183,2.475,10.1029/2025PA005167,Soil
Hren & Brandon 2026,Hren & Brandon 2026 Zenodo: 17209981,"Central Tibet, drainage: Yangtze",35.1699,93.0354,4677,-76.023,,,29,-167,2.021,10.1029/2025PA005167,Soil
Hren & Brandon 2026,Hren & Brandon 2026 Zenodo: 17209981,"Central Tibet, drainage: Yangtze",35.2536,94.3293,4080,-74.767,,,29,-146,2.021,10.1029/2025PA005167,Soil
Hren & Brandon 2026,Hren & Brandon 2026 Zenodo: 17209981,"Central Tibet, drainage: Yangtze",35.291066666666666,93.27016666666668,4568,-74.939,,,29,-199,2.475,10.1029/2025PA005167,Soil
Hren & Brandon 2026,Hren & Brandon 2026 Zenodo: 17209981,"Central Tibet, drainage: Yangtze",35.4681,93.6043,4498,-72.567,,,29,-174,2.021,10.1029/2025PA005167,Soil
Hren & Brandon 2026,Hren & Brandon 2026 Zenodo: 17209981,"Central Tibet, drainage: Yangtze",35.470283333333334,93.64006666666668,4497,-72.337,,,29,-187,2.475,10.1029/2025PA005167,Soil
Hren & Brandon 2026,Hren & Brandon 2026 Zenodo: 17209981,"Central Tibet, drainage: Yangtze",35.51555,93.8661,4605,-70.493,,,29,-169,2.475,10.1029/2025PA005167,Soil
Hren & Brandon 2026,Hren & Brandon 2026 Zenodo: 17209981,"Central Tibet, drainage: Yangtze",35.5677,94.008,4655,-68.85,,,29,-163,2.021,10.1029/2025PA005167,Soil
Hren & Brandon 2026,Hren & Brandon 2026 Zenodo: 17209981,"Himalaya, drainage: Brahmaputra",35.6422,94.0686,4750,-66.407,,,29,-173,2.021,10.1029/2025PA005167,Soil
Hren & Brandon 2026,Hren & Brandon 2026 Zenodo: 17209981,"Central Tibet, drainage: Ob",35.6968,94.0555,4556,-66.107,,,29,-167,2.021,10.1029/2025PA005167,Soil
Hren & Brandon 2026,Hren & Brandon 2026 Zenodo: 17209981,"Central Tibet, drainage: Ob",35.7194,94.1258,4446,-67.161,,,29,-182,2.475,10.1029/2025PA005167,Soil
Hren & Brandon 2026,Hren & Brandon 2026 Zenodo: 17209981,"Northeast Tibet, drainage: Yangtze",36.5478,100.6908,3193,-53.332,,,29,-149,2.475,10.1029/2025PA005167,Soil
Hren & Brandon 2026,Hren & Brandon 2026 Zenodo: 17209981,"Northeast Tibet, drainage: Yangtze",36.6331,100.1164,3193,-54.431,,,29,-172,2.475,10.1029/2025PA005167,Soil
Hren & Brandon 2026,Hren & Brandon 2026 Zenodo: 17209981,"Northeast Tibet, drainage: Yangtze",36.6539,100.2711,3193,-53.698,,,29,-155,2.475,10.1029/2025PA005167,Soil
Hren & Brandon 2026,Hren & Brandon 2026 Zenodo: 17209981,"Northeast Tibet, drainage: Yangtze",36.9017,99.6336,3193,-53.32,,,29,-162,2.475,10.1029/2025PA005167,Soil
Hren & Brandon 2026,Hren & Brandon 2026 Zenodo: 17209981,"Northeast Tibet, drainage: Yangtze",37.1383,100.3456,3193,-48.737,,,29,-156,2.475,10.1029/2025PA005167,Soil
Hren & Brandon 2026,Hren & Brandon 2026 Zenodo: 17209981,"Northeast Tibet, drainage: Yangtze",37.1875,100.0772,3093,-49.376,,,29,-165,2.475,10.1029/2025PA005167,Soil
Hren & Brandon 2026,Hren & Brandon 2026 Zenodo: 17209981,"Northeast Tibet, drainage: Yangtze",37.1875,100.0772,3193,-49.376,,,29,-158,2.475,10.1029/2025PA005167,Sediment
Hren & Brandon 2026,Hren & Brandon 2026 Zenodo: 17209981,"Northeast Tibet, drainage: Yangtze",37.1875,100.0772,3193,-49.376,,,29,-149,2.475,10.1029/2025PA005167,Soil
Hren & Brandon 2026,Hren & Brandon 2026 Zenodo: 17209981,"Northeast Tibet, drainage: Yangtze",37.2,101.53,2840,-95.232,,,29,-148,2.021,10.1029/2025PA005167,Soil
Hren & Brandon 2026,Hren & Brandon 2026 Zenodo: 17209981,"Northeast Tibet, drainage: Yangtze",37.2262,102.8335,2819,-95.304,,,29,-167,2.021,10.1029/2025PA005167,Soil
Hren & Brandon 2026,Hren & Brandon 2026 Zenodo: 17209981,"Northeast Tibet, drainage: Yangtze",37.2357,101.5087,2925,-95.375,,,29,-160,2.021,10.1029/2025PA005167,Soil
Hren & Brandon 2026,Hren & Brandon 2026 Zenodo: 17209981,"Northeast Tibet, drainage: Yangtze",37.2714,101.4152,3058,-94.058,,,29,-152,2.021,10.1029/2025PA005167,Soil
Hren & Brandon 2026,Hren & Brandon 2026 Zenodo: 17209981,"Northeast Tibet, drainage: Yangtze",37.2935,101.4141,3203,-93.506,,,29,-155,2.021,10.1029/2025PA005167,Soil
Hren & Brandon 2026,Hren & Brandon 2026 Zenodo: 17209981,drainage: Ob,37.3019,96.8857,2812,-167.461,,,29,-126,2.475,10.1029/2025PA005167,Sediment
Hren & Brandon 2026,Hren & Brandon 2026 Zenodo: 17209981,"Northeast Tibet, drainage: Yangtze",37.3235,101.4152,3454,-92.53,,,29,-159,2.021,10.1029/2025PA005167,Soil
Hren & Brandon 2026,Hren & Brandon 2026 Zenodo: 17209981,"Northeast Tibet, drainage: Yangtze",37.3265,101.4058,3713,-92.402,,,29,-169,2.021,10.1029/2025PA005167,Soil
Hren & Brandon 2026,Hren & Brandon 2026 Zenodo: 17209981,"Northeast Tibet, drainage: Yangtze",37.371,101.4059,3537,-43.069,,,29,-160,2.021,10.1029/2025PA005167,Soil
Hren & Brandon 2026,Hren & Brandon 2026 Zenodo: 17209981,drainage: Ob,37.463,95.577,3174,-85.387,4,,29,-156,2.475,10.1029/2025PA005167,Sediment
Hren & Brandon 2026,Hren & Brandon 2026 Zenodo: 17209981,"Northeast Tibet, drainage: Yangtze",37.6316,102.37035,2959,-89.471,,,29,-163,2.021,10.1029/2025PA005167,Soil
Hren & Brandon 2026,Hren & Brandon 2026 Zenodo: 17209981,"Northeast Tibet, drainage: Yangtze",37.639,102.3716,2818,-89.913,,,29,-170,2.021,10.1029/2025PA005167,Soil
Hren & Brandon 2026,Hren & Brandon 2026 Zenodo: 17209981,"Northeast Tibet, drainage: Yangtze",37.8759,101.9279,2847,-36.371,,,29,-157,2.021,10.1029/2025PA005167,Soil
Hren & Brandon 2026,Hren & Brandon 2026 Zenodo: 17209981,"Northeast Tibet, drainage: Yangtze",37.8791,101.9232,2945,-36.238,,,29,-161,2.021,10.1029/2025PA005167,Soil
Hren & Brandon 2026,Hren & Brandon 2026 Zenodo: 17209981,"Northeast Tibet, drainage: Yangtze",38.233,99.9916,2815,-41.665,,,29,-163,2.021,10.1029/2025PA005167,Soil
Hren & Brandon 2026,Hren & Brandon 2026 Zenodo: 17209981,"Northeast Tibet, drainage: Yangtze",38.233,99.9916,2904,-41.665,,,29,-167,2.021,10.1029/2025PA005167,Soil
Hren & Brandon 2026,Hren & Brandon 2026 Zenodo: 17209981,"Northeast Tibet, drainage: Yangtze",38.2467,99.9576,2859,-41.33,,,29,-155,2.021,10.1029/2025PA005167,Soil
Hren & Brandon 2026,Hren & Brandon 2026 Zenodo: 17209981,"Northeast Tibet, drainage: Yangtze",38.2762,99.8765,2969,-41.28,,,29,-156,2.021,10.1029/2025PA005167,Soil
Hren & Brandon 2026,Hren & Brandon 2026 Zenodo: 17209981,"Northeast Tibet, drainage: Yangtze",38.3295,99.7389,3084,-41.137,,,29,-146,2.021,10.1029/2025PA005167,Soil
Hren & Brandon 2026,Hren & Brandon 2026 Zenodo: 17209981,"Northeast Tibet, drainage: Yangtze",38.3804,99.688,3137,-40.537,,,29,-163,2.021,10.1029/2025PA005167,Soil
Hren & Brandon 2026,Hren & Brandon 2026 Zenodo: 17209981,"Northeast Tibet, drainage: Yangtze",38.4764,99.5819,3398,-38.582,,,29,-161,2.021,10.1029/2025PA005167,Soil
Hren & Brandon 2026,Hren & Brandon 2026 Zenodo: 17209981,"Northeast Tibet, drainage: Yangtze",38.5744,99.4192,3231,-38.91,,,29,-151,2.021,10.1029/2025PA005167,Soil
Hren & Brandon 2026,Hren & Brandon 2026 Zenodo: 17209981,"Northeast Tibet, drainage: Yangtze",38.7838,98.7447,4126,-37.416,,,29,-153,2.021,10.1029/2025PA005167,Soil
Hren & Brandon 2026,Hren & Brandon 2026 Zenodo: 17209981,"Northeast Tibet, drainage: Yangtze",38.793,98.7629,4033,-37.326,,,29,-154,2.021,10.1029/2025PA005167,Soil
Hren & Brandon 2026,Hren & Brandon 2026 Zenodo: 17209981,"Northeast Tibet, drainage: Yangtze",38.7968,98.8812,3671,-37.36,,,29,-163,2.021,10.1029/2025PA005167,Soil
Hren & Brandon 2026,Hren & Brandon 2026 Zenodo: 17209981,"Northeast Tibet, drainage: Yangtze",38.8231,98.7986,3906,-37.16,,,29,-153,2.021,10.1029/2025PA005167,Soil
Hren & Brandon 2026,Hren & Brandon 2026 Zenodo: 17209981,"Northeast Tibet, drainage: Yangtze",38.8492,99.035,3774,-35.641,,,29,-143,2.021,10.1029/2025PA005167,Soil
Hren & Brandon 2026,Hren & Brandon 2026 Zenodo: 17209981,"Northeast Tibet, drainage: Yangtze",39.1363,98.1334,3177,-35.476,,,29,-163,2.021,10.1029/2025PA005167,Soil
Hren & Brandon 2026,Hren & Brandon 2026 Zenodo: 17209981,"Northeast Tibet, drainage: Yangtze",39.2726,97.7403,3874,-32.698,,,29,-166,2.021,10.1029/2025PA005167,Soil
Hren & Brandon 2026,Hren & Brandon 2026 Zenodo: 17209981,"Northeast Tibet, drainage: Yangtze",39.3322,97.8362,3076,-32.992,,,29,-162,2.021,10.1029/2025PA005167,Soil
"Huang et al., 2016",Liu,Yichun,68.52,129.53,272,-88,,,29,-209,,10.1016/j.palaeo.2016.08.011,Soil
Jaeschke et al. 2018,Manual extraction,"Jimma zone VI, Ethiopia (Forest)",7.593,36.8544,1769,,,,29,-127,,10.1016/j.orggeochem.2018.06.006,Soil
"Jaeschke et al., 2018",Ladd,I-Forest,7.4452,36.8768,2650,-0.422700005,,,29,-130,,10.1016/j.orggeochem.2018.06.006,Sediment
"Jaeschke et al., 2018",Ladd,IV-Cropland,7.4782,36.8814,2099,0.672390959,,,29,-127,,10.1016/j.orggeochem.2018.06.006,Sediment
"Jaeschke et al., 2018",Ladd,IV-Forest,7.4782,36.8814,2099,0.672390959,,,29,-132,,10.1016/j.orggeochem.2018.06.006,Sediment
"Jaeschke et al., 2018",Ladd,VI-Cropland,7.593,36.8544,1769,6.281825171,,,29,-131,,10.1016/j.orggeochem.2018.06.006,Sediment
"Jia et al., 2008",Liu,Mt Gongga,30,102,1320,-58,,,29,-180,,10.1016/j.gca.2008.08.004,Sediment
"Jia et al., 2008",Liu,Mt Gongga,30,102,1375,-59,,,29,-169,,10.1016/j.gca.2008.08.004,Sediment
"Jia et al., 2008",Liu,Mt Gongga,30,102,1470,-60,,,29,-184,,10.1016/j.gca.2008.08.004,Sediment
"Jia et al., 2008",Liu,Mt Gongga,30,102,1550,-61,,,29,-183,,10.1016/j.gca.2008.08.004,Sediment
"Jia et al., 2008",Liu,Mt Gongga,30,102,1610,-62,,,29,-192,,10.1016/j.gca.2008.08.004,Sediment
"Jia et al., 2008",Liu,Mt Gongga,30,102,1645,-62,,,29,-181,,10.1016/j.gca.2008.08.004,Sediment
"Jia et al., 2008",Liu,Mt Gongga,30,102,1800,-64,,,29,-202,,10.1016/j.gca.2008.08.004,Sediment
"Jia et al., 2008",Liu,Mt Gongga,30,102,1915,-66,,,29,-188,,10.1016/j.gca.2008.08.004,Sediment
"Jia et al., 2008",Liu,Mt Gongga,30,102,1973,-66,,,29,-201,,10.1016/j.gca.2008.08.004,Sediment
"Jia et al., 2008",Liu,Mt Gongga,30,102,2115,-68,,,29,-185,,10.1016/j.gca.2008.08.004,Sediment
"Jia et al., 2008",Liu,Mt Gongga,30,102,2160,-69,,,29,-214,,10.1016/j.gca.2008.08.004,Sediment
"Jia et al., 2008",Liu,Mt Gongga,30,102,2220,-70,,,29,-203,,10.1016/j.gca.2008.08.004,Sediment
"Jia et al., 2008",Liu,Mt Gongga,30,102,2960,-81,,,29,-198,,10.1016/j.gca.2008.08.004,Sediment
"Jia et al., 2008",Liu,Mt Gongga,30,102,3188,-85,,,29,-220,,10.1016/j.gca.2008.08.004,Sediment
"Jia et al., 2008",Liu,Mt Gongga,30,102,3518,-92,,,29,-224,,10.1016/j.gca.2008.08.004,Sediment
"Jia et al., 2008",Liu,Mt Gongga,30,102,3676,-95,,,29,-241,,10.1016/j.gca.2008.08.004,Sediment
"Jia et al., 2008",Liu,Mt Gongga,30,102,3767,-97,,,29,-237,,10.1016/j.gca.2008.08.004,Sediment
"Jia et al., 2008",Liu,Mt Gongga,30,102,1180,-56,,,29,-178,,10.1016/j.gca.2008.08.004,Sediment
"Jia et al., 2008",Liu,Mt Gongga,30,102,1700,-63,,,29,-193,,10.1016/j.gca.2008.08.004,Sediment
"Jia et al., 2008",Liu,Mt Gongga,30,102,1220,-57,,,29,-195,,10.1016/j.gca.2008.08.004,Sediment
"Jia et al., 2008",Liu,Mt Gongga,30,102,2846,-79,,,29,-196,,10.1016/j.gca.2008.08.004,Sediment
"Jia et al., 2008",Liu,Mt Gongga,30,102,2420,-73,,,29,-197,,10.1016/j.gca.2008.08.004,Sediment
"Jia et al., 2008",Liu,Mt Gongga,30,102,2005,-67,,,29,-199,,10.1016/j.gca.2008.08.004,Sediment
"Jia et al., 2008",Liu,Mt Gongga,30,102,2540,-75,,,29,-200,,10.1016/j.gca.2008.08.004,Sediment
"Jia et al., 2008",Liu,Mt Gongga,30,102,2085,-68,,,29,-206,,10.1016/j.gca.2008.08.004,Sediment
"Ladd 2021 compilation (Aichner et al., 2010)",ETH Zurich: doi:10.3929/ethz-b-000412154,"Tibetan plateau, Asia",25.92,100.12,1967,-73,2,,29,-172,,10.1016/j.orggeochem.2010.05.010,Sediment
"Ladd 2021 compilation (Aichner et al., 2010)",ETH Zurich: doi:10.3929/ethz-b-000412154,"Tibetan plateau, Asia",29.83,94.46,4132,-127,,,29,-232,,10.1016/j.orggeochem.2010.05.010,Sediment
"Ladd 2021 compilation (Aichner et al., 2010)",ETH Zurich: doi:10.3929/ethz-b-000412154,"Tibetan plateau, Asia",34.02,97.22,4541,-111,4,,29,-180,,10.1016/j.orggeochem.2010.05.010,Sediment
"Ladd 2021 compilation (Aichner et al., 2010)",ETH Zurich: doi:10.3929/ethz-b-000412154,"Tibetan plateau, Asia",34.16,95.98,4701,-113,5,,29,-188,,10.1016/j.orggeochem.2010.05.010,Sediment
"Ladd 2021 compilation (Aichner et al., 2010)",ETH Zurich: doi:10.3929/ethz-b-000412154,"Tibetan plateau, Asia",34.68,98.06,4233,-97,4,,29,-169,,10.1016/j.orggeochem.2010.05.010,Sediment
"Ladd 2021 compilation (Aichner et al., 2010)",ETH Zurich: doi:10.3929/ethz-b-000412154,"Tibetan plateau, Asia",35.23,98.65,4095,-75,5,,29,-162,,10.1016/j.orggeochem.2010.05.010,Sediment
"Ladd 2021 compilation (Aichner et al., 2010)",ETH Zurich: doi:10.3929/ethz-b-000412154,"Qaidam Basin, Asia",37.04,100.58,3205,-57,6,,29,-150,,10.1016/j.orggeochem.2010.05.010,Sediment
"Ladd 2021 compilation (Bai et al., 2011)",ETH Zurich: doi:10.3929/ethz-b-000412154,"Mt Kunlun, Asia",36.2,81.2,3200,-55,,,29,-190,,10.1016/j.orggeochem.2011.03.019,Sediment
"Ladd 2021 compilation (Bai et al., 2011)",ETH Zurich: doi:10.3929/ethz-b-000412154,"Mt Kunlun, Asia",36.22,81.22,3000,-52,,,29,-183,,10.1016/j.orggeochem.2011.03.019,Sediment
"Ladd 2021 compilation (Bai et al., 2011)",ETH Zurich: doi:10.3929/ethz-b-000412154,"Mt Kunlun, Asia",36.22,81.23,2900,-50,,,29,-186,,10.1016/j.orggeochem.2011.03.019,Sediment
"Ladd 2021 compilation (Bai et al., 2011)",ETH Zurich: doi:10.3929/ethz-b-000412154,"Mt Kunlun, Asia",36.23,81.67,2450,-44,,,29,-189,,10.1016/j.orggeochem.2011.03.019,Sediment
"Ladd 2021 compilation (Bai et al., 2011)",ETH Zurich: doi:10.3929/ethz-b-000412154,"Mt Kunlun, Asia",36.55,77.05,4650,-117,,,29,-194,,10.1016/j.orggeochem.2011.03.019,Sediment
"Ladd 2021 compilation (Bai et al., 2011)",ETH Zurich: doi:10.3929/ethz-b-000412154,"Mt Kunlun, Asia",36.55,77.13,4450,-112,,,29,-190,,10.1016/j.orggeochem.2011.03.019,Sediment
"Ladd 2021 compilation (Bai et al., 2011)",ETH Zurich: doi:10.3929/ethz-b-000412154,"Mt Kunlun, Asia",36.63,80.75,1900,-35,,,29,-190,,10.1016/j.orggeochem.2011.03.019,Sediment
"Ladd 2021 compilation (Bai et al., 2011)",ETH Zurich: doi:10.3929/ethz-b-000412154,"Mt Kunlun, Asia",36.65,77.12,3836,-104,,,29,-183,,10.1016/j.orggeochem.2011.03.019,Sediment
"Ladd 2021 compilation (Bai et al., 2014)",ETH Zurich: doi:10.3929/ethz-b-000412154,"Mt Qilian, Asia",35.47,103.57,3100,-57,,,29,-214,,10.1016/j.orggeochem.2014.05.013,Sediment
"Ladd 2021 compilation (Bai et al., 2014)",ETH Zurich: doi:10.3929/ethz-b-000412154,"Mt Qilian, Asia",35.73,103.98,3640,-66,,,29,-217,,10.1016/j.orggeochem.2014.05.013,Sediment
"Ladd 2021 compilation (Bai et al., 2014)",ETH Zurich: doi:10.3929/ethz-b-000412154,"Mt Qilian, Asia",35.74,103.96,3590,-65,,,29,-235,,10.1016/j.orggeochem.2014.05.013,Sediment
"Ladd 2021 compilation (Bai et al., 2014)",ETH Zurich: doi:10.3929/ethz-b-000412154,"Mt Qilian, Asia",35.77,103.95,3430,-63,,,29,-210,,10.1016/j.orggeochem.2014.05.013,Sediment
"Ladd 2021 compilation (Bai et al., 2014)",ETH Zurich: doi:10.3929/ethz-b-000412154,"Mt Qilian, Asia",35.78,103.98,2720,-52,,,29,-241,,10.1016/j.orggeochem.2014.05.013,Sediment
"Ladd 2021 compilation (Bai et al., 2014)",ETH Zurich: doi:10.3929/ethz-b-000412154,"Mt Qilian, Asia",35.78,104.04,2350,-46,,,29,-212,,10.1016/j.orggeochem.2014.05.013,Sediment
"Ladd 2021 compilation (Bai et al., 2014)",ETH Zurich: doi:10.3929/ethz-b-000412154,"Mt Qilian, Asia",35.79,104,2550,-49,,,29,-206,,10.1016/j.orggeochem.2014.05.013,Sediment
"Ladd 2021 compilation (Bai et al., 2014)",ETH Zurich: doi:10.3929/ethz-b-000412154,"Mt Qilian, Asia",35.83,104.08,2060,-42,,,29,-215,,10.1016/j.orggeochem.2014.05.013,Sediment
"Ladd 2021 compilation (Bai et al., 2014)",ETH Zurich: doi:10.3929/ethz-b-000412154,"Mt Qilian, Asia",37.53,101.83,3835,-71,,,29,-158,,10.1016/j.orggeochem.2014.05.013,Sediment
"Ladd 2021 compilation (Bai et al., 2014)",ETH Zurich: doi:10.3929/ethz-b-000412154,"Mt Qilian, Asia",37.54,101.83,3727,-70,,,29,-170,,10.1016/j.orggeochem.2014.05.013,Sediment
"Ladd 2021 compilation (Bai et al., 2014)",ETH Zurich: doi:10.3929/ethz-b-000412154,"Mt Qilian, Asia",37.56,101.85,3495,-66,,,29,-181,,10.1016/j.orggeochem.2014.05.013,Sediment
"Ladd 2021 compilation (Bai et al., 2014)",ETH Zurich: doi:10.3929/ethz-b-000412154,"Mt Qilian, Asia",37.61,101.83,3250,-63,,,29,-171,,10.1016/j.orggeochem.2014.05.013,Sediment
"Ladd 2021 compilation (Bai et al., 2014)",ETH Zurich: doi:10.3929/ethz-b-000412154,"Mt Qilian, Asia",37.63,101.83,3168,-62,,,29,-166,,10.1016/j.orggeochem.2014.05.013,Sediment
"Ladd 2021 compilation (Bai et al., 2014)",ETH Zurich: doi:10.3929/ethz-b-000412154,"Mt Qilian, Asia",37.64,101.85,3035,-60,,,29,-163,,10.1016/j.orggeochem.2014.05.013,Sediment
"Ladd 2021 compilation (Bai et al., 2014)",ETH Zurich: doi:10.3929/ethz-b-000412154,"Mt Qilian, Asia",37.64,101.85,3058,-60,,,29,-176,,10.1016/j.orggeochem.2014.05.013,Sediment
"Ladd 2021 compilation (Bai et al., 2014)",ETH Zurich: doi:10.3929/ethz-b-000412154,"Mt Qilian, Asia",37.65,101.86,2967,-59,,,29,-157,,10.1016/j.orggeochem.2014.05.013,Sediment
"Ladd 2021 compilation (Bai et al., 2014)",ETH Zurich: doi:10.3929/ethz-b-000412154,"Mt Qilian, Asia",37.66,101.86,2885,-57,,,29,-148,,10.1016/j.orggeochem.2014.05.013,Sediment
"Ladd 2021 compilation (Bai et al., 2014)",ETH Zurich: doi:10.3929/ethz-b-000412154,"Mt Qilian, Asia",37.71,101.92,2637,-54,,,29,-160,,10.1016/j.orggeochem.2014.05.013,Sediment
"Ladd 2021 compilation (Bai et al., 2014)",ETH Zurich: doi:10.3929/ethz-b-000412154,"Mt Qilian, Asia",37.73,101.93,2568,-53,,,29,-156,,10.1016/j.orggeochem.2014.05.013,Sediment
"Ladd 2021 compilation (Bai et al., 2014)",ETH Zurich: doi:10.3929/ethz-b-000412154,"Mt Qilian, Asia",37.75,101.95,2514,-52,,,29,-142,,10.1016/j.orggeochem.2014.05.013,Sediment
"Ladd 2021 compilation (Bai et al., 2014)",ETH Zurich: doi:10.3929/ethz-b-000412154,"Mt Qilian, Asia",37.8,102,2363,-50,,,29,-147,,10.1016/j.orggeochem.2014.05.013,Sediment
"Ladd 2021 compilation (Bai et al., 2014)",ETH Zurich: doi:10.3929/ethz-b-000412154,"Mt Qilian, Asia",37.88,102.07,2184,-47,,,29,-164,,10.1016/j.orggeochem.2014.05.013,Sediment
"Ladd 2021 compilation (Bai et al., 2014)",ETH Zurich: doi:10.3929/ethz-b-000412154,"Mt Qilian, Asia",37.88,102.07,2184,-47,,,29,-167,,10.1016/j.orggeochem.2014.05.013,Sediment
"Ladd 2021 compilation (Bai et al., 2014)",ETH Zurich: doi:10.3929/ethz-b-000412154,"Mt Qilian, Asia",37.89,102.12,2143,-47,,,29,-169,,10.1016/j.orggeochem.2014.05.013,Sediment
"Ladd 2021 compilation (Bai et al., 2014)",ETH Zurich: doi:10.3929/ethz-b-000412154,"Mt Qilian, Asia",37.89,102.17,2098,-47,,,29,-161,,10.1016/j.orggeochem.2014.05.013,Sediment
"Ladd 2021 compilation (Bai et al., 2014)",ETH Zurich: doi:10.3929/ethz-b-000412154,"Mt Qilian, Asia",37.92,102.22,2059,-46,,,29,-157,,10.1016/j.orggeochem.2014.05.013,Sediment
"Ladd 2021 compilation (Bai et al., 2014)",ETH Zurich: doi:10.3929/ethz-b-000412154,"Mt Qilian, Asia",37.94,102.3,1924,-42,,,29,-155,,10.1016/j.orggeochem.2014.05.013,Sediment
"Ladd 2021 compilation (Bai et al., 2014)",ETH Zurich: doi:10.3929/ethz-b-000412154,"Mt Qilian, Asia",38,102.35,1793,-42,,,29,-174,,10.1016/j.orggeochem.2014.05.013,Sediment
"Ladd 2021 compilation (Bai et al., 2014)",ETH Zurich: doi:10.3929/ethz-b-000412154,"Mt Qilian, Asia",38.02,102.38,1755,-42,,,29,-159,,10.1016/j.orggeochem.2014.05.013,Sediment
"Ladd 2021 compilation (Bai et al., 2014)",ETH Zurich: doi:10.3929/ethz-b-000412154,"Mt Qilian, Asia",39.22,97.978,2779,-50,,,29,-166,,10.1016/j.orggeochem.2014.05.013,Sediment
"Ladd 2021 compilation (Bai et al., 2014)",ETH Zurich: doi:10.3929/ethz-b-000412154,"Mt Qilian, Asia",39.31,97.72,3945,-67,,,29,-161,,10.1016/j.orggeochem.2014.05.013,Sediment
"Ladd 2021 compilation (Bai et al., 2014)",ETH Zurich: doi:10.3929/ethz-b-000412154,"Mt Qilian, Asia",39.33,97.74,3420,-59,,,29,-158,,10.1016/j.orggeochem.2014.05.013,Sediment
"Ladd 2021 compilation (Bai et al., 2014)",ETH Zurich: doi:10.3929/ethz-b-000412154,"Mt Qilian, Asia",39.34,97.79,3754,-65,,,29,-169,,10.1016/j.orggeochem.2014.05.013,Sediment
"Ladd 2021 compilation (Douglas et al., 2012)",ETH Zurich: doi:10.3929/ethz-b-000412154,"Santa Lucia, North America",14.12,-87.09,1405,-43,,,29,-92.7,,10.1016/j.gca.2012.09.005,Sediment
"Ladd 2021 compilation (Douglas et al., 2012)",ETH Zurich: doi:10.3929/ethz-b-000412154,"Guangolo, North America",14.26,-87.24,829,-35,,,29,-131.2,,10.1016/j.gca.2012.09.005,Sediment
"Ladd 2021 compilation (Douglas et al., 2012)",ETH Zurich: doi:10.3929/ethz-b-000412154,"El Chile, North America",14.35,-86.85,1380,-43,,,29,-118.5,,10.1016/j.gca.2012.09.005,Sediment
"Ladd 2021 compilation (Douglas et al., 2012)",ETH Zurich: doi:10.3929/ethz-b-000412154,"Comayagua, North America",14.45,-87.65,563,-32,,,29,-132.8,,10.1016/j.gca.2012.09.005,Sediment
"Ladd 2021 compilation (Douglas et al., 2012)",ETH Zurich: doi:10.3929/ethz-b-000412154,"Rio Jalan, North America",14.45,-86.81,765,-33,,,29,-124.8,,10.1016/j.gca.2012.09.005,Sediment
"Ladd 2021 compilation (Douglas et al., 2012)",ETH Zurich: doi:10.3929/ethz-b-000412154,"Rio Rosario, North America",14.48,-86.98,891,-36,,,29,-118.9,,10.1016/j.gca.2012.09.005,Sediment
"Ladd 2021 compilation (Douglas et al., 2012)",ETH Zurich: doi:10.3929/ethz-b-000412154,"Taulabe, North America",14.71,-87.97,557,-32,,,29,-112,,10.1016/j.gca.2012.09.005,Sediment
"Ladd 2021 compilation (Douglas et al., 2012)",ETH Zurich: doi:10.3929/ethz-b-000412154,"Copan, North America",14.84,-89.15,613,-34,,,29,-113.3,,10.1016/j.gca.2012.09.005,Sediment
"Ladd 2021 compilation (Douglas et al., 2012)",ETH Zurich: doi:10.3929/ethz-b-000412154,"Rio Blanco, North America",14.89,-89.03,707,-36,,,29,-121.4,,10.1016/j.gca.2012.09.005,Sediment
"Ladd 2021 compilation (Douglas et al., 2012)",ETH Zurich: doi:10.3929/ethz-b-000412154,"Yojoa (Soil), North America",14.91,-87.97,662,-33,,,29,-115.4,,10.1016/j.gca.2012.09.005,Sediment
"Ladd 2021 compilation (Douglas et al., 2012)",ETH Zurich: doi:10.3929/ethz-b-000412154,"Pena Blanca, North America",14.94,-88.03,655,-33,,,29,-116.7,,10.1016/j.gca.2012.09.005,Sediment
"Ladd 2021 compilation (Douglas et al., 2012)",ETH Zurich: doi:10.3929/ethz-b-000412154,"La Entrada, North America",15.1,-88.71,426,-31,,,29,-117.3,,10.1016/j.gca.2012.09.005,Sediment
"Ladd 2021 compilation (Douglas et al., 2012)",ETH Zurich: doi:10.3929/ethz-b-000412154,"La Barca, North America",15.12,-87.94,56,-24,,,29,-129.7,,10.1016/j.gca.2012.09.005,Sediment
"Ladd 2021 compilation (Douglas et al., 2012)",ETH Zurich: doi:10.3929/ethz-b-000412154,"Izabal Rio Oscuro, North America",15.38,-89.33,4,-25,,,29,-126.8,,10.1016/j.gca.2012.09.005,Sediment
"Ladd 2021 compilation (Douglas et al., 2012)",ETH Zurich: doi:10.3929/ethz-b-000412154,"Naco, North America",15.41,-88.14,97,-25,,,29,-127.1,,10.1016/j.gca.2012.09.005,Sediment
"Ladd 2021 compilation (Douglas et al., 2012)",ETH Zurich: doi:10.3929/ethz-b-000412154,"Izabal Centro, North America",15.52,-89.15,4,-24,,,29,-142.6,,10.1016/j.gca.2012.09.005,Sediment
"Ladd 2021 compilation (Douglas et al., 2012)",ETH Zurich: doi:10.3929/ethz-b-000412154,"El Golfete, North America",15.72,-88.89,0,-24,,,29,-130.6,,10.1016/j.gca.2012.09.005,Sediment
"Ladd 2021 compilation (Douglas et al., 2012)",ETH Zurich: doi:10.3929/ethz-b-000412154,"Puente Cienega, North America",15.74,-89.07,75,-25,,,29,-133.7,,10.1016/j.gca.2012.09.005,Sediment
"Ladd 2021 compilation (Douglas et al., 2012)",ETH Zurich: doi:10.3929/ethz-b-000412154,"El Juleque, North America",16.91,-89.77,158,-26,,,29,-113.5,,10.1016/j.gca.2012.09.005,Sediment
"Ladd 2021 compilation (Douglas et al., 2012)",ETH Zurich: doi:10.3929/ethz-b-000412154,"Quexil (Soil), North America",16.92,-89.82,133,-26,,,29,-110.3,,10.1016/j.gca.2012.09.005,Sediment
"Ladd 2021 compilation (Douglas et al., 2012)",ETH Zurich: doi:10.3929/ethz-b-000412154,"Quexil (Lake), North America",16.92,-89.82,133,-26,,,29,-118.2,,10.1016/j.gca.2012.09.005,Sediment
"Ladd 2021 compilation (Douglas et al., 2012)",ETH Zurich: doi:10.3929/ethz-b-000412154,"Peten Itza, North America",16.93,-89.89,109,-25,,,29,-136.3,,10.1016/j.gca.2012.09.005,Sediment
"Ladd 2021 compilation (Douglas et al., 2012)",ETH Zurich: doi:10.3929/ethz-b-000412154,"Macanche, North America",16.97,-89.64,169,-26,,,29,-115,,10.1016/j.gca.2012.09.005,Sediment
"Ladd 2021 compilation (Douglas et al., 2012)",ETH Zurich: doi:10.3929/ethz-b-000412154,"Salpeten, North America",16.98,-89.68,105,-25,,,29,-120.8,,10.1016/j.gca.2012.09.005,Sediment
"Ladd 2021 compilation (Douglas et al., 2012)",ETH Zurich: doi:10.3929/ethz-b-000412154,"Sacpuy (Lake), North America",16.99,-90.05,123,-26,,,29,-119.8,,10.1016/j.gca.2012.09.005,Sediment
"Ladd 2021 compilation (Douglas et al., 2012)",ETH Zurich: doi:10.3929/ethz-b-000412154,"Yaxha (Soil), North America",17.07,-89.41,130,-25,,,29,-127.4,,10.1016/j.gca.2012.09.005,Sediment
"Ladd 2021 compilation (Douglas et al., 2012)",ETH Zurich: doi:10.3929/ethz-b-000412154,"Yaxha (Lake), North America",17.07,-89.41,130,-25,,,29,-120.1,,10.1016/j.gca.2012.09.005,Sediment
"Ladd 2021 compilation (Douglas et al., 2012)",ETH Zurich: doi:10.3929/ethz-b-000412154,"Cuerpo Uno [a], North America",17.49,-90.39,115,-26,,,29,-121.2,,10.1016/j.gca.2012.09.005,Sediment
"Ladd 2021 compilation (Douglas et al., 2012)",ETH Zurich: doi:10.3929/ethz-b-000412154,"Chichancanab, North America",19.88,-88.77,10,-20,,,29,-101,,10.1016/j.gca.2012.09.005,Sediment
"Ladd 2021 compilation (Douglas et al., 2012)",ETH Zurich: doi:10.3929/ethz-b-000412154,"Hobonil, North America",20,-89.03,44,-21,,,29,-101.3,,10.1016/j.gca.2012.09.005,Sediment
"Ladd 2021 compilation (Douglas et al., 2012)",ETH Zurich: doi:10.3929/ethz-b-000412154,"Cepeda Peraza, North America",20.16,-89.24,50,-21,,,29,-111.3,,10.1016/j.gca.2012.09.005,Sediment
"Ladd 2021 compilation (Douglas et al., 2012)",ETH Zurich: doi:10.3929/ethz-b-000412154,"Ticul, North America",20.35,-89.5,10,-20,,,29,-117.4,,10.1016/j.gca.2012.09.005,Sediment
"Ladd 2021 compilation (Douglas et al., 2012)",ETH Zurich: doi:10.3929/ethz-b-000412154,"Canana, North America",20.49,-89.17,13,-18,,,29,-112.2,,10.1016/j.gca.2012.09.005,Sediment
"Ladd 2021 compilation (Douglas et al., 2012)",ETH Zurich: doi:10.3929/ethz-b-000412154,"Chumayel, North America",20.49,-89.19,13,-18,,,29,-83.8,,10.1016/j.gca.2012.09.005,Sediment
"Ladd 2021 compilation (Douglas et al., 2012)",ETH Zurich: doi:10.3929/ethz-b-000412154,"Yaalchak [a], North America",20.6,-89.71,6,-20,,,29,-118.7,,10.1016/j.gca.2012.09.005,Sediment
"Ladd 2021 compilation (Douglas et al., 2012)",ETH Zurich: doi:10.3929/ethz-b-000412154,"Xoche [a], North America",20.66,-89.37,16,-18,,,29,-128.2,,10.1016/j.gca.2012.09.005,Sediment
"Ladd 2021 compilation (Douglas et al., 2012)",ETH Zurich: doi:10.3929/ethz-b-000412154,"Dzitya (Lake), North America",21.07,-89.69,5,-18,,,29,-103.9,,10.1016/j.gca.2012.09.005,Sediment
"Ladd 2021 compilation (Douglas et al., 2012)",ETH Zurich: doi:10.3929/ethz-b-000412154,"Dzitya (Soil), North America",21.07,-89.69,5,-18,,,29,-110.3,,10.1016/j.gca.2012.09.005,Sediment
Ladd 2021 compilation (Duan et al 2011),ETH Zurich: doi:10.3929/ethz-b-000412154,"Lake Qinghai, Asia",37,100,3193,-53,5,,29,-157,,10.1016/j.orggeochem.2011.06.009,Sediment
"Ladd 2021 compilation (Feng et al., 2019)",ETH Zurich: doi:10.3929/ethz-b-000412154,"JS3, Asia",26.485,100.338,2190,-77,,,29,-197,,10.1016/j.chemgeo.2019.05.005,Sediment
"Ladd 2021 compilation (Feng et al., 2019)",ETH Zurich: doi:10.3929/ethz-b-000412154,"JS6, Asia",26.486,100.348,1906,-73,,,29,-166,,10.1016/j.chemgeo.2019.05.005,Sediment
"Ladd 2021 compilation (Feng et al., 2019)",ETH Zurich: doi:10.3929/ethz-b-000412154,"JS8, Asia",26.487,100.371,1701,-70,,,29,-204,,10.1016/j.chemgeo.2019.05.005,Sediment
"Ladd 2021 compilation (Feng et al., 2019)",ETH Zurich: doi:10.3929/ethz-b-000412154,"JS4, Asia",26.489,100.346,2092,-76,,,29,-185,,10.1016/j.chemgeo.2019.05.005,Sediment
"Ladd 2021 compilation (Feng et al., 2019)",ETH Zurich: doi:10.3929/ethz-b-000412154,"JS1, Asia",26.494,100.312,2386,-80,,,29,-204,,10.1016/j.chemgeo.2019.05.005,Sediment
"Ladd 2021 compilation (Feng et al., 2019)",ETH Zurich: doi:10.3929/ethz-b-000412154,"JS12, Asia",26.5017,100.4082,1309,-64,,,29,-169,,10.1016/j.chemgeo.2019.05.005,Sediment
"Ladd 2021 compilation (Feng et al., 2019)",ETH Zurich: doi:10.3929/ethz-b-000412154,"JH9, Asia",26.537,100.003,3007,-90,,,29,-218,,10.1016/j.chemgeo.2019.05.005,Sediment
"Ladd 2021 compilation (Feng et al., 2019)",ETH Zurich: doi:10.3929/ethz-b-000412154,"JH8, Asia",26.547,100,2901,-89,,,29,-221,,10.1016/j.chemgeo.2019.05.005,Sediment
"Ladd 2021 compilation (Feng et al., 2019)",ETH Zurich: doi:10.3929/ethz-b-000412154,"JH2, Asia",26.549,99.961,2319,-80,,,29,-198,,10.1016/j.chemgeo.2019.05.005,Sediment
"Ladd 2021 compilation (Feng et al., 2019)",ETH Zurich: doi:10.3929/ethz-b-000412154,"JH5, Asia",26.558,99.982,2600,-84,,,29,-206,,10.1016/j.chemgeo.2019.05.005,Sediment
"Ladd 2021 compilation (Feng et al., 2019)",ETH Zurich: doi:10.3929/ethz-b-000412154,"LJ17, Asia",26.628,99.722,3918,-105,,,29,-217,,10.1016/j.chemgeo.2019.05.005,Sediment
"Ladd 2021 compilation (Feng et al., 2019)",ETH Zurich: doi:10.3929/ethz-b-000412154,"LJ1, Asia",26.63,99.915,2305,-80,,,29,-197,,10.1016/j.chemgeo.2019.05.005,Sediment
"Ladd 2021 compilation (Feng et al., 2019)",ETH Zurich: doi:10.3929/ethz-b-000412154,"TCS2017, Asia",26.631,99.718,3886,-104,,,29,-220,,10.1016/j.chemgeo.2019.05.005,Sediment
"Ladd 2021 compilation (Feng et al., 2019)",ETH Zurich: doi:10.3929/ethz-b-000412154,"LJ2, Asia",26.639,99.879,2400,-81,,,29,-211,,10.1016/j.chemgeo.2019.05.005,Sediment
"Ladd 2021 compilation (Feng et al., 2019)",ETH Zurich: doi:10.3929/ethz-b-000412154,"LJ6, Asia",26.643,99.821,2800,-87,,,29,-213,,10.1016/j.chemgeo.2019.05.005,Sediment
"Ladd 2021 compilation (Feng et al., 2019)",ETH Zurich: doi:10.3929/ethz-b-000412154,"LJ15, Asia",26.648,99.74,3789,-103,,,29,-242,,10.1016/j.chemgeo.2019.05.005,Sediment
"Ladd 2021 compilation (Feng et al., 2019)",ETH Zurich: doi:10.3929/ethz-b-000412154,"LJ13, Asia",26.648,99.776,3504,-98,,,29,-226,,10.1016/j.chemgeo.2019.05.005,Sediment
"Ladd 2021 compilation (Feng et al., 2019)",ETH Zurich: doi:10.3929/ethz-b-000412154,"LJ8, Asia",26.654,99.805,3011,-91,,,29,-216,,10.1016/j.chemgeo.2019.05.005,Sediment
"Ladd 2021 compilation (Feng et al., 2019)",ETH Zurich: doi:10.3929/ethz-b-000412154,"LJ9, Asia",26.658,99.794,3125,-93,,,29,-207,,10.1016/j.chemgeo.2019.05.005,Sediment
Ladd 2021 compilation (Freimuth et al 2019b),ETH Zurich: doi:10.3929/ethz-b-000412154,"Quiver, North America",43.74,-74.87,539,-72,1,,29,-179,,10.1016/j.gca.2019.08.026,Sediment
Ladd 2021 compilation (Freimuth et al 2019b),ETH Zurich: doi:10.3929/ethz-b-000412154,"Wolf, North America",44.02,-74.22,558,-73,1,,29,-179,,10.1016/j.gca.2019.08.026,Sediment
Ladd 2021 compilation (Freimuth et al 2019b),ETH Zurich: doi:10.3929/ethz-b-000412154,"Horseshoe, North America",44.14,-74.62,524,-74,1,,29,-188,,10.1016/j.gca.2019.08.026,Sediment
Ladd 2021 compilation (Freimuth et al 2019b),ETH Zurich: doi:10.3929/ethz-b-000412154,"Heart, North America",44.18,-73.97,665,-75,1,,29,-186,,10.1016/j.gca.2019.08.026,Sediment
Ladd 2021 compilation (Freimuth et al 2019b),ETH Zurich: doi:10.3929/ethz-b-000412154,"Sucker, North America",44.18,-75.12,426,-74,1,,29,-197,,10.1016/j.gca.2019.08.026,Sediment
Ladd 2021 compilation (Freimuth et al 2019b),ETH Zurich: doi:10.3929/ethz-b-000412154,"Raquette, North America",44.23,-74.47,470,-74,1,,29,-186,,10.1016/j.gca.2019.08.026,Sediment
Ladd 2021 compilation (Freimuth et al 2019b),ETH Zurich: doi:10.3929/ethz-b-000412154,"East Pine, North America",44.34,-74.41,513,-75,1,,29,-193,,10.1016/j.gca.2019.08.026,Sediment
Ladd 2021 compilation (Freimuth et al 2019b),ETH Zurich: doi:10.3929/ethz-b-000412154,"Little Green, North America",44.36,-74.3,521,-75,1,,29,-190,,10.1016/j.gca.2019.08.026,Sediment
Ladd 2021 compilation (Freimuth et al 2019b),ETH Zurich: doi:10.3929/ethz-b-000412154,"Moose, North America",44.37,-74.06,475,-74,1,,29,-190,,10.1016/j.gca.2019.08.026,Sediment
Ladd 2021 compilation (Freimuth et al 2019b),ETH Zurich: doi:10.3929/ethz-b-000412154,"Hope, North America",44.51,-74.13,523,-76,1,,29,-190,,10.1016/j.gca.2019.08.026,Sediment
Ladd 2021 compilation (Freimuth et al 2019b),ETH Zurich: doi:10.3929/ethz-b-000412154,"Debar, North America",44.62,-74.19,483,-76,1,,29,-196,,10.1016/j.gca.2019.08.026,Sediment
Ladd 2021 compilation (Freimuth et al 2019b),ETH Zurich: doi:10.3929/ethz-b-000412154,"Chazy, North America",44.73,-73.82,466,-76,1,,29,-188,,10.1016/j.gca.2019.08.026,Sediment
"Ladd 2021 compilation (Freimuth et al., 2019a)",ETH Zurich: doi:10.3929/ethz-b-000412154,"Brown's Bog, Ohio, North America",40.6818,-82.06045,291,-50,2,,29,-176.3,,10.1016/j.orggeochem.2019.01.006,Sediment
"Ladd 2021 compilation (Garcin et al., 2012)",ETH Zurich: doi:10.3929/ethz-b-000412154,"BARO, Africa",4.65,9.41,304,-17,,,29,-155,,10.1016/j.gca.2011.11.039,Sediment
"Ladd 2021 compilation (Goldsmith et al., 2019)",ETH Zurich: doi:10.3929/ethz-b-000412154,"Mitzpe ramon, Asia",30.6199,34.7867,828,-21,,,29,-116,,10.1029/2019jg005149,Sediment
"Ladd 2021 compilation (Goldsmith et al., 2019)",ETH Zurich: doi:10.3929/ethz-b-000412154,"Arad, Asia",31.23727,35.21481,558,-21,,,29,-146,,10.1029/2019jg005149,Sediment
"Ladd 2021 compilation (Goldsmith et al., 2019)",ETH Zurich: doi:10.3929/ethz-b-000412154,"Beer Sheva, Asia",31.24406,34.89974,353,-17,,,29,-142,,10.1029/2019jg005149,Sediment
"Ladd 2021 compilation (Goldsmith et al., 2019)",ETH Zurich: doi:10.3929/ethz-b-000412154,"Soreq, Asia",31.75327,35.02987,400,-22,,,29,-149,,10.1029/2019jg005149,Sediment
"Ladd 2021 compilation (Goldsmith et al., 2019)",ETH Zurich: doi:10.3929/ethz-b-000412154,"Jerusalem, Asia",31.7857,35.17076,815,-28,,,29,-142,,10.1029/2019jg005149,Sediment
"Ladd 2021 compilation (Goldsmith et al., 2019)",ETH Zurich: doi:10.3929/ethz-b-000412154,"Alon, Asia",31.80058,35.33009,290,-20,,,29,-142,,10.1029/2019jg005149,Sediment
"Ladd 2021 compilation (Goldsmith et al., 2019)",ETH Zurich: doi:10.3929/ethz-b-000412154,"Beit Dagan, Asia",31.96735,34.90578,50,-17,,,29,-143,,10.1029/2019jg005149,Sediment
"Ladd 2021 compilation (Goldsmith et al., 2019)",ETH Zurich: doi:10.3929/ethz-b-000412154,"Haifa, Asia",32.79204,34.97167,102,-21,,,29,-140,,10.1029/2019jg005149,Sediment
"Ladd 2021 compilation (Goldsmith et al., 2019)",ETH Zurich: doi:10.3929/ethz-b-000412154,"Michmanim, Asia",32.88376,35.38066,157,-22,,,29,-157,,10.1029/2019jg005149,Sediment
"Ladd 2021 compilation (Goldsmith et al., 2019)",ETH Zurich: doi:10.3929/ethz-b-000412154,"Peki'in, Asia",32.98272,35.3158,650,-30,,,29,-145,,10.1029/2019jg005149,Sediment
"Ladd 2021 compilation (Goldsmith et al., 2019)",ETH Zurich: doi:10.3929/ethz-b-000412154,"Har Canaan, Asia",33.02356,35.49748,858,-33,,,29,-151,,10.1029/2019jg005149,Sediment
"Ladd 2021 compilation (Goldsmith et al., 2019)",ETH Zurich: doi:10.3929/ethz-b-000412154,"Hermon, Asia",33.27398,35.75821,1337,-42,,,29,-155,,10.1029/2019jg005149,Sediment
Ladd 2021 compilation (Guenther et al 2013),ETH Zurich: doi:10.3929/ethz-b-000412154,"NC, Asia",30.5,90.6,4718,-139,4,,29,-221.4,,10.1016/j.quaint.2013.07.013,Sediment
Ladd 2021 compilation (Guenther et al 2013),ETH Zurich: doi:10.3929/ethz-b-000412154,"KYC, Asia",30.6,82.05,4798,-109,10,,29,-238.7,,10.1016/j.quaint.2013.07.013,Sediment
Ladd 2021 compilation (Guenther et al 2013),ETH Zurich: doi:10.3929/ethz-b-000412154,"TRC, Asia",30.75,86.38,4549,-112,6,,29,-211.2,,10.1016/j.quaint.2013.07.013,Sediment
Ladd 2021 compilation (Guenther et al 2013),ETH Zurich: doi:10.3929/ethz-b-000412154,"TC, Asia",31.05,83.92,4570,-103,3,,29,-219.1,,10.1016/j.quaint.2013.07.013,Sediment
Ladd 2021 compilation (Guenther et al 2013),ETH Zurich: doi:10.3929/ethz-b-000412154,"SXC, Asia",34.58,80.2,5070,-98,19,,29,-196.5,,10.1016/j.quaint.2013.07.013,Sediment
Ladd 2021 compilation (Guenther et al 2013),ETH Zurich: doi:10.3929/ethz-b-000412154,"LMC, Asia",34.58,80.35,5030,-97,19,,29,-209.2,,10.1016/j.quaint.2013.07.013,Sediment
"Ladd 2021 compilation (Herrmann et al., 2017)",ETH Zurich: doi:10.3929/ethz-b-000412154,"South Africa, Africa",-33.51,20.35,,-23.05159166,,,29,-110,,10.1016/j.orggeochem.2017.03.008,Sediment
"Ladd 2021 compilation (Herrmann et al., 2017)",ETH Zurich: doi:10.3929/ethz-b-000412154,"South Africa, Africa",-32.87,18.39,,-14.73922902,,,29,-131,,10.1016/j.orggeochem.2017.03.008,Sediment
"Ladd 2021 compilation (Herrmann et al., 2017)",ETH Zurich: doi:10.3929/ethz-b-000412154,"South Africa, Africa",-32.86,18.53,,-18.09954751,,,29,-132,,10.1016/j.orggeochem.2017.03.008,Sediment
"Ladd 2021 compilation (Herrmann et al., 2017)",ETH Zurich: doi:10.3929/ethz-b-000412154,"South Africa, Africa",-32.79,19.22,,-17.87709497,,,29,-121,,10.1016/j.orggeochem.2017.03.008,Sediment
"Ladd 2021 compilation (Herrmann et al., 2017)",ETH Zurich: doi:10.3929/ethz-b-000412154,"South Africa, Africa",-32.79,19.22,,-18.20250284,,,29,-137,,10.1016/j.orggeochem.2017.03.008,Sediment
"Ladd 2021 compilation (Herrmann et al., 2017)",ETH Zurich: doi:10.3929/ethz-b-000412154,"South Africa, Africa",-32.72,18.25,,-12.5,,,29,-131,,10.1016/j.orggeochem.2017.03.008,Sediment
"Ladd 2021 compilation (Herrmann et al., 2017)",ETH Zurich: doi:10.3929/ethz-b-000412154,"South Africa, Africa",-32.72,18.25,,-12.71676301,,,29,-146,,10.1016/j.orggeochem.2017.03.008,Sediment
"Ladd 2021 compilation (Herrmann et al., 2017)",ETH Zurich: doi:10.3929/ethz-b-000412154,"South Africa, Africa",-32.33,20.34,,-25,,,29,-103,,10.1016/j.orggeochem.2017.03.008,Sediment
"Ladd 2021 compilation (Herrmann et al., 2017)",ETH Zurich: doi:10.3929/ethz-b-000412154,"South Africa, Africa",-32.3,19.14,,-21.64009112,,,29,-141,,10.1016/j.orggeochem.2017.03.008,Sediment
"Ladd 2021 compilation (Herrmann et al., 2017)",ETH Zurich: doi:10.3929/ethz-b-000412154,"South Africa, Africa",-32.22,18.22,,-13.72997712,,,29,-138,,10.1016/j.orggeochem.2017.03.008,Sediment
"Ladd 2021 compilation (Herrmann et al., 2017)",ETH Zurich: doi:10.3929/ethz-b-000412154,"South Africa, Africa",-32.22,18.22,,-12.64367816,,,29,-141,,10.1016/j.orggeochem.2017.03.008,Sediment
"Ladd 2021 compilation (Herrmann et al., 2017)",ETH Zurich: doi:10.3929/ethz-b-000412154,"South Africa, Africa",-32.21,20.39,,-25.55555556,,,29,-123,,10.1016/j.orggeochem.2017.03.008,Sediment
"Ladd 2021 compilation (Herrmann et al., 2017)",ETH Zurich: doi:10.3929/ethz-b-000412154,"South Africa, Africa",-32.21,20.39,,-25.93010147,,,29,-136,,10.1016/j.orggeochem.2017.03.008,Sediment
"Ladd 2021 compilation (Herrmann et al., 2017)",ETH Zurich: doi:10.3929/ethz-b-000412154,"South Africa, Africa",-32.18,18.24,,-12.48581158,,,29,-130,,10.1016/j.orggeochem.2017.03.008,Sediment
"Ladd 2021 compilation (Herrmann et al., 2017)",ETH Zurich: doi:10.3929/ethz-b-000412154,"South Africa, Africa",-32.13,18.6,,-20.1793722,,,29,-126,,10.1016/j.orggeochem.2017.03.008,Sediment
"Ladd 2021 compilation (Herrmann et al., 2017)",ETH Zurich: doi:10.3929/ethz-b-000412154,"South Africa, Africa",-32.13,18.6,,-20.36199095,,,29,-134,,10.1016/j.orggeochem.2017.03.008,Sediment
"Ladd 2021 compilation (Herrmann et al., 2017)",ETH Zurich: doi:10.3929/ethz-b-000412154,"South Africa, Africa",-32.13,19.05,,-20.31602709,,,29,-132,,10.1016/j.orggeochem.2017.03.008,Sediment
"Ladd 2021 compilation (Herrmann et al., 2017)",ETH Zurich: doi:10.3929/ethz-b-000412154,"South Africa, Africa",-31.56,19.89,,-15.73033708,,,29,-124,,10.1016/j.orggeochem.2017.03.008,Sediment
"Ladd 2021 compilation (Herrmann et al., 2017)",ETH Zurich: doi:10.3929/ethz-b-000412154,"South Africa, Africa",-31.34,18.32,,-11.22334456,,,29,-119,,10.1016/j.orggeochem.2017.03.008,Sediment
"Ladd 2021 compilation (Herrmann et al., 2017)",ETH Zurich: doi:10.3929/ethz-b-000412154,"South Africa, Africa",-31.34,18.32,,-11.28668172,,,29,-124,,10.1016/j.orggeochem.2017.03.008,Sediment
"Ladd 2021 compilation (Herrmann et al., 2017)",ETH Zurich: doi:10.3929/ethz-b-000412154,"South Africa, Africa",-31.28,19.5,,-20.29312289,,,29,-131,,10.1016/j.orggeochem.2017.03.008,Sediment
"Ladd 2021 compilation (Herrmann et al., 2017)",ETH Zurich: doi:10.3929/ethz-b-000412154,"South Africa, Africa",-31.26,18.36,,-10.03344482,,,29,-112,,10.1016/j.orggeochem.2017.03.008,Sediment
"Ladd 2021 compilation (Herrmann et al., 2017)",ETH Zurich: doi:10.3929/ethz-b-000412154,"South Africa, Africa",-31.26,18.42,,-11.0864745,,,29,-108,,10.1016/j.orggeochem.2017.03.008,Sediment
"Ladd 2021 compilation (Herrmann et al., 2017)",ETH Zurich: doi:10.3929/ethz-b-000412154,"South Africa, Africa",-31.23,19.17,,-16.46542261,,,29,-104,,10.1016/j.orggeochem.2017.03.008,Sediment
"Ladd 2021 compilation (Herrmann et al., 2017)",ETH Zurich: doi:10.3929/ethz-b-000412154,"South Africa, Africa",-31.23,19.17,,-16.62971175,,,29,-113,,10.1016/j.orggeochem.2017.03.008,Sediment
"Ladd 2021 compilation (Herrmann et al., 2017)",ETH Zurich: doi:10.3929/ethz-b-000412154,"South Africa, Africa",-31.18,20.9,,-18.68131868,,,29,-107,,10.1016/j.orggeochem.2017.03.008,Sediment
"Ladd 2021 compilation (Herrmann et al., 2017)",ETH Zurich: doi:10.3929/ethz-b-000412154,"South Africa, Africa",-31.18,20.9,,-18.88888889,,,29,-117,,10.1016/j.orggeochem.2017.03.008,Sediment
"Ladd 2021 compilation (Herrmann et al., 2017)",ETH Zurich: doi:10.3929/ethz-b-000412154,"South Africa, Africa",-31.08,18.15,,-12.26309922,,,29,-114,,10.1016/j.orggeochem.2017.03.008,Sediment
"Ladd 2021 compilation (Herrmann et al., 2017)",ETH Zurich: doi:10.3929/ethz-b-000412154,"South Africa, Africa",-30.5,19.46,,-13.36302895,,,29,-114,,10.1016/j.orggeochem.2017.03.008,Sediment
"Ladd 2021 compilation (Herrmann et al., 2017)",ETH Zurich: doi:10.3929/ethz-b-000412154,"South Africa, Africa",-30.46,18.29,,-15.46961326,,,29,-109,,10.1016/j.orggeochem.2017.03.008,Sediment
"Ladd 2021 compilation (Herrmann et al., 2017)",ETH Zurich: doi:10.3929/ethz-b-000412154,"South Africa, Africa",-30.46,18.29,,-14.92537313,,,29,-142,,10.1016/j.orggeochem.2017.03.008,Sediment
"Ladd 2021 compilation (Herrmann et al., 2017)",ETH Zurich: doi:10.3929/ethz-b-000412154,"South Africa, Africa",-30.4,20.24,,-26.37362637,,,29,-114,,10.1016/j.orggeochem.2017.03.008,Sediment
"Ladd 2021 compilation (Herrmann et al., 2017)",ETH Zurich: doi:10.3929/ethz-b-000412154,"South Africa, Africa",-30.26,18.46,,-15.23394995,,,29,-95,,10.1016/j.orggeochem.2017.03.008,Sediment
"Ladd 2021 compilation (Herrmann et al., 2017)",ETH Zurich: doi:10.3929/ethz-b-000412154,"South Africa, Africa",-30.24,18.46,,-16.07717042,,,29,-82,,10.1016/j.orggeochem.2017.03.008,Sediment
"Ladd 2021 compilation (Herrmann et al., 2017)",ETH Zurich: doi:10.3929/ethz-b-000412154,"South Africa, Africa",-29.87,26.4,,-30.56768559,,,29,-112,,10.1016/j.orggeochem.2017.03.008,Sediment
"Ladd 2021 compilation (Herrmann et al., 2017)",ETH Zurich: doi:10.3929/ethz-b-000412154,"South Africa, Africa",-29.8,25.33,,-33.22259136,,,29,-127,,10.1016/j.orggeochem.2017.03.008,Sediment
"Ladd 2021 compilation (Herrmann et al., 2017)",ETH Zurich: doi:10.3929/ethz-b-000412154,"South Africa, Africa",-29.62,23.44,,-26.46085998,,,29,-117,,10.1016/j.orggeochem.2017.03.008,Sediment
"Ladd 2021 compilation (Herrmann et al., 2017)",ETH Zurich: doi:10.3929/ethz-b-000412154,"South Africa, Africa",-29.57,22.2,,-23.88707926,,,29,-101,,10.1016/j.orggeochem.2017.03.008,Sediment
"Ladd 2021 compilation (Herrmann et al., 2017)",ETH Zurich: doi:10.3929/ethz-b-000412154,"South Africa, Africa",-29.46,20.47,,-24.28256071,,,29,-116,,10.1016/j.orggeochem.2017.03.008,Sediment
"Ladd 2021 compilation (Herrmann et al., 2017)",ETH Zurich: doi:10.3929/ethz-b-000412154,"South Africa, Africa",-29.46,20.47,,-24.26160338,,,29,-75,,10.1016/j.orggeochem.2017.03.008,Sediment
"Ladd 2021 compilation (Herrmann et al., 2017)",ETH Zurich: doi:10.3929/ethz-b-000412154,"South Africa, Africa",-29.4,22.55,,-27.71855011,,,29,-88,,10.1016/j.orggeochem.2017.03.008,Sediment
"Ladd 2021 compilation (Herrmann et al., 2017)",ETH Zurich: doi:10.3929/ethz-b-000412154,"South Africa, Africa",-29.31,19.26,,-26.88172043,,,29,-95,,10.1016/j.orggeochem.2017.03.008,Sediment
"Ladd 2021 compilation (Herrmann et al., 2017)",ETH Zurich: doi:10.3929/ethz-b-000412154,"South Africa, Africa",-29.29,22.45,,-27.14440825,,,29,-104,,10.1016/j.orggeochem.2017.03.008,Sediment
"Ladd 2021 compilation (Herrmann et al., 2017)",ETH Zurich: doi:10.3929/ethz-b-000412154,"South Africa, Africa",-29.23,21.7,,-23.07692308,,,29,-111,,10.1016/j.orggeochem.2017.03.008,Sediment
"Ladd 2021 compilation (Herrmann et al., 2017)",ETH Zurich: doi:10.3929/ethz-b-000412154,"South Africa, Africa",-29.22,23.2,,-27.4122807,,,29,-113,,10.1016/j.orggeochem.2017.03.008,Sediment
"Ladd 2021 compilation (Herrmann et al., 2017)",ETH Zurich: doi:10.3929/ethz-b-000412154,"South Africa, Africa",-28.58,25.3,,-29.47598253,,,29,-111,,10.1016/j.orggeochem.2017.03.008,Sediment
"Ladd 2021 compilation (Herrmann et al., 2017)",ETH Zurich: doi:10.3929/ethz-b-000412154,"South Africa, Africa",-28.57,19.23,,-25.19167579,,,29,-110,,10.1016/j.orggeochem.2017.03.008,Sediment
"Ladd 2021 compilation (Herrmann et al., 2017)",ETH Zurich: doi:10.3929/ethz-b-000412154,"South Africa, Africa",-28.57,27.5,,-31.79824561,,,29,-117,,10.1016/j.orggeochem.2017.03.008,Sediment
"Ladd 2021 compilation (Herrmann et al., 2017)",ETH Zurich: doi:10.3929/ethz-b-000412154,"South Africa, Africa",-28.56,24.13,,-24.28256071,,,29,-116,,10.1016/j.orggeochem.2017.03.008,Sediment
"Ladd 2021 compilation (Herrmann et al., 2017)",ETH Zurich: doi:10.3929/ethz-b-000412154,"South Africa, Africa",-28.5,26.36,,-29.96670366,,,29,-126,,10.1016/j.orggeochem.2017.03.008,Sediment
"Ladd 2021 compilation (Herrmann et al., 2017)",ETH Zurich: doi:10.3929/ethz-b-000412154,"South Africa, Africa",-28.5,26.36,,-30.20134228,,,29,-133,,10.1016/j.orggeochem.2017.03.008,Sediment
"Ladd 2021 compilation (Herrmann et al., 2017)",ETH Zurich: doi:10.3929/ethz-b-000412154,"South Africa, Africa",-28.45,24.42,,-26.2295082,,,29,-109,,10.1016/j.orggeochem.2017.03.008,Sediment
"Ladd 2021 compilation (Herrmann et al., 2017)",ETH Zurich: doi:10.3929/ethz-b-000412154,"South Africa, Africa",-28.45,24.42,,-25.44247788,,,29,-119,,10.1016/j.orggeochem.2017.03.008,Sediment
"Ladd 2021 compilation (Herrmann et al., 2017)",ETH Zurich: doi:10.3929/ethz-b-000412154,"South Africa, Africa",-28.44,22.31,,-29.50819672,,,29,-112,,10.1016/j.orggeochem.2017.03.008,Sediment
"Ladd 2021 compilation (Herrmann et al., 2017)",ETH Zurich: doi:10.3929/ethz-b-000412154,"South Africa, Africa",-28.38,22.15,,-29.22077922,,,29,-103,,10.1016/j.orggeochem.2017.03.008,Sediment
"Ladd 2021 compilation (Herrmann et al., 2017)",ETH Zurich: doi:10.3929/ethz-b-000412154,"South Africa, Africa",-27.55,28.23,,-29.14798206,,,29,-134,,10.1016/j.orggeochem.2017.03.008,Sediment
"Ladd 2021 compilation (Herrmann et al., 2017)",ETH Zurich: doi:10.3929/ethz-b-000412154,"South Africa, Africa",-27.55,28.23,,-29.61275626,,,29,-148,,10.1016/j.orggeochem.2017.03.008,Sediment
"Ladd 2021 compilation (Herrmann et al., 2017)",ETH Zurich: doi:10.3929/ethz-b-000412154,"South Africa, Africa",-27.55,28.23,,-28.60411899,,,29,-151,,10.1016/j.orggeochem.2017.03.008,Sediment
"Ladd 2021 compilation (Herrmann et al., 2017)",ETH Zurich: doi:10.3929/ethz-b-000412154,"South Africa, Africa",-27.25,28.3,,-26.31578947,,,29,-149,,10.1016/j.orggeochem.2017.03.008,Sediment
"Ladd 2021 compilation (Herrmann et al., 2017)",ETH Zurich: doi:10.3929/ethz-b-000412154,"South Africa, Africa",-27.05,28.35,,-24.60850112,,,29,-128,,10.1016/j.orggeochem.2017.03.008,Sediment
"Ladd 2021 compilation (Huang et al., 2016)",ETH Zurich: doi:10.3929/ethz-b-000412154,"Tiandouyang, Asia",25.9,117.47,1196,-59,,,29,-192,,10.1016/j.palaeo.2016.08.011,Sediment
"Ladd 2021 compilation (Huang et al., 2016)",ETH Zurich: doi:10.3929/ethz-b-000412154,"Shiwangutian, Asia",26.08,110.37,1688,-62,,,29,-208,,10.1016/j.palaeo.2016.08.011,Sediment
"Ladd 2021 compilation (Huang et al., 2016)",ETH Zurich: doi:10.3929/ethz-b-000412154,"Wangdongyang, Asia",27.67,119.63,1398,-63,,,29,-203,,10.1016/j.palaeo.2016.08.011,Sediment
"Ladd 2021 compilation (Huang et al., 2016)",ETH Zurich: doi:10.3929/ethz-b-000412154,"Dajiuhu, Asia",31.47,110,1700,-64,,,29,-204,,10.1016/j.palaeo.2016.08.011,Sediment
"Ladd 2021 compilation (Huang et al., 2016)",ETH Zurich: doi:10.3929/ethz-b-000412154,"Zoige, Asia",33.82,102.73,3500,-71,,,29,-204,,10.1016/j.palaeo.2016.08.011,Sediment
"Ladd 2021 compilation (Huang et al., 2016)",ETH Zurich: doi:10.3929/ethz-b-000412154,"Hani, Asia",42.22,126.52,902,-66,,,29,-222,,10.1016/j.palaeo.2016.08.011,Sediment
"Ladd 2021 compilation (Huang et al., 2016)",ETH Zurich: doi:10.3929/ethz-b-000412154,"Yichun, Asia",48.52,129.53,272,-91,,,29,-209,,10.1016/j.palaeo.2016.08.011,Sediment
"Ladd 2021 compilation (Jaeschke et al., 2018)",ETH Zurich: doi:10.3929/ethz-b-000412154,"II-Forest, Africa",7.4527,36.8704,2545,-5,,,29,-140,,10.1016/j.orggeochem.2018.06.006,Sediment
"Ladd 2021 compilation (Jaeschke et al., 2018)",ETH Zurich: doi:10.3929/ethz-b-000412154,"V-Grassland, Africa",7.5176,36.8758,2109,2,,,29,-125,,10.1016/j.orggeochem.2018.06.006,Sediment
"Ladd 2021 compilation (Jaeschke et al., 2018)",ETH Zurich: doi:10.3929/ethz-b-000412154,"V-Cropland, Africa",7.5176,36.8758,2109,2,,,29,-128,,10.1016/j.orggeochem.2018.06.006,Sediment
"Ladd 2021 compilation (Jaeschke et al., 2018)",ETH Zurich: doi:10.3929/ethz-b-000412154,"V-Forest, Africa",7.5176,36.8758,2109,2,,,29,-134,,10.1016/j.orggeochem.2018.06.006,Sediment
"Ladd 2021 compilation (Jia et al., 2008)",ETH Zurich: doi:10.3929/ethz-b-000412154,"Mt Gonnga, Asia",29.55,101.97,3767,-98,,,29,-237,,10.1016/j.gca.2008.08.004,Sediment
"Ladd 2021 compilation (Jia et al., 2008)",ETH Zurich: doi:10.3929/ethz-b-000412154,"Mt Gonnga, Asia",29.55,101.97,3518,-94,,,29,-224,,10.1016/j.gca.2008.08.004,Sediment
"Ladd 2021 compilation (Jia et al., 2008)",ETH Zurich: doi:10.3929/ethz-b-000412154,"Mt Gonnga, Asia",29.55,101.97,3676,-96,,,29,-241,,10.1016/j.gca.2008.08.004,Sediment
"Ladd 2021 compilation (Jia et al., 2008)",ETH Zurich: doi:10.3929/ethz-b-000412154,"Mt Gonnga, Asia",29.57,101.98,3209,-89,,,29,-200,,10.1016/j.gca.2008.08.004,Sediment
"Ladd 2021 compilation (Jia et al., 2008)",ETH Zurich: doi:10.3929/ethz-b-000412154,"Mt Gonnga, Asia",29.58,101.99,3188,-89,,,29,-220,,10.1016/j.gca.2008.08.004,Sediment
"Ladd 2021 compilation (Jia et al., 2008)",ETH Zurich: doi:10.3929/ethz-b-000412154,"Mt Gonnga, Asia",29.58,102.01,2808,-83,,,29,-193,,10.1016/j.gca.2008.08.004,Sediment
"Ladd 2021 compilation (Jia et al., 2008)",ETH Zurich: doi:10.3929/ethz-b-000412154,"Mt Gonnga, Asia",29.58,101.99,3119,-88,,,29,-207,,10.1016/j.gca.2008.08.004,Sediment
"Ladd 2021 compilation (Jia et al., 2008)",ETH Zurich: doi:10.3929/ethz-b-000412154,"Mt Gonnga, Asia",29.58,102.01,2920,-84,,,29,-197,,10.1016/j.gca.2008.08.004,Sediment
"Ladd 2021 compilation (Jia et al., 2008)",ETH Zurich: doi:10.3929/ethz-b-000412154,"Mt Gonnga, Asia",29.6,102.05,2220,-74,,,29,-203,,10.1016/j.gca.2008.08.004,Sediment
"Ladd 2021 compilation (Jia et al., 2008)",ETH Zurich: doi:10.3929/ethz-b-000412154,"Mt Gonnga, Asia",29.6,102.06,2160,-73,,,29,-214,,10.1016/j.gca.2008.08.004,Sediment
"Ladd 2021 compilation (Jia et al., 2008)",ETH Zurich: doi:10.3929/ethz-b-000412154,"Mt Gonnga, Asia",29.6,102.07,2115,-72,,,29,-185,,10.1016/j.gca.2008.08.004,Sediment
"Ladd 2021 compilation (Jia et al., 2008)",ETH Zurich: doi:10.3929/ethz-b-000412154,"Mt Gonnga, Asia",29.6,102.07,2005,-70,,,29,-199,,10.1016/j.gca.2008.08.004,Sediment
"Ladd 2021 compilation (Jia et al., 2008)",ETH Zurich: doi:10.3929/ethz-b-000412154,"Mt Gonnga, Asia",29.6,102.07,2085,-72,,,29,-206,,10.1016/j.gca.2008.08.004,Sediment
"Ladd 2021 compilation (Jia et al., 2008)",ETH Zurich: doi:10.3929/ethz-b-000412154,"Mt Gonnga, Asia",29.6,102.04,2350,-76,,,29,-189,,10.1016/j.gca.2008.08.004,Sediment
"Ladd 2021 compilation (Jia et al., 2008)",ETH Zurich: doi:10.3929/ethz-b-000412154,"Mt Gonnga, Asia",29.61,102.11,1645,-65,,,29,-181,,10.1016/j.gca.2008.08.004,Sediment
"Ladd 2021 compilation (Jia et al., 2008)",ETH Zurich: doi:10.3929/ethz-b-000412154,"Mt Gonnga, Asia",29.61,102.17,1220,-58,,,29,-195,,10.1016/j.gca.2008.08.004,Sediment
"Ladd 2021 compilation (Jia et al., 2008)",ETH Zurich: doi:10.3929/ethz-b-000412154,"Mt Gonnga, Asia",29.61,102.09,1850,-68,,,29,-195,,10.1016/j.gca.2008.08.004,Sediment
"Ladd 2021 compilation (Jia et al., 2008)",ETH Zurich: doi:10.3929/ethz-b-000412154,"Mt Gonnga, Asia",29.62,102.11,1740,-66,,,29,-178,,10.1016/j.gca.2008.08.004,Sediment
"Ladd 2021 compilation (Jia et al., 2008)",ETH Zurich: doi:10.3929/ethz-b-000412154,"Mt Gonnga, Asia",29.63,102.14,1375,-61,,,29,-169,,10.1016/j.gca.2008.08.004,Sediment
"Ladd 2021 compilation (Jia et al., 2008)",ETH Zurich: doi:10.3929/ethz-b-000412154,"Mt Gonnga, Asia",29.64,102.13,1470,-62,,,29,-184,,10.1016/j.gca.2008.08.004,Sediment
"Ladd 2021 compilation (Jia et al., 2008)",ETH Zurich: doi:10.3929/ethz-b-000412154,"Mt Gonnga, Asia",29.65,102.11,1610,-64,,,29,-192,,10.1016/j.gca.2008.08.004,Sediment
"Ladd 2021 compilation (Krull et al., 2006)",ETH Zurich: doi:10.3929/ethz-b-000412154,"Queensland, Australia",-23.22,143.95,191,-20,,,29,-88,,10.1016/j.soilbio.2006.04.008,Sediment
"Ladd 2021 compilation (Ladd et al., SPCZ in prep)",ETH Zurich: doi:10.3929/ethz-b-000412154,"Lake Dranoniveilomo, Vanua Balavu, Fiji, Tropical Pacific",-17.1976,-178.9559,,-21,,,29,-150.8,,10.1029/2020JG005891,Sediment
"Ladd 2021 compilation (Ladd et al., SPCZ in prep)",ETH Zurich: doi:10.3929/ethz-b-000412154,"Oroatera Pond, Tetiaroa, French Polynesia, Tropical Pacific",-16.9958,-149.5409,,-25,,,29,-173.5,,10.1029/2020JG005891,Sediment
"Ladd 2021 compilation (Ladd et al., SPCZ in prep)",ETH Zurich: doi:10.3929/ethz-b-000412154,"Lake Tagamaucia, Teveuni, Fiji, Tropical Pacific",-16.8163,-179.9399,,-34,,,29,-170.1,,10.1029/2020JG005891,Sediment
"Ladd 2021 compilation (Ladd, Maloney et al (UW))",ETH Zurich: doi:10.3929/ethz-b-000412154,"ChuTol, Tropical Pacific",7.35,151.604,0,-32,,,29,-153,,10.1029/2020JG005891,Sediment
"Ladd 2021 compilation (Ladd, Maloney et al (UW))",ETH Zurich: doi:10.3929/ethz-b-000412154,"YapGal, Tropical Pacific",9.49,138.088,0,-34,,,29,-151,,10.1029/2020JG005891,Sediment
"Ladd 2021 compilation (Ladd, Maloney et al (UW))",ETH Zurich: doi:10.3929/ethz-b-000412154,"GuSasa, Tropical Pacific",13.44,144.683,0,-29,,,29,-145,,10.1029/2020JG005891,Sediment
"Ladd 2021 compilation (Leider et al., 2013)",ETH Zurich: doi:10.3929/ethz-b-000412154,"Lago Alimini Grande, Europe",40.2,18.45,719,-47,2,,29,-159,,10.1016/j.gca.2013.04.018,Sediment
"Ladd 2021 compilation (Leider et al., 2013)",ETH Zurich: doi:10.3929/ethz-b-000412154,"Lago Bomba, Europe",42.01,14.36,731,-45,1,,29,-156,,10.1016/j.gca.2013.04.018,Sediment
"Ladd 2021 compilation (Li et al., 2019)",ETH Zurich: doi:10.3929/ethz-b-000412154,"S1, Asia",22.57,114.23,197,-43,,,29,-173.5,,10.1016/j.orggeochem.2019.04.009,Sediment
"Ladd 2021 compilation (Li et al., 2019)",ETH Zurich: doi:10.3929/ethz-b-000412154,"S2, Asia",23.27,114.03,600,-50,,,29,-179.3,,10.1016/j.orggeochem.2019.04.009,Sediment
"Ladd 2021 compilation (Li et al., 2019)",ETH Zurich: doi:10.3929/ethz-b-000412154,"S3, Asia",23.3,113.46,451,-47,,,29,-169.9,,10.1016/j.orggeochem.2019.04.009,Sediment
"Ladd 2021 compilation (Li et al., 2019)",ETH Zurich: doi:10.3929/ethz-b-000412154,"S4, Asia",23.63,113.87,531,-48,,,29,-171,,10.1016/j.orggeochem.2019.04.009,Sediment
"Ladd 2021 compilation (Li et al., 2019)",ETH Zurich: doi:10.3929/ethz-b-000412154,"S5, Asia",24.28,113.55,164,-43,,,29,-169,,10.1016/j.orggeochem.2019.04.009,Sediment
"Ladd 2021 compilation (Li et al., 2019)",ETH Zurich: doi:10.3929/ethz-b-000412154,"S6, Asia",24.6,113.65,137,-42,,,29,-170.3,,10.1016/j.orggeochem.2019.04.009,Sediment
"Ladd 2021 compilation (Li et al., 2019)",ETH Zurich: doi:10.3929/ethz-b-000412154,"S7, Asia",25.1,113.52,302,-44,,,29,-170.6,,10.1016/j.orggeochem.2019.04.009,Sediment
"Ladd 2021 compilation (Li et al., 2019)",ETH Zurich: doi:10.3929/ethz-b-000412154,"S8, Asia",25.29,112.99,186,-41,,,29,-170.3,,10.1016/j.orggeochem.2019.04.009,Sediment
"Ladd 2021 compilation (Li et al., 2019)",ETH Zurich: doi:10.3929/ethz-b-000412154,"S9, Asia",25.64,113.04,280,-41,,,29,-170.6,,10.1016/j.orggeochem.2019.04.009,Sediment
"Ladd 2021 compilation (Li et al., 2019)",ETH Zurich: doi:10.3929/ethz-b-000412154,"S10, Asia",26.81,112.58,80,-33,,,29,-169,,10.1016/j.orggeochem.2019.04.009,Sediment
"Ladd 2021 compilation (Li et al., 2019)",ETH Zurich: doi:10.3929/ethz-b-000412154,"S11, Asia",27.11,112.1,165,-35,,,29,-164.7,,10.1016/j.orggeochem.2019.04.009,Sediment
"Ladd 2021 compilation (Li et al., 2019)",ETH Zurich: doi:10.3929/ethz-b-000412154,"SE02, Asia",27.83,117.73,1337,-63,,,29,-205.6,,10.1016/j.orggeochem.2019.04.009,Sediment
"Ladd 2021 compilation (Li et al., 2019)",ETH Zurich: doi:10.3929/ethz-b-000412154,"SE04, Asia",27.84,117.76,1765,-69,,,29,-211.9,,10.1016/j.orggeochem.2019.04.009,Sediment
"Ladd 2021 compilation (Li et al., 2019)",ETH Zurich: doi:10.3929/ethz-b-000412154,"SE01, Asia",27.88,117.74,749,-54,,,29,-192,,10.1016/j.orggeochem.2019.04.009,Sediment
"Ladd 2021 compilation (Li et al., 2019)",ETH Zurich: doi:10.3929/ethz-b-000412154,"S12, Asia",31.05,110.92,1760,-71,,,29,-196.3,,10.1016/j.orggeochem.2019.04.009,Sediment
"Ladd 2021 compilation (Li et al., 2019)",ETH Zurich: doi:10.3929/ethz-b-000412154,"S13, Asia",31.3,110.38,900,-57,,,29,-174,,10.1016/j.orggeochem.2019.04.009,Sediment
"Ladd 2021 compilation (Li et al., 2019)",ETH Zurich: doi:10.3929/ethz-b-000412154,"S14, Asia",31.33,110.42,1400,-65,,,29,-178.1,,10.1016/j.orggeochem.2019.04.009,Sediment
"Ladd 2021 compilation (Li et al., 2019)",ETH Zurich: doi:10.3929/ethz-b-000412154,"S15, Asia",31.47,110.38,1339,-64,,,29,-180.1,,10.1016/j.orggeochem.2019.04.009,Sediment
"Ladd 2021 compilation (Li et al., 2019)",ETH Zurich: doi:10.3929/ethz-b-000412154,"X'A, Asia",34.3,108.61,588,-56,,,29,-172.9,,10.1016/j.orggeochem.2019.04.009,Sediment
"Ladd 2021 compilation (Li et al., 2019)",ETH Zurich: doi:10.3929/ethz-b-000412154,"XY, Asia",34.94,113.38,222,-50,,,29,-169.1,,10.1016/j.orggeochem.2019.04.009,Sediment
"Ladd 2021 compilation (Li et al., 2019)",ETH Zurich: doi:10.3929/ethz-b-000412154,"JYX, Asia",35.05,112.46,367,-53,,,29,-170.4,,10.1016/j.orggeochem.2019.04.009,Sediment
"Ladd 2021 compilation (Li et al., 2019)",ETH Zurich: doi:10.3929/ethz-b-000412154,"TC, Asia",35.21,109,1222,-67,,,29,-176.7,,10.1016/j.orggeochem.2019.04.009,Sediment
"Ladd 2021 compilation (Li et al., 2019)",ETH Zurich: doi:10.3929/ethz-b-000412154,"XF, Asia",35.84,111.44,455,-55,,,29,-175.3,,10.1016/j.orggeochem.2019.04.009,Sediment
"Ladd 2021 compilation (Li et al., 2019)",ETH Zurich: doi:10.3929/ethz-b-000412154,"N02, Asia",35.89485,108.97625,622,-57,,,29,-170.8,,10.1016/j.orggeochem.2019.04.009,Sediment
"Ladd 2021 compilation (Li et al., 2019)",ETH Zurich: doi:10.3929/ethz-b-000412154,"FX, Asia",35.96,109.73,1270,-68,,,29,-161.3,,10.1016/j.orggeochem.2019.04.009,Sediment
"Ladd 2021 compilation (Li et al., 2019)",ETH Zurich: doi:10.3929/ethz-b-000412154,"HLS, Asia",36,110.15,897,-62,,,29,-195.7,,10.1016/j.orggeochem.2019.04.009,Sediment
"Ladd 2021 compilation (Li et al., 2019)",ETH Zurich: doi:10.3929/ethz-b-000412154,"GLS, Asia",36.02,103.84,1999,-40,,,29,-149,,10.1016/j.orggeochem.2019.04.009,Sediment
"Ladd 2021 compilation (Li et al., 2019)",ETH Zurich: doi:10.3929/ethz-b-000412154,"QY, Asia",36.08,107.82,1285,-66,,,29,-178.8,,10.1016/j.orggeochem.2019.04.009,Sediment
"Ladd 2021 compilation (Li et al., 2019)",ETH Zurich: doi:10.3929/ethz-b-000412154,"ZWL, Asia",36.09,107.6,1148,-63,,,29,-160,,10.1016/j.orggeochem.2019.04.009,Sediment
"Ladd 2021 compilation (Li et al., 2019)",ETH Zurich: doi:10.3929/ethz-b-000412154,"CZ, Asia",36.2,113.28,1028,-65,,,29,-170.6,,10.1016/j.orggeochem.2019.04.009,Sediment
"Ladd 2021 compilation (Li et al., 2019)",ETH Zurich: doi:10.3929/ethz-b-000412154,"YA, Asia",36.37,109.56,1245,-67,,,29,-166,,10.1016/j.orggeochem.2019.04.009,Sediment
"Ladd 2021 compilation (Li et al., 2019)",ETH Zurich: doi:10.3929/ethz-b-000412154,"JY, Asia",36.46,104.6,1720,-42,,,29,-160,,10.1016/j.orggeochem.2019.04.009,Sediment
"Ladd 2021 compilation (Li et al., 2019)",ETH Zurich: doi:10.3929/ethz-b-000412154,"N03, Asia",36.57676667,109.4143667,1077,-63,,,29,-173.9,,10.1016/j.orggeochem.2019.04.009,Sediment
"Ladd 2021 compilation (Li et al., 2019)",ETH Zurich: doi:10.3929/ethz-b-000412154,"JT, Asia",36.95,104.83,1743,-47,,,29,-170,,10.1016/j.orggeochem.2019.04.009,Sediment
"Ladd 2021 compilation (Li et al., 2019)",ETH Zurich: doi:10.3929/ethz-b-000412154,"N04, Asia",37.29825,108.9454667,1427,-63,,,29,-167.1,,10.1016/j.orggeochem.2019.04.009,Sediment
"Ladd 2021 compilation (Li et al., 2019)",ETH Zurich: doi:10.3929/ethz-b-000412154,"ZW3, Asia",37.36,104.1,1635,-43,,,29,-152.1,,10.1016/j.orggeochem.2019.04.009,Sediment
"Ladd 2021 compilation (Li et al., 2019)",ETH Zurich: doi:10.3929/ethz-b-000412154,"ZW2, Asia",37.52,103.64,1850,-60,,,29,-153.8,,10.1016/j.orggeochem.2019.04.009,Sediment
"Ladd 2021 compilation (Li et al., 2019)",ETH Zurich: doi:10.3929/ethz-b-000412154,"ZW1, Asia",37.64,103.14,1745,-43,,,29,-155.9,,10.1016/j.orggeochem.2019.04.009,Sediment
"Ladd 2021 compilation (Li et al., 2019)",ETH Zurich: doi:10.3929/ethz-b-000412154,"N05, Asia",38.37526667,109.69765,1117,-58,,,29,-162.4,,10.1016/j.orggeochem.2019.04.009,Sediment
"Ladd 2021 compilation (Li et al., 2019)",ETH Zurich: doi:10.3929/ethz-b-000412154,"ALSM1, Asia",38.97,105.66,1464,-51,,,29,-148.8,,10.1016/j.orggeochem.2019.04.009,Sediment
"Ladd 2021 compilation (Li et al., 2019)",ETH Zurich: doi:10.3929/ethz-b-000412154,"ALSYQ1, Asia",39.01,101.2,1789,-44,,,29,-147.9,,10.1016/j.orggeochem.2019.04.009,Sediment
"Ladd 2021 compilation (Li et al., 2019)",ETH Zurich: doi:10.3929/ethz-b-000412154,"ZY2, Asia",39.09,100.07,1604,-41,,,29,-140.9,,10.1016/j.orggeochem.2019.04.009,Sediment
"Ladd 2021 compilation (Li et al., 2019)",ETH Zurich: doi:10.3929/ethz-b-000412154,"ALSYQ7, Asia",39.21,102.62,1443,-41,,,29,-129.5,,10.1016/j.orggeochem.2019.04.009,Sediment
"Ladd 2021 compilation (Li et al., 2019)",ETH Zurich: doi:10.3929/ethz-b-000412154,"JQ8, Asia",39.27,99.34,1683,-41,,,29,-128.1,,10.1016/j.orggeochem.2019.04.009,Sediment
"Ladd 2021 compilation (Li et al., 2019)",ETH Zurich: doi:10.3929/ethz-b-000412154,"N07, Asia",39.27311667,106.7305333,1160,-48,,,29,-149.4,,10.1016/j.orggeochem.2019.04.009,Sediment
"Ladd 2021 compilation (Li et al., 2019)",ETH Zurich: doi:10.3929/ethz-b-000412154,"N06, Asia",39.37438333,108.2947333,1390,-54,,,29,-163.4,,10.1016/j.orggeochem.2019.04.009,Sediment
"Ladd 2021 compilation (Li et al., 2019)",ETH Zurich: doi:10.3929/ethz-b-000412154,"ALSM2, Asia",39.4,105.69,1174,-48,,,29,-152,,10.1016/j.orggeochem.2019.04.009,Sediment
"Ladd 2021 compilation (Li et al., 2019)",ETH Zurich: doi:10.3929/ethz-b-000412154,"JQ1, Asia",39.81,97.99,1749,-38,,,29,-147.2,,10.1016/j.orggeochem.2019.04.009,Sediment
"Ladd 2021 compilation (Li et al., 2019)",ETH Zurich: doi:10.3929/ethz-b-000412154,"ALS, Asia",40.3,107.6,1142,-52,,,29,-160.1,,10.1016/j.orggeochem.2019.04.009,Sediment
"Ladd 2021 compilation (Li et al., 2019)",ETH Zurich: doi:10.3929/ethz-b-000412154,"SEQ, Asia",40.59,110.44,1068,-53,,,29,-163.2,,10.1016/j.orggeochem.2019.04.009,Sediment
"Ladd 2021 compilation (Li et al., 2019)",ETH Zurich: doi:10.3929/ethz-b-000412154,"DK, Asia",40.8,107.5,1078,-53,,,29,-148.5,,10.1016/j.orggeochem.2019.04.009,Sediment
"Ladd 2021 compilation (Li et al., 2019)",ETH Zurich: doi:10.3929/ethz-b-000412154,"LC, Asia",40.92,112.9,1549,-71,,,29,-172.2,,10.1016/j.orggeochem.2019.04.009,Sediment
"Ladd 2021 compilation (Lu et al., 2020)",ETH Zurich: doi:10.3929/ethz-b-000412154,"CB-01, Asia",42.05,127.684,882,-66,,,29,-195,,10.1016/j.orggeochem.2020.104015,Sediment
"Ladd 2021 compilation (Lu et al., 2020)",ETH Zurich: doi:10.3929/ethz-b-000412154,"BYQ-05, Asia",42.3,118.304,696,-71,,,29,-191,,10.1016/j.orggeochem.2020.104015,Sediment
"Ladd 2021 compilation (Lu et al., 2020)",ETH Zurich: doi:10.3929/ethz-b-000412154,"JY-01, Asia",42.373,126.859,601,-62,,,29,-190,,10.1016/j.orggeochem.2020.104015,Sediment
"Ladd 2021 compilation (Lu et al., 2020)",ETH Zurich: doi:10.3929/ethz-b-000412154,"HN-01, Asia",42.627,126.253,340,-58,,,29,-192,,10.1016/j.orggeochem.2020.104015,Sediment
"Ladd 2021 compilation (Lu et al., 2020)",ETH Zurich: doi:10.3929/ethz-b-000412154,"HN-03, Asia",42.636,126.253,344,-59,,,29,-184,,10.1016/j.orggeochem.2020.104015,Sediment
"Ladd 2021 compilation (Lu et al., 2020)",ETH Zurich: doi:10.3929/ethz-b-000412154,"LY-02, Asia",42.967,124.886,255,-58,,,29,-192,,10.1016/j.orggeochem.2020.104015,Sediment
"Ladd 2021 compilation (Lu et al., 2020)",ETH Zurich: doi:10.3929/ethz-b-000412154,"LY-05, Asia",43.092,124.728,301,-59,,,29,-190,,10.1016/j.orggeochem.2020.104015,Sediment
"Ladd 2021 compilation (Lu et al., 2020)",ETH Zurich: doi:10.3929/ethz-b-000412154,"SP-01, Asia",43.208,124.136,135,-57,,,29,-179,,10.1016/j.orggeochem.2020.104015,Sediment
"Ladd 2021 compilation (Lu et al., 2020)",ETH Zurich: doi:10.3929/ethz-b-000412154,"SP-02, Asia",43.209,124.136,136,-57,,,29,-173,,10.1016/j.orggeochem.2020.104015,Sediment
"Ladd 2021 compilation (Lu et al., 2020)",ETH Zurich: doi:10.3929/ethz-b-000412154,"KQ-01, Asia",43.241,117.377,1136,-80,,,29,-177,,10.1016/j.orggeochem.2020.104015,Sediment
"Ladd 2021 compilation (Lu et al., 2020)",ETH Zurich: doi:10.3929/ethz-b-000412154,"KQ-05, Asia",43.241,117.377,1137,-80,,,29,-186,,10.1016/j.orggeochem.2020.104015,Sediment
"Ladd 2021 compilation (Lu et al., 2020)",ETH Zurich: doi:10.3929/ethz-b-000412154,"KQ-02, Asia",43.241,117.378,1135,-80,,,29,-192,,10.1016/j.orggeochem.2020.104015,Sediment
"Ladd 2021 compilation (Lu et al., 2020)",ETH Zurich: doi:10.3929/ethz-b-000412154,"BYQ-01, Asia",43.299,118.302,691,-73,,,29,-196,,10.1016/j.orggeochem.2020.104015,Sediment
"Ladd 2021 compilation (Lu et al., 2020)",ETH Zurich: doi:10.3929/ethz-b-000412154,"PS-02, Asia",43.335,125.976,298,-60,,,29,-190,,10.1016/j.orggeochem.2020.104015,Sediment
"Ladd 2021 compilation (Lu et al., 2020)",ETH Zurich: doi:10.3929/ethz-b-000412154,"TL-09, Asia",43.547,121.709,208,-63,,,29,-177,,10.1016/j.orggeochem.2020.104015,Sediment
"Ladd 2021 compilation (Lu et al., 2020)",ETH Zurich: doi:10.3929/ethz-b-000412154,"TL-07, Asia",43.624,121.787,200,-63,,,29,-171,,10.1016/j.orggeochem.2020.104015,Sediment
"Ladd 2021 compilation (Lu et al., 2020)",ETH Zurich: doi:10.3929/ethz-b-000412154,"TL-03, Asia",43.624,121.786,198,-63,,,29,-178,,10.1016/j.orggeochem.2020.104015,Sediment
"Ladd 2021 compilation (Lu et al., 2020)",ETH Zurich: doi:10.3929/ethz-b-000412154,"KL-04, Asia",43.642,120.887,262,-66,,,29,-184,,10.1016/j.orggeochem.2020.104015,Sediment
"Ladd 2021 compilation (Lu et al., 2020)",ETH Zurich: doi:10.3929/ethz-b-000412154,"KL-01, Asia",43.647,120.94,259,-66,,,29,-177,,10.1016/j.orggeochem.2020.104015,Sediment
"Ladd 2021 compilation (Lu et al., 2020)",ETH Zurich: doi:10.3929/ethz-b-000412154,"TL-01, Asia",43.751,122.602,162,-61,,,29,-176,,10.1016/j.orggeochem.2020.104015,Sediment
"Ladd 2021 compilation (Lu et al., 2020)",ETH Zurich: doi:10.3929/ethz-b-000412154,"AQ-01, Asia",43.838,119.959,525,-71,,,29,-202,,10.1016/j.orggeochem.2020.104015,Sediment
"Ladd 2021 compilation (Lu et al., 2020)",ETH Zurich: doi:10.3929/ethz-b-000412154,"AQ-02, Asia",43.839,119.959,525,-71,,,29,-172,,10.1016/j.orggeochem.2020.104015,Sediment
"Ladd 2021 compilation (Lu et al., 2020)",ETH Zurich: doi:10.3929/ethz-b-000412154,"AQ-03, Asia",43.839,119.959,527,-71,,,29,-185,,10.1016/j.orggeochem.2020.104015,Sediment
"Ladd 2021 compilation (Lu et al., 2020)",ETH Zurich: doi:10.3929/ethz-b-000412154,"AQ-05, Asia",43.839,119.959,526,-71,,,29,-212,,10.1016/j.orggeochem.2020.104015,Sediment
"Ladd 2021 compilation (McFarlin et al., 2019)",ETH Zurich: doi:10.3929/ethz-b-000412154,"PLK, North America",63.8,-51.19,76,-107,7,,29,-206.1,,10.1016/j.quascirev.2019.105978,Sediment
"Ladd 2021 compilation (McFarlin et al., 2019)",ETH Zurich: doi:10.3929/ethz-b-000412154,"RTL5, North America",66.98,-50.92,65,-135,14,,29,-250.6,,10.1016/j.quascirev.2019.105978,Sediment
"Ladd 2021 compilation (McFarlin et al., 2019)",ETH Zurich: doi:10.3929/ethz-b-000412154,"RTL2, North America",67.14,-50.08,449,-148,11,,29,-224.3,,10.1016/j.quascirev.2019.105978,Sediment
Ladd 2021 compilation (Mugler et al 2008),ETH Zurich: doi:10.3929/ethz-b-000412154,"Tibet 4 (CJ), Asia",30.9,90.87,4718,-139,4,,29,-255,,10.1016/j.orggeochem.2008.02.008,Sediment
"Ladd 2021 compilation (Nelson et al., 2018)",ETH Zurich: doi:10.3929/ethz-b-000412154,"Sarnen, Europe",46.869,8.219,469,-66,,,29,-143,,10.1016/j.gca.2018.06.005,Sediment
"Ladd 2021 compilation (Nelson et al., 2018)",ETH Zurich: doi:10.3929/ethz-b-000412154,"Rot, Europe",47.07,8.314,419,-65,2,,29,-200,,10.1016/j.gca.2018.06.005,Sediment
"Ladd 2021 compilation (Nelson et al., 2018)",ETH Zurich: doi:10.3929/ethz-b-000412154,"Soppen, Europe",47.09,8.081,496,-68,1,,29,-200.6,,10.1016/j.gca.2018.06.005,Sediment
"Ladd 2021 compilation (Nelson et al., 2018)",ETH Zurich: doi:10.3929/ethz-b-000412154,"Mauen, Europe",47.171,8.076,522,-67,1,,29,-200.2,,10.1016/j.gca.2018.06.005,Sediment
"Ladd 2021 compilation (Nelson et al., 2018)",ETH Zurich: doi:10.3929/ethz-b-000412154,"Baldegg, Europe",47.2,8.26,463,-66,2,,29,-199.7,,10.1016/j.gca.2018.06.005,Sediment
"Ladd 2021 compilation (Nelson et al., 2018)",ETH Zurich: doi:10.3929/ethz-b-000412154,"Greifen, Europe",47.354,8.672,439,-66,2,,29,-193.2,,10.1016/j.gca.2018.06.005,Sediment
"Ladd 2021 compilation (Peterse et al., 2009)",ETH Zurich: doi:10.3929/ethz-b-000412154,"Mt Kilimanjaro, Africa",-3,37,1727,-23,,,29,-114,,10.5194/bg-6-2799-2009,Sediment
"Ladd 2021 compilation (Peterse et al., 2009)",ETH Zurich: doi:10.3929/ethz-b-000412154,"Mt Kilimanjaro, Africa",-3,37,2239,-30,,,29,-136,,10.5194/bg-6-2799-2009,Sediment
"Ladd 2021 compilation (Peterse et al., 2009)",ETH Zurich: doi:10.3929/ethz-b-000412154,"Mt Kilimanjaro, Africa",-3,37,2124,-29,,,29,-140,,10.5194/bg-6-2799-2009,Sediment
"Ladd 2021 compilation (Peterse et al., 2009)",ETH Zurich: doi:10.3929/ethz-b-000412154,"Mt Kilimanjaro, Africa",-3,37,2999,-41,,,29,-144,,10.5194/bg-6-2799-2009,Sediment
"Ladd 2021 compilation (Peterse et al., 2009)",ETH Zurich: doi:10.3929/ethz-b-000412154,"Mt Kilimanjaro, Africa",-3,37,2764,-38,,,29,-149,,10.5194/bg-6-2799-2009,Sediment
"Ladd 2021 compilation (Peterse et al., 2009)",ETH Zurich: doi:10.3929/ethz-b-000412154,"Mt Kilimanjaro, Africa",-3,37,2068,-28,,,29,-152,,10.5194/bg-6-2799-2009,Sediment
"Ladd 2021 compilation (Peterse et al., 2009)",ETH Zurich: doi:10.3929/ethz-b-000412154,"Mt Kilimanjaro, Africa",-3,37,1967,-27,,,29,-156,,10.5194/bg-6-2799-2009,Sediment
"Ladd 2021 compilation (Polissar & Freeman, 2010)",ETH Zurich: doi:10.3929/ethz-b-000412154,"Laguna Potosi, South America",-19.64,-65.69,4640,-112,,,29,-206,,10.1016/j.gca.2010.06.018,Sediment
"Ladd 2021 compilation (Polissar & Freeman, 2010)",ETH Zurich: doi:10.3929/ethz-b-000412154,"Lago Taypi Chaka Kkota, South America",-16.2,-68.35,4300,-105,,,29,-228,,10.1016/j.gca.2010.06.018,Sediment
"Ladd 2021 compilation (Polissar & Freeman, 2010)",ETH Zurich: doi:10.3929/ethz-b-000412154,"Laguna Los Lirios, South America",8.31,-71.82,2305,-67,,,29,-164,,10.1016/j.gca.2010.06.018,Sediment
"Ladd 2021 compilation (Polissar & Freeman, 2010)",ETH Zurich: doi:10.3929/ethz-b-000412154,"Laguna de La Pata, South America",8.65,-70.93,3980,-91,,,29,-189,,10.1016/j.gca.2010.06.018,Sediment
"Ladd 2021 compilation (Polissar & Freeman, 2010)",ETH Zurich: doi:10.3929/ethz-b-000412154,"Laguna Misteque, South America",8.72,-70.88,3804,-88,12,,29,-196,,10.1016/j.gca.2010.06.018,Sediment
"Ladd 2021 compilation (Polissar & Freeman, 2010)",ETH Zurich: doi:10.3929/ethz-b-000412154,"Laguna Michurao Alto, South America",8.73,-70.86,3738,-87,12,,29,-188,,10.1016/j.gca.2010.06.018,Sediment
"Ladd 2021 compilation (Polissar & Freeman, 2010)",ETH Zurich: doi:10.3929/ethz-b-000412154,"Laguna Royal ¢___D¢__¥, South America",8.73,-70.87,3764,-87,12,,29,-199,,10.1016/j.gca.2010.06.018,Sediment
"Ladd 2021 compilation (Polissar & Freeman, 2010)",ETH Zurich: doi:10.3929/ethz-b-000412154,"Laguna Arenales Alta, South America",8.73,-71.19,4005,-93,12,,29,-186,,10.1016/j.gca.2010.06.018,Sediment
"Ladd 2021 compilation (Polissar & Freeman, 2010)",ETH Zurich: doi:10.3929/ethz-b-000412154,"Laguna Negra, South America",8.79,-70.81,3460,-82,,,29,-177,,10.1016/j.gca.2010.06.018,Sediment
"Ladd 2021 compilation (Polissar & Freeman, 2010)",ETH Zurich: doi:10.3929/ethz-b-000412154,"Laguna Mucubaji, South America",8.8,-70.83,3570,-84,11,,29,-192,,10.1016/j.gca.2010.06.018,Sediment
"Ladd 2021 compilation (Polissar & Freeman, 2010)",ETH Zurich: doi:10.3929/ethz-b-000412154,"Laguna Grande delos Patos, South America",8.81,-70.95,4190,-95,,,29,-191,,10.1016/j.gca.2010.06.018,Sediment
"Ladd 2021 compilation (Polissar & Freeman, 2010)",ETH Zurich: doi:10.3929/ethz-b-000412154,"Laguna La Cura, South America",8.81,-70.95,4230,-95,14,,29,-187,,10.1016/j.gca.2010.06.018,Sediment
"Ladd 2021 compilation (Polissar & Freeman, 2010)",ETH Zurich: doi:10.3929/ethz-b-000412154,"Laguna Verdes Baja, South America",8.86,-70.87,4170,-94,,,29,-185,,10.1016/j.gca.2010.06.018,Sediment
"Ladd 2021 compilation (Polissar & Freeman, 2010)",ETH Zurich: doi:10.3929/ethz-b-000412154,"Laguna Verdes Medio, South America",8.86,-70.87,4192,-94,14,,29,-180,,10.1016/j.gca.2010.06.018,Sediment
"Ladd 2021 compilation (Polissar & Freeman, 2010)",ETH Zurich: doi:10.3929/ethz-b-000412154,"Laguna Zapatera, North America",11.77,-85.85,32,-32,2,,29,-159,,10.1016/j.gca.2010.06.018,Sediment
"Ladd 2021 compilation (Polissar & Freeman, 2010)",ETH Zurich: doi:10.3929/ethz-b-000412154,"Owens Lake, North America",36.49,-117.89,1147,-85,4,,29,-191,,10.1016/j.gca.2010.06.018,Sediment
"Ladd 2021 compilation (Polissar & Freeman, 2010)",ETH Zurich: doi:10.3929/ethz-b-000412154,"Lake Crowley, North America",37.58,-118.73,2058,-103,,,29,-238,,10.1016/j.gca.2010.06.018,Sediment
"Ladd 2021 compilation (Polissar & Freeman, 2010)",ETH Zurich: doi:10.3929/ethz-b-000412154,"Mono Lake, North America",37.94,-119.03,1899,-99,2,,29,-194,,10.1016/j.gca.2010.06.018,Sediment
"Ladd 2021 compilation (Polissar & Freeman, 2010)",ETH Zurich: doi:10.3929/ethz-b-000412154,"Emerald Lake, North America",39.07,-111.49,3093,-120,,,29,-204,,10.1016/j.gca.2010.06.018,Sediment
"Ladd 2021 compilation (Polissar & Freeman, 2010)",ETH Zurich: doi:10.3929/ethz-b-000412154,"S. Grizzly Lake, North America",39.69,-107.33,3239,-111,,,29,-206,,10.1016/j.gca.2010.06.018,Sediment
"Ladd 2021 compilation (Polissar & Freeman, 2010)",ETH Zurich: doi:10.3929/ethz-b-000412154,"Blue (Eagle) Lake, North America",39.75,-106.76,2536,-98,,,29,-208,,10.1016/j.gca.2010.06.018,Sediment
"Ladd 2021 compilation (Polissar & Freeman, 2010)",ETH Zurich: doi:10.3929/ethz-b-000412154,"Bison Lake, North America",39.76,-107.34,3276,-112,,,29,-206,,10.1016/j.gca.2010.06.018,Sediment
"Ladd 2021 compilation (Polissar & Freeman, 2010)",ETH Zurich: doi:10.3929/ethz-b-000412154,"Waddell Lake, North America",48.43,-120.82,1500,-109,,,29,-217,,10.1016/j.gca.2010.06.018,Sediment
"Ladd 2021 compilation (Polissar & Freeman, 2010)",ETH Zurich: doi:10.3929/ethz-b-000412154,"Rainy Lake, North America",48.5,-120.73,1460,-111,,,29,-210,,10.1016/j.gca.2010.06.018,Sediment
"Ladd 2021 compilation (Polissar & Freeman, 2010)",ETH Zurich: doi:10.3929/ethz-b-000412154,"Berdeen Lake, North America",48.71,-121.47,1561,-105,6,,29,-200,,10.1016/j.gca.2010.06.018,Sediment
"Ladd 2021 compilation (Sachse et al., 2004)",ETH Zurich: doi:10.3929/ethz-b-000412154,"Lago Gradnde di Monticchio, Europe",40.92,15.61,674,-48,,,29,-180,,10.1016/j.gca.2004.06.004,Sediment
"Ladd 2021 compilation (Sachse et al., 2004)",ETH Zurich: doi:10.3929/ethz-b-000412154,"Lago di Mezzano, Europe",42.62,11.77,466,-41,,,29,-167,,10.1016/j.gca.2004.06.004,Sediment
"Ladd 2021 compilation (Sachse et al., 2004)",ETH Zurich: doi:10.3929/ethz-b-000412154,"Lago di Massachiucoli, Europe",43.84,10.32,18,-36,,,29,-159,,10.1016/j.gca.2004.06.004,Sediment
"Ladd 2021 compilation (Sachse et al., 2004)",ETH Zurich: doi:10.3929/ethz-b-000412154,"Grystinge, Europe",55.56,11.68,30,-65,,,29,-201,,10.1016/j.gca.2004.06.004,Sediment
"Ladd 2021 compilation (Sachse et al., 2004)",ETH Zurich: doi:10.3929/ethz-b-000412154,"P¥_¥_jarvi, Europe",61.06,25.09,151,-88,,,29,-205,,10.1016/j.gca.2004.06.004,Sediment
"Ladd 2021 compilation (Sachse et al., 2004)",ETH Zurich: doi:10.3929/ethz-b-000412154,"Syrj¥_nalunen, Europe",61.18,25.13,156,-88,,,29,-207,,10.1016/j.gca.2004.06.004,Sediment
"Ladd 2021 compilation (Sachse et al., 2004)",ETH Zurich: doi:10.3929/ethz-b-000412154,"Kiuvaj¥_rvi, Europe",61.84,24.27,149,-89,,,29,-205,,10.1016/j.gca.2004.06.004,Sediment
"Ladd 2021 compilation (Sachse et al., 2004)",ETH Zurich: doi:10.3929/ethz-b-000412154,"Tunturilampi, Europe",67.35,27.17,293,-99,,,29,-227,,10.1016/j.gca.2004.06.004,Sediment
"Ladd 2021 compilation (Sachse et al., 2004)",ETH Zurich: doi:10.3929/ethz-b-000412154,"Hirvii¥_nkurunlampi, Europe",67.37,26.86,178,-98,,,29,-215,,10.1016/j.gca.2004.06.004,Sediment
"Ladd 2021 compilation (Sachse et al., 2004)",ETH Zurich: doi:10.3929/ethz-b-000412154,"Keitjoru, Europe",68.67,21.51,428,-114,,,29,-230,,10.1016/j.gca.2004.06.004,Sediment
"Ladd 2021 compilation (Sachse et al., 2004)",ETH Zurich: doi:10.3929/ethz-b-000412154,"Oikoj¥_rvi, Europe",68.84,21.17,463,-115,,,29,-221,,10.1016/j.gca.2004.06.004,Sediment
"Ladd 2021 compilation (Schwab et al., 2015)",ETH Zurich: doi:10.3929/ethz-b-000412154,"OSSA, Africa",3.77,10,17,-14,,,29,-152,,10.1016/j.orggeochem.2014.09.007,Sediment
"Ladd 2021 compilation (Schwab et al., 2015)",ETH Zurich: doi:10.3929/ethz-b-000412154,"DEBU, Africa",4.1,8.98,70,-14,,,29,-166,,10.1016/j.orggeochem.2014.09.007,Sediment
"Ladd 2021 compilation (Schwab et al., 2015)",ETH Zurich: doi:10.3929/ethz-b-000412154,"BARO, Africa",4.65,9.41,304,-17,,,29,-148,,10.1016/j.orggeochem.2014.09.007,Sediment
"Ladd 2021 compilation (Schwab et al., 2015)",ETH Zurich: doi:10.3929/ethz-b-000412154,"TIZO, Africa",7.25,13.58,1155,-27,,,29,-170,,10.1016/j.orggeochem.2014.09.007,Sediment
"Ladd 2021 compilation (Schwab et al., 2015)",ETH Zurich: doi:10.3929/ethz-b-000412154,"MAMG, Africa",8.39,13.71,322,-22,,,29,-181,,10.1016/j.orggeochem.2014.09.007,Sediment
"Ladd 2021 compilation (Schwab et al., 2015)",ETH Zurich: doi:10.3929/ethz-b-000412154,"RHUM, Africa",10.51,13.58,1028,-33,,,29,-184,,10.1016/j.orggeochem.2014.09.007,Sediment
"Ladd 2021 compilation (Schwab et al., 2015)",ETH Zurich: doi:10.3929/ethz-b-000412154,"MORA, Africa",11.05,14.15,438,-23,,,29,-188,,10.1016/j.orggeochem.2014.09.007,Sediment
"Ladd 2021 compilation (Wang et al., 2017)",ETH Zurich: doi:10.3929/ethz-b-000412154,"Tibetan plateau, Asia",31.4,96.4,3969,-113,,,29,-240,,10.1016/j.orggeochem.2017.01.006,Sediment
"Ladd 2021 compilation (Wu et al., 2019)",ETH Zurich: doi:10.3929/ethz-b-000412154,"Wayquecha, South America",-13.19255,-71.58795,3015,-116,,,29,-203,,10.1016/j.palaeo.2018.11.005,Sediment
"Ladd 2021 compilation (Wu et al., 2019)",ETH Zurich: doi:10.3929/ethz-b-000412154,"San Pedro, South America",-13.049,-71.537,1500,-92,,,29,-181,,10.1016/j.palaeo.2018.11.005,Sediment
"Ladd 2021 compilation (Wu et al., 2019)",ETH Zurich: doi:10.3929/ethz-b-000412154,"Villa Carmne, South America",-12.8961,-71.4183,614,-77,,,29,-184,,10.1016/j.palaeo.2018.11.005,Sediment
"Ladd 2021 compilation (Wu et al., 2019)",ETH Zurich: doi:10.3929/ethz-b-000412154,"Los Amigos, South America",-12.5588,-70.0993,286,-63,,,29,-173,,10.1016/j.palaeo.2018.11.005,Sediment
"Ladd 2021 compilation (van der Veen et al., 2020)",ETH Zurich: doi:10.3929/ethz-b-000412154,"ARU11106SoA, Asia",26.81,87.22,225,-36,,,29,-148.4,,10.1016/j.gca.2020.09.014,Sediment
"Ladd 2021 compilation (van der Veen et al., 2020)",ETH Zurich: doi:10.3929/ethz-b-000412154,"ARU11004So, Asia",27.35,87.19,315,-37,,,29,-115.7,,10.1016/j.gca.2020.09.014,Sediment
"Ladd 2021 compilation (van der Veen et al., 2020)",ETH Zurich: doi:10.3929/ethz-b-000412154,"ARU11011So, Asia",27.39,87.13,412,-38,,,29,-128.2,,10.1016/j.gca.2020.09.014,Sediment
"Ladd 2021 compilation (van der Veen et al., 2020)",ETH Zurich: doi:10.3929/ethz-b-000412154,"ARU11020So, Asia",27.47,87.15,448,-39,,,29,-147.2,,10.1016/j.gca.2020.09.014,Sediment
"Ladd 2021 compilation (van der Veen et al., 2020)",ETH Zurich: doi:10.3929/ethz-b-000412154,"ARU11034SoA, Asia",27.52,87.2,708,-43,,,29,-159.3,,10.1016/j.gca.2020.09.014,Sediment
"Ladd 2021 compilation (van der Veen et al., 2020)",ETH Zurich: doi:10.3929/ethz-b-000412154,"ARU12136So, Asia",27.62,87.24,2006,-63,,,29,-173.3,,10.1016/j.gca.2020.09.014,Sediment
"Ladd 2021 compilation (van der Veen et al., 2020)",ETH Zurich: doi:10.3929/ethz-b-000412154,"ARU12037So, Asia",27.67,87.36,1080,-49,,,29,-173.5,,10.1016/j.gca.2020.09.014,Sediment
"Ladd 2021 compilation (van der Veen et al., 2020)",ETH Zurich: doi:10.3929/ethz-b-000412154,"ARU12068So, Asia",27.75,87.41,2091,-65,,,29,-178.6,,10.1016/j.gca.2020.09.014,Sediment
"Ladd 2021 compilation (van der Veen et al., 2020)",ETH Zurich: doi:10.3929/ethz-b-000412154,"ARU12090So, Asia",27.81,87.42,2578,-73,,,29,-182.6,,10.1016/j.gca.2020.09.014,Sediment
"Ladd 2021 compilation (van der Veen et al., 2020)",ETH Zurich: doi:10.3929/ethz-b-000412154,"ARU12099So, Asia",27.84,87.4,2196,-67,,,29,-176.4,,10.1016/j.gca.2020.09.014,Sediment
"Ladd 2021 compilation (van der Veen et al., 2020)",ETH Zurich: doi:10.3929/ethz-b-000412154,"J9, Asia",28.31,84.3,2500,-81,,,29,-179.4,,10.1016/j.gca.2020.09.014,Sediment
"Ladd 2021 compilation (van der Veen et al., 2020)",ETH Zurich: doi:10.3929/ethz-b-000412154,"J11, Asia",28.4,84.15,4000,-105,,,29,-228.9,,10.1016/j.gca.2020.09.014,Sediment
"Ladd 2021 compilation (van der Veen et al., 2020)",ETH Zurich: doi:10.3929/ethz-b-000412154,"J8, Asia",28.4,84.26,3930,-104,,,29,-209.4,,10.1016/j.gca.2020.09.014,Sediment
"Ladd 2021 compilation (van der Veen et al., 2020)",ETH Zurich: doi:10.3929/ethz-b-000412154,"AK18, Asia",30.1,79.44,1176,-56,,,29,-157.2,,10.1016/j.gca.2020.09.014,Sediment
"Ladd 2021 compilation (van der Veen et al., 2020)",ETH Zurich: doi:10.3929/ethz-b-000412154,"AK20, Asia",30.14,79.37,1175,-56,,,29,-166.9,,10.1016/j.gca.2020.09.014,Sediment
"Ladd 2021 compilation (van der Veen et al., 2020)",ETH Zurich: doi:10.3929/ethz-b-000412154,"AK8, Asia",30.24,78.86,635,-49,,,29,-167.1,,10.1016/j.gca.2020.09.014,Sediment
"Ladd 2021 compilation (van der Veen et al., 2020)",ETH Zurich: doi:10.3929/ethz-b-000412154,"AK22, Asia",30.29,79.5,1635,-62,,,29,-150.8,,10.1016/j.gca.2020.09.014,Sediment
"Ladd 2021 compilation (van der Veen et al., 2020)",ETH Zurich: doi:10.3929/ethz-b-000412154,"AK25, Asia",30.31,79.32,927,-51,,,29,-127.1,,10.1016/j.gca.2020.09.014,Sediment
"Ladd 2021 compilation (van der Veen et al., 2020)",ETH Zurich: doi:10.3929/ethz-b-000412154,"AK29, Asia",30.62,79.82,2628,-76,,,29,-173.2,,10.1016/j.gca.2020.09.014,Sediment
"Ladd 2021 compilation (van der Veen et al., 2020)",ETH Zurich: doi:10.3929/ethz-b-000412154,"AK28, Asia",30.69,79.89,2897,-80,,,29,-228,,10.1016/j.gca.2020.09.014,Sediment
"Ladd 2021 compilation (van der Veen et al., 2020)",ETH Zurich: doi:10.3929/ethz-b-000412154,"AK32/33, Asia",30.77,79.49,3155,-83,,,29,-175.9,,10.1016/j.gca.2020.09.014,Sediment
"Ladd 2021 compilation (van der Veen et al., 2020)",ETH Zurich: doi:10.3929/ethz-b-000412154,"S5, Asia",31.36,77.38,729,-47,,,29,-140.8,,10.1016/j.gca.2020.09.014,Sediment
"Ladd 2021 compilation (van der Veen et al., 2020)",ETH Zurich: doi:10.3929/ethz-b-000412154,"S127 sp1, Asia",31.39,76.88,475,-43,,,29,-147.4,,10.1016/j.gca.2020.09.014,Sediment
"Ladd 2021 compilation (van der Veen et al., 2020)",ETH Zurich: doi:10.3929/ethz-b-000412154,"S9, Asia",31.4,77.64,937,-50,,,29,-157.6,,10.1016/j.gca.2020.09.014,Sediment
"Ladd 2021 compilation (van der Veen et al., 2020)",ETH Zurich: doi:10.3929/ethz-b-000412154,"S55, Asia",31.4,78.35,3120,-83,,,29,-156.1,,10.1016/j.gca.2020.09.014,Sediment
"Ladd 2021 compilation (van der Veen et al., 2020)",ETH Zurich: doi:10.3929/ethz-b-000412154,"S60, Asia",31.43,78.28,2770,-78,,,29,-174.6,,10.1016/j.gca.2020.09.014,Sediment
"Ladd 2021 compilation (van der Veen et al., 2020)",ETH Zurich: doi:10.3929/ethz-b-000412154,"S14, Asia",31.45,77.55,1170,-54,,,29,-179,,10.1016/j.gca.2020.09.014,Sediment
"Ladd 2021 compilation (van der Veen et al., 2020)",ETH Zurich: doi:10.3929/ethz-b-000412154,"S26, Asia",31.51,77.76,1238,-55,,,29,-140.6,,10.1016/j.gca.2020.09.014,Sediment
"Ladd 2021 compilation (van der Veen et al., 2020)",ETH Zurich: doi:10.3929/ethz-b-000412154,"S22, Asia",31.52,77.7,1228,-55,,,29,-163.8,,10.1016/j.gca.2020.09.014,Sediment
"Ladd 2021 compilation (van der Veen et al., 2020)",ETH Zurich: doi:10.3929/ethz-b-000412154,"S41, Asia",31.55,77.91,1521,-59,,,29,-157.2,,10.1016/j.gca.2020.09.014,Sediment
Ladd et al. 2021,Manual extraction,"Lake Hut, Grande Terre, New Caledonia",-22.2609,166.9526,,-15,,,29,-161,2,10.1029/2020JG005891,Sediment
Ladd et al. 2021,Manual extraction,"Emaotul Lake, Efate, Vanuatu",-17.7342,168.4151,,-36,,,29,-152,9,10.1029/2020JG005891,Sediment
Ladd et al. 2021,Manual extraction,"Otas Lake, Efate, Vanuatu",-17.6945,168.585,,-34,,,29,-154,,10.1029/2020JG005891,Sediment
Ladd et al. 2021,Manual extraction,"Onetahi Pond, Tetiaroa, French Polynesia",-17.0207,-149.5919,,-25,,,29,-139,,10.1029/2020JG005891,Sediment
Ladd et al. 2021,Manual extraction,"Nopovois Pond, Espiritu Santo, Vanuatu",-15.497,166.7357,,-40,,,29,-154,,10.1029/2020JG005891,Sediment
Ladd et al. 2021,Manual extraction,"Vesalea Pond, Espiritu Santo, Vanuatu",-15.1589,166.6549,,-40,,,29,-157,,10.1029/2020JG005891,Sediment
Ladd et al. 2021,Manual extraction,"White Lake, Thion, Vanuatu",-15.041,167.0892,,-35,,,29,-174,,10.1029/2020JG005891,Sediment
Ladd et al. 2021,Manual extraction,"Lake Lanoto'o, Upolu, Samoa",-13.9109,-171.8274,,-34,,,29,-159,,10.1029/2020JG005891,Sediment
Ladd et al. 2021,Manual extraction,"Lake Tavara, Tetepare, Solomon Islands",-8.7029,157.4503,,-46,,,29,-162,,10.1029/2020JG005891,Sediment
Ladd et al. 2021,Manual extraction,"Sapwalap Swamp, Pohnpei, Micronesia",6.88,158.3,0,-33,,,29,-150,5,10.1029/2020JG005891,Sediment
Ladd et al. 2021,Manual extraction,"Tol Swamp, Chuuk, Micronesia",7.35,150.6,,-32,,,29,-153,5,10.1029/2020JG005891,Sediment
"Leider et al., 2013",Liu,Porto Cesareo,40.24,17.91,0,-33,,,29,-134,,10.1016/j.gca.2013.04.018,Sediment
"Leider et al., 2013",Liu,Cervaro river,41.57,15.89,0,-35,,,29,-175,,10.1016/j.gca.2013.04.018,Sediment
"Leider et al., 2013",Liu,Manfredonia Lido,41.62,15.9,0,-35,,,29,-159,,10.1016/j.gca.2013.04.018,Sediment
"Leider et al., 2013",Liu,Vomano river,42.65,13.99,15,-38,,,29,-152,,10.1016/j.gca.2013.04.018,Sediment
"Leider et al., 2013",Liu,Potenza river,43.42,13.65,0,-39,,,29,-164,,10.1016/j.gca.2013.04.018,Sediment
"Leider et al., 2013",Liu,Foflia river,43.87,12.81,25,-41,,,29,-167,,10.1016/j.gca.2013.04.018,Sediment
"Leider et al., 2013",Liu,Reno river,44.55,12.14,2,-42,,,29,-172,,10.1016/j.gca.2013.04.018,Sediment
"Leider et al., 2013",Liu,Po di Goro,44.84,12.34,0,-43,,,29,-182,,10.1016/j.gca.2013.04.018,Sediment
"Leider et al., 2013",Liu,Po della Donzella,44.84,12.38,0,-43,,,29,-170,,10.1016/j.gca.2013.04.018,Sediment
"Li et al., 2019",Ladd,N01,35.87908333,109.4126667,1106,-63.78562589,,,29,-191.199,,10.1016/j.orggeochem.2019.04.009,Soil
"Lu et al., 2020",Ladd,CB-50,42.05,127.685,882,-66.60176672,,,29,-190,,10.1016/j.orggeochem.2020.104015,Sediment
"Lu et al., 2020",Ladd,FS-01,42.228,127.403,701,-63.8964936,,,29,-196,,10.1016/j.orggeochem.2020.104015,Sediment
"Lu et al., 2020",Ladd,JY-04,42.418,126.676,592,-62.62232344,,,29,-194,,10.1016/j.orggeochem.2020.104015,Sediment
"Lu et al., 2020",Ladd,ET-02,43.64,112.298,969,-67.25821614,,,29,-177,,10.1016/j.orggeochem.2020.104015,Sediment
"Lu et al., 2020",Ladd,XM-02,43.676,116.643,1181,-80.46404627,,,29,-188,,10.1016/j.orggeochem.2020.104015,Sediment
"Lu et al., 2020",Ladd,SNQ-01,43.843,113.789,1162,-74.60947591,,,29,-183,,10.1016/j.orggeochem.2020.104015,Sediment
"Lu et al., 2020",Ladd,ABQ-05,43.989,114.843,1122,-77.6292877,,,29,-172,,10.1016/j.orggeochem.2020.104015,Sediment
McFarlin et al 2019,McFarlin,TUP,60.38,-44.3,145,-89,2,,29,-215,3.8,10.1016/j.quascirev.2019.105978,Sediment
McFarlin et al 2019,McFarlin,T3,63.75,-51.35,30,-106,7,,29,-215.5,3.9,10.1016/j.quascirev.2019.105978,Sediment
McFarlin et al 2019,McFarlin,RTL4,67.01,-50.67,112,-137,13,,29,-254.9,3.8,10.1016/j.quascirev.2019.105978,Sediment
McFarlin et al. 2019,Manual extraction,"LNR, Narsaq area, Greenland",60.38,-44.3,,,,,29,-203,6,10.1016/j.quascirev.2019.105978,Sediment
McFarlin et al. 2019,Manual extraction,"SCP, Narsaq area, Greenland",60.38,-44.3,,,,,29,-211,4,10.1016/j.quascirev.2019.105978,Sediment
McFarlin et al. 2019,Manual extraction,"PLK, Narsaq area, Greenland",60.38,-44.3,,,,,29,-206,4,10.1016/j.quascirev.2019.105978,Sediment
McFarlin et al. 2019,NOAA WDS Paleoclimatology: study 27790,"PIN, Narsaq area, Greenland",60.7,-45.1,480,-96,2,,29,-216,6,10.1016/j.quascirev.2019.105978,Sediment
McFarlin et al. 2019,NOAA WDS Paleoclimatology: study 27790,"SCP, Narsaq area, Greenland",60.7,-45.42,475,-96,2,,29,-211,4,10.1016/j.quascirev.2019.105978,Sediment
McFarlin et al. 2019,NOAA WDS Paleoclimatology: study 27790,"TUP, Narsaq area, Greenland",60.87,-45.72,,,,,29,-215,4,10.1016/j.quascirev.2019.105978,Sediment
McFarlin et al. 2019,NOAA WDS Paleoclimatology: study 27790,"PLK, Narsaq area, Greenland",60.87,-45.72,,,,,29,-206,4,10.1016/j.quascirev.2019.105978,Sediment
McFarlin et al. 2019,NOAA WDS Paleoclimatology: study 27790,"LNR, Narsaq area, Greenland",60.87,-45.72,751,-101,3,,29,-203,6,10.1016/j.quascirev.2019.105978,Sediment
McFarlin et al. 2019,NOAA WDS Paleoclimatology: study 27790,"NAR, Narsaq area, Greenland",60.87,-45.72,766,-101,3,,29,-210,4,10.1016/j.quascirev.2019.105978,Sediment
McFarlin et al. 2019,NOAA WDS Paleoclimatology: study 27790,"T1, Nuuk area, Greenland",63.76,-51.36,75,-107,7,,29,-203,4,10.1016/j.quascirev.2019.105978,Sediment
McFarlin et al. 2019,NOAA WDS Paleoclimatology: study 27790,"T2, Nuuk area, Greenland",63.76,-51.37,57,-106,7,,29,-218,4,10.1016/j.quascirev.2019.105978,Sediment
McFarlin et al. 2019,Manual extraction,"T1, Nuuk area, Greenland",64,-51.5,,,,,29,-203,4,10.1016/j.quascirev.2019.105978,Sediment
McFarlin et al. 2019,Manual extraction,"T2, Nuuk area, Greenland",64,-51.5,,,,,29,-218,4,10.1016/j.quascirev.2019.105978,Sediment
McFarlin et al. 2019,Manual extraction,"RTL3, Kangerlussuaq, Greenland",67,-51,,,,,29,-232,6,10.1016/j.quascirev.2019.105978,Sediment
McFarlin et al. 2019,Manual extraction,"RTL2, Kangerlussuaq, Greenland",67,-51,,,,,29,-224,6,10.1016/j.quascirev.2019.105978,Sediment
McFarlin et al. 2019,Manual extraction,"LSL, Kangerlussuaq, Greenland",67,-51,,,,,29,-237,5,10.1016/j.quascirev.2019.105978,Sediment
McFarlin et al. 2019,Manual extraction,"SHL, Kangerlussuaq, Greenland",67,-51,,,,,29,-251,4,10.1016/j.quascirev.2019.105978,Sediment
McFarlin et al. 2019,Manual extraction,"USHL, Kangerlussuaq, Greenland",67,-51,,,,,29,-257,4,10.1016/j.quascirev.2019.105978,Sediment
McFarlin et al. 2019,Manual extraction,"RTL1, Kangerlussuaq, Greenland",67,-51,,,,,29,-240,4,10.1016/j.quascirev.2019.105978,Sediment
McFarlin et al. 2019,Manual extraction,"SEC, Kangerlussuaq, Greenland",67,-51,,,,,29,-246,4,10.1016/j.quascirev.2019.105978,Sediment
McFarlin et al. 2019,NOAA WDS Paleoclimatology: study 27790,"LSL, Kangerlussuaq, Greenland",67.05,-50.52,124,-139,13,,29,-237,5,10.1016/j.quascirev.2019.105978,Sediment
McFarlin et al. 2019,NOAA WDS Paleoclimatology: study 27790,"RTL3, Kangerlussuaq, Greenland",67.06,-50.45,170,-140,13,,29,-232,6,10.1016/j.quascirev.2019.105978,Sediment
McFarlin et al. 2019,NOAA WDS Paleoclimatology: study 27790,"RTL1, Kangerlussuaq, Greenland",67.15,-50.08,443,-148,11,,29,-240,4,10.1016/j.quascirev.2019.105978,Sediment
McFarlin et al. 2019,NOAA WDS Paleoclimatology: study 27790,"SHL, Kangerlussuaq, Greenland",67.15,-50.13,335,-146,11,,29,-251,4,10.1016/j.quascirev.2019.105978,Sediment
McFarlin et al. 2019,NOAA WDS Paleoclimatology: study 27790,"USHL, Kangerlussuaq, Greenland",67.15,-50.13,340,-147,11,,29,-257,4,10.1016/j.quascirev.2019.105978,Sediment
McFarlin et al. 2019,NOAA WDS Paleoclimatology: study 27790,"SEC, Kangerlussuaq area, Greenland",76.58,-68.66,248,-181,1,,29,-246,4,10.1016/j.quascirev.2019.105978,Sediment
McFarlin et al. 2019,NOAA WDS Paleoclimatology: study 27790,"Sioraq (STR), Thule area, Greenland",76.67,-67.94,224,-181,1,,29,-248,6,10.1016/j.quascirev.2019.105978,Sediment
McFarlin et al. 2019,NOAA WDS Paleoclimatology: study 27790,"NS1, Thule area, Greenland",76.82,-67.05,455,-186,2,,29,-235,4,10.1016/j.quascirev.2019.105978,Sediment
McFarlin et al. 2019,Manual extraction,"WLL (Wax Lips Lake), Thule, Greenland",76.85,-68.66,,,,,29,-264,7,10.1016/j.quascirev.2019.105978,Sediment
McFarlin et al. 2019,Manual extraction,"STR, Thule area, Greenland",76.85,-68.66,,,,,29,-248,6,10.1016/j.quascirev.2019.105978,Sediment
McFarlin et al. 2019,NOAA WDS Paleoclimatology: study 27790,"Wax Lips Lake (WLL), Thule area, Greenland",76.85,-66.96,517,-187,2,,29,-264,7,10.1016/j.quascirev.2019.105978,Sediment
Mugler et al 2008,McFarlin,Tibet_ave (NC),30.64,90.6,4718,-139,4,,29,-246,36.4,10.1016/j.orggeochem.2008.02.008,Sediment
Mugler et al 2008,McFarlin,HZM,50.12,6.88,425,-56,2,,29,-198,1,10.1016/j.orggeochem.2008.02.008,Sediment
"Pautler et al., 2014",Liu,Kluane Lake,61.15,-138.45,748,-164,,,29,-259,,10.1016/j.palaeo.2014.03.038,Soil
"Pautler et al., 2014",Liu,Kluane Lake,61.15,-138.45,748,-164,,,29,-241,,10.1016/j.palaeo.2014.03.038,Soil
"Pautler et al., 2014",Liu,"Christie Mine, Dominion Creek",63.65,-138.63,581,-163,,,29,-285,,10.1016/j.palaeo.2014.03.038,Soil
"Pautler et al., 2014",Liu,"Christie Mine, Dominion Creek",63.65,-138.63,581,-163,,,29,-269,,10.1016/j.palaeo.2014.03.038,Soil
"Pautler et al., 2014",Liu,"Christie Mine, Dominion Creek",63.65,-138.63,581,-163,,,29,-274,,10.1016/j.palaeo.2014.03.038,Soil
"Pautler et al., 2014",Liu,"Tatlow Camp, Quartz Creek",63.82,-139.02,581,-163,,,29,-259,,10.1016/j.palaeo.2014.03.038,Soil
"Pautler et al., 2014",Liu,"Tatlow Camp, Quartz Creek",63.82,-139.02,581,-163,,,29,-278,,10.1016/j.palaeo.2014.03.038,Soil
"Pautler et al., 2014",Liu,"Tatlow Camp, Quartz Creek",63.82,-139.02,581,-163,,,29,-274,,10.1016/j.palaeo.2014.03.038,Soil
"Pautler et al., 2014",Liu,"Tatlow Camp, Quartz Creek",63.82,-139.02,582,-163,,,29,-246,,10.1016/j.palaeo.2014.03.038,Soil
"Pautler et al., 2014",Liu,"Tatlow Camp, Quartz Creek",63.82,-139.02,582,-163,,,29,-261,,10.1016/j.palaeo.2014.03.038,Soil
"Pautler et al., 2014",Liu,"Tatlow Camp, Quartz Creek",63.82,-139.02,582,-163,,,29,-257,,10.1016/j.palaeo.2014.03.038,Soil
"Pautler et al., 2014",Liu,"Tatlow Camp, Quartz Creek",63.82,-139.02,582,-163,,,29,-262,,10.1016/j.palaeo.2014.03.038,Soil
"Pautler et al., 2014",Liu,"Tatlow Camp, Quartz Creek",63.82,-139.02,582,-163,,,29,-266,,10.1016/j.palaeo.2014.03.038,Soil
"Pautler et al., 2014",Liu,"Tatlow Camp, Quartz Creek",63.82,-139.02,582,-163,,,29,-263,,10.1016/j.palaeo.2014.03.038,Soil
"Pautler et al., 2014",Liu,"Tatlow Camp, Quartz Creek",63.82,-139.02,582,-163,,,29,-265,,10.1016/j.palaeo.2014.03.038,Soil
"Pautler et al., 2014",Liu,"Tatlow Camp, Quartz Creek",63.82,-139.02,582,-163,,,29,-268,,10.1016/j.palaeo.2014.03.038,Soil
"Pautler et al., 2014",Liu,"Tatlow Camp, Quartz Creek",63.82,-139.02,581,-163,,,29,-270,,10.1016/j.palaeo.2014.03.038,Soil
"Pautler et al., 2014",Liu,Goldbottom Creek,63.93,-138.97,689,-165,,,29,-279,,10.1016/j.palaeo.2014.03.038,Soil
"Pautler et al., 2014",Liu,Goldbottom Creek,63.93,-138.97,689,-165,,,29,-274,,10.1016/j.palaeo.2014.03.038,Soil
"Pautler et al., 2014",Liu,Goldbottom Creek,63.93,-138.97,689,-165,,,29,-266,,10.1016/j.palaeo.2014.03.038,Soil
Polissar and Freeman 2010,McFarlin,Bear Meadows,40.73,-77.76,552,-65,2,,29,-191.3,,10.1016/j.gca.2010.06.018,Sediment
Roy & Sanyal 2022,Roy & Sanyal 2022 Table 2,"Gangetic floodplain, India",25,83,,-57,,,29,-212.0381303,4.898454279,10.1016/j.quaint.2021.09.004,Soil
Roy & Sanyal 2022,Roy & Sanyal 2022 Table 2,"Gangetic floodplain, India",25,83,,-57,,,29,-150.5190408,6.961393129,10.1016/j.quaint.2021.09.004,Soil
Roy & Sanyal 2022,Roy & Sanyal 2022 Table 2,"Gangetic floodplain, India",25,83,,-57,,,29,-170.8170185,10.15054775454974,10.1016/j.quaint.2021.09.004,Soil
Sachse et al 2004,McFarlin,LPM,40.93,15.61,685,-48,1,,29,-169,2,10.1016/j.gca.2004.06.004,Sediment
"Seki et al., 2010",Liu,"Hokkaido, Japan",44.2,142.1,560,-60,,,29,-198,,10.1016/j.gca.2009.10.025,Sediment
"Seki et al., 2010",Liu,"Hokkaido, Japan",44.2,142.1,560,-60,,,29,-211,,10.1016/j.gca.2009.10.025,Sediment
"Seki et al., 2010",Liu,"Hokkaido, Japan",44.2,142.1,560,-60,,,29,-212,,10.1016/j.gca.2009.10.025,Sediment
"Seki et al., 2010",Liu,"Hokkaido, Japan",44.2,142.1,560,-60,,,29,-210,,10.1016/j.gca.2009.10.025,Sediment
"Seki et al., 2010",Liu,"Hokkaido, Japan",44.2,142.1,560,-60,,,29,-205,,10.1016/j.gca.2009.10.025,Sediment
"Seki et al., 2010",Liu,"Hokkaido, Japan",44.2,142.1,560,-60,,,29,-186,,10.1016/j.gca.2009.10.025,Sediment
"Seki et al., 2010",Liu,"Hokkaido, Japan",44.2,142.1,560,-60,,,29,-207,,10.1016/j.gca.2009.10.025,Sediment
"Seki et al., 2010",Liu,"Hokkaido, Japan",44.2,142.1,560,-60,,,29,-216,,10.1016/j.gca.2009.10.025,Sediment
"Seki et al., 2010",Liu,"Hokkaido, Japan",44.2,142.1,560,-60,,,29,-224,,10.1016/j.gca.2009.10.025,Sediment
"Seki et al., 2010",Liu,"Hokkaido, Japan",44.2,142.1,560,-60,,,29,-218,,10.1016/j.gca.2009.10.025,Sediment
"Seki et al., 2010",Liu,"Hokkaido, Japan",44.2,142.1,560,-60,,,29,-217,,10.1016/j.gca.2009.10.025,Sediment
"Seki et al., 2010",Liu,"Hokkaido, Japan",44.2,142.1,560,-60,,,29,-225,,10.1016/j.gca.2009.10.025,Sediment
"Seki et al., 2010",Liu,"Hokkaido, Japan",44.2,142.1,560,-60,,,29,-220,,10.1016/j.gca.2009.10.025,Sediment
"Seki et al., 2010",Liu,"Hokkaido, Japan",44.2,142.1,560,-60,,,29,-221,,10.1016/j.gca.2009.10.025,Sediment
"Seki et al., 2010",Liu,"Hokkaido, Japan",44.2,142.1,560,-60,,,29,-227,,10.1016/j.gca.2009.10.025,Sediment
"Seki et al., 2010",Liu,"Hokkaido, Japan",44.2,142.1,560,-60,,,29,-244,,10.1016/j.gca.2009.10.025,Sediment
"Seki et al., 2010",Liu,"Hokkaido, Japan",44.2,142.1,560,-60,,,29,-240,,10.1016/j.gca.2009.10.025,Sediment
"Seki et al., 2010",Liu,"Hokkaido, Japan",44.2,142.1,560,-60,,,29,-219,,10.1016/j.gca.2009.10.025,Sediment
"Seki et al., 2010",Liu,"Hokkaido, Japan",44.2,142.1,560,-60,,,29,-229,,10.1016/j.gca.2009.10.025,Sediment
"Seki et al., 2010",Liu,"Hokkaido, Japan",44.2,142.1,560,-60,,,29,-195,,10.1016/j.gca.2009.10.025,Sediment
"Seki et al., 2010",Liu,"Hokkaido, Japan",44.2,142.1,560,-60,,,29,-203,,10.1016/j.gca.2009.10.025,Sediment
"Seki et al., 2010",Liu,"Hokkaido, Japan",44.2,142.1,560,-60,,,29,-208,,10.1016/j.gca.2009.10.025,Sediment
"Seki et al., 2010",Liu,"Hokkaido, Japan",44.2,142.1,560,-60,,,29,-213,,10.1016/j.gca.2009.10.025,Sediment
"Seki et al., 2010",Liu,"Hokkaido, Japan",44.2,142.1,560,-60,,,29,-222,,10.1016/j.gca.2009.10.025,Sediment
Sisley & Wolhowe (2023),Supplement Table S1 (soil),"Cascades transect, WA, Taylor Road and WA SR10",47.2,-120.8,570,-89.2,,,29,-206.2,1.8,10.1016/j.orggeochem.2023.104572,Soil
Sisley & Wolhowe (2023),Supplement Table S1 (soil),"Cascades transect, WA, Near Cannon Mine, Methow St, Wenatchee",47.4,-120.3,390,-90.4,,,29,-200.4,1.4,10.1016/j.orggeochem.2023.104572,Soil
Sisley & Wolhowe (2023),Supplement Table S1 (soil),"Cascades transect, WA, Rockaway Beach Park, Bainbridge Island",47.6,-122.5,1,-67,,,29,-208.3,3.3,10.1016/j.orggeochem.2023.104572,Soil
Sisley & Wolhowe (2023),Supplement Table S1 (soil),"Cascades transect, WA, Chiwawa River/Chiwawa Basin Trail",48.1,-120.9,1467.4,-102.2,,,29,-221.2,2.7,10.1016/j.orggeochem.2023.104572,Soil
Sisley & Wolhowe (2023),Supplement Table S1 (soil),"Cascades transect, WA, Suiattle River Road",48.3,-121.3,349.2,-84.7,,,29,-193,1.8,10.1016/j.orggeochem.2023.104572,Soil
Sisley & Wolhowe (2023),Supplement Table S1 (soil),"Cascades transect, WA, Leader Lake State Park",48.4,-119.7,720.5,-102.4,,,29,-230,3.1,10.1016/j.orggeochem.2023.104572,Soil
Sisley & Wolhowe (2023),Supplement Table S1 (soil),"Cascades transect, WA, Bowman Bay, Deception Pass State Park",48.4,-122.7,12,-72,,,29,-162.4,1.8,10.1016/j.orggeochem.2023.104572,Soil
Sisley & Wolhowe (2023),Supplement Table S1 (soil),"Cascades transect, WA, Thompson Ridge Road",48.4,-120.3,1170,-104.9,,,29,-221.3,1.2,10.1016/j.orggeochem.2023.104572,Soil
Sisley & Wolhowe (2023),Supplement Table S1 (soil),"Cascades transect, WA, FR 42 off Loup Loup Summit",48.4,-119.9,1387,-110.4,,,29,-249.9,1.5,10.1016/j.orggeochem.2023.104572,Soil
Sisley & Wolhowe (2023),Supplement Table S1 (soil),"Cascades transect, WA, Cascade Pass",48.5,-121.1,1586.5,-106.5,,,29,-202.6,2.3,10.1016/j.orggeochem.2023.104572,Soil
Sisley & Wolhowe (2023),Supplement Table S1 (soil),"Cascades transect, WA, Pacific Crest Trail Bridge Creek Trailhead",48.5,-120.7,1400.7,-105.2,,,29,-219.2,5.7,10.1016/j.orggeochem.2023.104572,Soil
Sisley & Wolhowe (2023),Supplement Table S1 (soil),"Cascades transect, WA, Cedar Creek Trail",48.5,-120.5,1350,-106.4,,,29,-258.8,1.1,10.1016/j.orggeochem.2023.104572,Soil
Sisley & Wolhowe (2023),Supplement Table S1 (soil),"Cascades transect, WA, Sauk Mountain Road",48.5,-121.6,909,-94.4,,,29,-222.8,3.7,10.1016/j.orggeochem.2023.104572,Soil
Sisley & Wolhowe (2023),Supplement Table S1 (soil),"Cascades transect, WA, Lookout Mountain Lookout Trail",48.5,-121.3,1096,-94.1,,,29,-208.4,5.5,10.1016/j.orggeochem.2023.104572,Soil
Sisley & Wolhowe (2023),Supplement Table S1 (soil),"Cascades transect, WA, Cutthroat Pass Trail",48.5,-120.7,1688,-110.2,,,29,-200.7,8.1,10.1016/j.orggeochem.2023.104572,Soil
Sisley & Wolhowe (2023),Supplement Table S1 (soil),"Cascades transect, WA, Eightmile Creek",48.6,-120.2,885,-103.9,,,29,-229.5,1,10.1016/j.orggeochem.2023.104572,Soil
Sisley & Wolhowe (2023),Supplement Table S1 (soil),"Cascades transect, WA, Squire's Lake Trail",48.6,-122.4,163,-82.7,,,29,-169.8,1.3,10.1016/j.orggeochem.2023.104572,Soil
Sisley & Wolhowe (2023),Supplement Table S1 (soil),"Cascades transect, WA, Hathaway Road (Prairie, WA)",48.6,-122.2,174,-79.8,,,29,-179.3,4.3,10.1016/j.orggeochem.2023.104572,Soil
Sisley & Wolhowe (2023),Supplement Table S1 (soil),"Cascades transect, WA, Medford/Scott Paper Road",48.6,-122,533,-86.6,,,29,-203,2.9,10.1016/j.orggeochem.2023.104572,Soil
Sisley & Wolhowe (2023),Supplement Table S1 (soil),"Cascades transect, WA, Easy Pass Trail",48.6,-120.8,1522,-104.3,,,29,-207.6,0,10.1016/j.orggeochem.2023.104572,Soil
Sisley & Wolhowe (2023),Supplement Table S1 (soil),"Cascades transect, WA, Goat Peak Road",48.6,-120.4,1408,-108.4,,,29,-256.9,0.7,10.1016/j.orggeochem.2023.104572,Soil
Sisley & Wolhowe (2023),Supplement Table S1 (soil),"Cascades transect, WA, Hagood Cutoff off Pine Creek Road",48.6,-119.6,446,-102.7,,,29,-204.1,1.3,10.1016/j.orggeochem.2023.104572,Soil
Sisley & Wolhowe (2023),Supplement Table S1 (soil),"Cascades transect, WA, South Fork Park, Deming",48.7,-122.2,107.2,-79.9,,,29,-210.5,2.9,10.1016/j.orggeochem.2023.104572,Soil
Sisley & Wolhowe (2023),Supplement Table S1 (soil),"Cascades transect, WA, FR 12 off Baker Lake Road, Elbow Lake Junction",48.7,-121.8,895.7,-93.5,,,29,-201.3,2.6,10.1016/j.orggeochem.2023.104572,Soil
Sisley & Wolhowe (2023),Supplement Table S1 (soil),"Cascades transect, WA, Shannon Creek Campground, N Baker Lake",48.7,-121.6,240.6,-86.4,,,29,-188.5,0.8,10.1016/j.orggeochem.2023.104572,Soil
Sisley & Wolhowe (2023),Supplement Table S1 (soil),"Cascades transect, WA, Salmon Meadows, Conconully",48.7,-119.8,1354.1,-111.7,,,29,-236.6,1.8,10.1016/j.orggeochem.2023.104572,Soil
Sisley & Wolhowe (2023),Supplement Table S1 (soil),"Cascades transect, WA, FR 12 off Baker Lake Road, Elbow Lake Junction",48.7,-121.8,877,-93.5,,,29,-196.6,1.3,10.1016/j.orggeochem.2023.104572,Soil
Sisley & Wolhowe (2023),Supplement Table S1 (soil),"Cascades transect, WA, FR 100 off Chewuch Road",48.7,-120.2,1022,-106.1,,,29,-231.5,3.2,10.1016/j.orggeochem.2023.104572,Soil
Sisley & Wolhowe (2023),Supplement Table S1 (soil),"Cascades transect, WA, Nugent's Corner River Access",48.8,-122.3,75,-79.6,,,29,-183.5,1.1,10.1016/j.orggeochem.2023.104572,Soil
Sisley & Wolhowe (2023),Supplement Table S1 (soil),"Cascades transect, WA, Heliotrope Ridge Trailhead",48.8,-121.9,1118.1,-95.6,,,29,-193.6,1,10.1016/j.orggeochem.2023.104572,Soil
Sisley & Wolhowe (2023),Supplement Table S1 (soil),"Cascades transect, WA, West Chewuch Rd b/n Andrews and Lake Creek",48.8,-120.1,874,-106.8,,,29,-207.8,2.1,10.1016/j.orggeochem.2023.104572,Soil
Sisley & Wolhowe (2023),Supplement Table S1 (soil),"Cascades transect, WA, Spectacle Lake",48.8,-119.5,421,-105.3,,,29,-232.9,3.7,10.1016/j.orggeochem.2023.104572,Soil
Sisley & Wolhowe (2023),Supplement Table S1 (soil),"Cascades transect, WA, Fancher Dam Road and Havillah Road",48.8,-119.3,981.4,-111.7,,,29,-224.9,1.9,10.1016/j.orggeochem.2023.104572,Soil
Sisley & Wolhowe (2023),Supplement Table S1 (soil),"Cascades transect, WA, Fancher Dam Road and Havillah Road",48.8,-119.3,982,-111.7,,,29,-257.3,1.2,10.1016/j.orggeochem.2023.104572,Soil
Sisley & Wolhowe (2023),Supplement Table S1 (soil),"Cascades transect, WA, Big Tree Trail, Bonaparte State Park",48.9,-119,1156.4,-114.6,,,29,-244.4,3,10.1016/j.orggeochem.2023.104572,Soil
Stefanescu et al. 2023,Wyoming Data Repository doi:10.15786/20126483,T1L9 (T1L9),31.38868,-84.39601,54,-21,,,29,-159,,10.1016/j.gca.2022.11.001,Sediment
Stefanescu et al. 2023,Wyoming Data Repository doi:10.15786/20126483,Morgan (T2L11),31.66976,-81.81111,11,-21,,,29,-136,,10.1016/j.gca.2022.11.001,Sediment
Stefanescu et al. 2023,Wyoming Data Repository doi:10.15786/20126483,T1L8 (T1L8),32.34999,-86.20918,87,-23,,,29,-162,,10.1016/j.gca.2022.11.001,Sediment
Stefanescu et al. 2023,Wyoming Data Repository doi:10.15786/20126483,Turkey Hill (T2L12),33.55354,-80.84634,73,-26,,,29,-158,,10.1016/j.gca.2022.11.001,Sediment
Stefanescu et al. 2023,Wyoming Data Repository doi:10.15786/20126483,Lamar (T1L7),33.77759,-88.23522,110,-25,,,29,-170,,10.1016/j.gca.2022.11.001,Sediment
Stefanescu et al. 2023,Wyoming Data Repository doi:10.15786/20126483,Bear Creek (T1L6),34.71125,-90.69264,80,-29,,,29,-153,,10.1016/j.gca.2022.11.001,Sediment
Stefanescu et al. 2023,Wyoming Data Repository doi:10.15786/20126483,Wheatfield (T2L13),35.17073,-79.67573,169,-28,,,29,-158,,10.1016/j.gca.2022.11.001,Sediment
Stefanescu et al. 2023,Wyoming Data Repository doi:10.15786/20126483,Ferguson (T1L5),35.88266,-92.6309,473,-35,,,29,-169,,10.1016/j.gca.2022.11.001,Sediment
Stefanescu et al. 2023,Wyoming Data Repository doi:10.15786/20126483,Buffalo (T2L14),36.62386,-78.57864,12,-30,,,29,-167,,10.1016/j.gca.2022.11.001,Sediment
Stefanescu et al. 2023,Wyoming Data Repository doi:10.15786/20126483,Spring (T1L4),37.05976,-94.73146,245,-36,,,29,-168,,10.1016/j.gca.2022.11.001,Sediment
Stefanescu et al. 2023,Wyoming Data Repository doi:10.15786/20126483,T1L3 (T1L3),37.76569,-97.31961,405,-41,,,29,-160,,10.1016/j.gca.2022.11.001,Sediment
Stefanescu et al. 2023,Wyoming Data Repository doi:10.15786/20126483,Locust Shade (T2L15),38.53797,-77.34658,45,-38,,,29,-173,,10.1016/j.gca.2022.11.001,Sediment
Stefanescu et al. 2023,Wyoming Data Repository doi:10.15786/20126483,Antelope (T1L2),39.37553,-100.11211,725,-56,,,29,-178,,10.1016/j.gca.2022.11.001,Sediment
Stefanescu et al. 2023,Wyoming Data Repository doi:10.15786/20126483,Middle Creek (T2L16),40.27465,-76.23239,175,-49,,,29,-175,,10.1016/j.gca.2022.11.001,Sediment
Stefanescu et al. 2023,Wyoming Data Repository doi:10.15786/20126483,Overland (T1L1),40.621,-103.182,1200,-73,,,29,-190,,10.1016/j.gca.2022.11.001,Sediment
Stefanescu et al. 2023,Wyoming Data Repository doi:10.15786/20126483,Cody Pond (T3L29),41.15055,-100.75241,852,-65,,,29,-165,,10.1016/j.gca.2022.11.001,Sediment
Stefanescu et al. 2023,Wyoming Data Repository doi:10.15786/20126483,Norwalk (T2L24),41.23881,-82.58788,244,-52,,,29,-189,,10.1016/j.gca.2022.11.001,Sediment
Stefanescu et al. 2023,Wyoming Data Repository doi:10.15786/20126483,LaPrele Pond (T3L30),41.31952,-105.54942,2181,-98,,,29,-224,,10.1016/j.gca.2022.11.001,Sediment
Stefanescu et al. 2023,Wyoming Data Repository doi:10.15786/20126483,Libby Flats (LF15),41.32491,-106.28588,3192,-118,,,29,-226,,10.1016/j.gca.2022.11.001,Sediment
Stefanescu et al. 2023,Wyoming Data Repository doi:10.15786/20126483,Eagle (T2L25),41.43546,-85.57648,275,-47,,,29,-164,,10.1016/j.gca.2022.11.001,Sediment
Stefanescu et al. 2023,Wyoming Data Repository doi:10.15786/20126483,Cottonwood (T3L28),41.44972,-96.56627,370,-61,,,29,-167,,10.1016/j.gca.2022.11.001,Sediment
Stefanescu et al. 2023,Wyoming Data Repository doi:10.15786/20126483,Beaver Meadows (T2L23),41.52093,-79.11079,523,-65,,,29,-175,,10.1016/j.gca.2022.11.001,Sediment
Stefanescu et al. 2023,Wyoming Data Repository doi:10.15786/20126483,Mendota (T2L26),41.55853,-89.13097,235,-44,,,29,-174,,10.1016/j.gca.2022.11.001,Sediment
Stefanescu et al. 2023,Wyoming Data Repository doi:10.15786/20126483,Quarry Spring (T2L27),41.68668,-93.24137,241,-41,,,29,-180,,10.1016/j.gca.2022.11.001,Sediment
Stefanescu et al. 2023,Wyoming Data Repository doi:10.15786/20126483,T2L17 (T2L17),41.69247,-74.68755,479,-55,,,29,-174,,10.1016/j.gca.2022.11.001,Sediment
Stefanescu et al. 2023,Wyoming Data Repository doi:10.15786/20126483,Batterson (T2L21),41.71002,-72.78982,94,-49,,,29,-187,,10.1016/j.gca.2022.11.001,Sediment
Stefanescu et al. 2023,Wyoming Data Repository doi:10.15786/20126483,Blanding (T2L22),41.79835,-75.67582,454,-59,,,29,-160,,10.1016/j.gca.2022.11.001,Sediment
Stefanescu et al. 2023,Wyoming Data Repository doi:10.15786/20126483,Arms House (T2L20),41.95139,-70.6655,24,-46,,,29,-191,,10.1016/j.gca.2022.11.001,Sediment
Stefanescu et al. 2023,Wyoming Data Repository doi:10.15786/20126483,Carter’s Pond (T2L18),43.16463,-73.42084,151,-60,,,29,-165,,10.1016/j.gca.2022.11.001,Sediment
Stefanescu et al. 2023,Wyoming Data Repository doi:10.15786/20126483,Twin Ponds (T2L19),44.06117,-72.57968,410,-69,,,29,-191,,10.1016/j.gca.2022.11.001,Sediment
Struck et al. 2020,Struck et al. 2020 DataSheet1,Mongolia (site 41),43.19,104.87,1453,-61,,,29,-152.2,0.8,10.3389/feart.2020.00343,Soil
Struck et al. 2020,Struck et al. 2020 DataSheet1,Mongolia (site 42),43.59,103.04,1443,-56,,,29,-142.6,0.5,10.3389/feart.2020.00343,Soil
Struck et al. 2020,Struck et al. 2020 DataSheet1,Mongolia (site 40),44.11,105.05,1358,-56,,,29,-172.7,2.9,10.3389/feart.2020.00343,Soil
Struck et al. 2020,Struck et al. 2020 DataSheet1,Mongolia (site 39),44.51,105.35,1314,-55,,,29,-154.1,1.8,10.3389/feart.2020.00343,Soil
Struck et al. 2020,Struck et al. 2020 DataSheet1,Mongolia (site 37),45.36,105.69,1342,-56,,,29,-204.8,0.6,10.3389/feart.2020.00343,Soil
Struck et al. 2020,Struck et al. 2020 DataSheet1,Mongolia (site 36),45.71,106.12,1406,-58,,,29,-178.8,1.2,10.3389/feart.2020.00343,Soil
Struck et al. 2020,Struck et al. 2020 DataSheet1,Mongolia (site 35),46.86,106.64,1376,-62,,,29,-183.2,0.6,10.3389/feart.2020.00343,Soil
Struck et al. 2020,Struck et al. 2020 DataSheet1,Mongolia (site 34),47.42,106.77,1611,-67,,,29,-182.3,0.8,10.3389/feart.2020.00343,Soil
Struck et al. 2020,Struck et al. 2020 DataSheet1,Mongolia (site 30),47.74,102.74,1366,-67,,,29,-203.1,0.9,10.3389/feart.2020.00343,Soil
Struck et al. 2020,Struck et al. 2020 DataSheet1,Mongolia (site 31),47.75,102.77,1337,-66,,,29,-184.7,2.6,10.3389/feart.2020.00343,Soil
Struck et al. 2020,Struck et al. 2020 DataSheet1,Mongolia (site 29),48.15,99.72,2065,-90,,,29,-198.3,0.3,10.3389/feart.2020.00343,Soil
Struck et al. 2020,Struck et al. 2020 DataSheet1,Mongolia (site 28),48.15,99.75,2054,-89,,,29,-203.2,0.8,10.3389/feart.2020.00343,Soil
Struck et al. 2020,Struck et al. 2020 DataSheet1,Mongolia (site 27),48.24,99.02,2235,-95,,,29,-199.1,0.4,10.3389/feart.2020.00343,Soil
Struck et al. 2020,Struck et al. 2020 DataSheet1,Mongolia (site 26),48.25,99.01,2284,-96,,,29,-214.9,1.2,10.3389/feart.2020.00343,Soil
Struck et al. 2020,Struck et al. 2020 DataSheet1,Mongolia (site 23),48.29,98.95,2528,-101,,,29,-201.8,0,10.3389/feart.2020.00343,Soil
Struck et al. 2020,Struck et al. 2020 DataSheet1,Mongolia (site 22),48.3,98.94,2441,-99,,,29,-205,1.4,10.3389/feart.2020.00343,Soil
Struck et al. 2020,Struck et al. 2020 DataSheet1,Mongolia (site 21),48.31,98.92,2343,-98,,,29,-195.8,0.9,10.3389/feart.2020.00343,Soil
Struck et al. 2020,Struck et al. 2020 DataSheet1,Mongolia (site 17),48.35,98.92,2133,-95,,,29,-200.9,1.4,10.3389/feart.2020.00343,Soil
Struck et al. 2020,Struck et al. 2020 DataSheet1,Mongolia (site 16),48.42,98.9,1948,-93,,,29,-203.6,0.8,10.3389/feart.2020.00343,Soil
Struck et al. 2020,Struck et al. 2020 DataSheet1,Mongolia (site 2),48.75,97.22,1952,-100,,,29,-189.9,1.1,10.3389/feart.2020.00343,Soil
Struck et al. 2020,Struck et al. 2020 DataSheet1,Mongolia (site 1),48.76,97.25,1895,-99,,,29,-200.4,0.6,10.3389/feart.2020.00343,Soil
Struck et al. 2020,Struck et al. 2020 DataSheet1,Mongolia (site 12),48.76,97.3,1942,-100,,,29,-166.5,1.1,10.3389/feart.2020.00343,Soil
Struck et al. 2020,Struck et al. 2020 DataSheet1,Mongolia (site 3),48.77,97.3,1859,-99,,,29,-184.9,0.9,10.3389/feart.2020.00343,Soil
Struck et al. 2020,Struck et al. 2020 DataSheet1,Mongolia (site 4),48.78,97.33,1799,-98,,,29,-190.7,1.4,10.3389/feart.2020.00343,Soil
Struck et al. 2020,Struck et al. 2020 DataSheet1,Mongolia (site 6),48.79,97.33,1797,-98,,,29,-195.8,0.6,10.3389/feart.2020.00343,Soil
Struck et al. 2020,Struck et al. 2020 DataSheet1,Mongolia (site 10),48.8,97.35,1841,-99,,,29,-175.1,1.6,10.3389/feart.2020.00343,Soil
Struck et al. 2020,Struck et al. 2020 DataSheet1,Mongolia (site 9),48.8,97.37,1852,-99,,,29,-183,3,10.3389/feart.2020.00343,Soil
"Struck et al., 2020",Ladd,UGC7,47.75,102.8,1343,-81.31726361,,,29,-186.1,0.6,10.5194/bg-17-567-2020,Soil
"Struck et al., 2020",Ladd,UGC3,47.76,102.81,1333,-81.3180184,,,29,-184.7,2.5,10.5194/bg-17-567-2020,Soil
"Struck et al., 2020",Ladd,T3,48.26,98.99,2382,-107.1106057,,,29,-203.3,1.3,10.5194/bg-17-567-2020,Soil
"Struck et al., 2020",Ladd,T4,48.28,98.98,2475,-108.1100583,,,29,-206.7,1.1,10.5194/bg-17-567-2020,Soil
"Struck et al., 2020",Ladd,T7b,48.31,98.92,2343,-106.9573758,,,29,-199.8,0.7,10.5194/bg-17-567-2020,Soil
"Struck et al., 2020",Ladd,TLC2,48.79,97.3,1792,-101.6527473,,,29,-189,0.6,10.5194/bg-17-567-2020,Soil
"Struck et al., 2020",Ladd,TLC1,48.79,97.3,1796,-101.6527473,,,29,-193.7,3.6,10.5194/bg-17-567-2020,Soil
"Struck et al., 2020",Ladd,TLC5,48.79,97.34,1802,-101.8424994,,,29,-190.7,1.1,10.5194/bg-17-567-2020,Soil
"Struck et al., 2020",Ladd,TLC9,48.79,97.33,1811,-101.7950614,,,29,-184.2,1.7,10.5194/bg-17-567-2020,Soil
"Struck et al., 2020",Ladd,TLC11,48.79,97.34,1814,-101.8424994,,,29,-193.5,2.5,10.5194/bg-17-567-2020,Soil
"Struck et al., 2020",Ladd,TLC8,48.8,97.38,1808,-102.0363412,,,29,-189,1,10.5194/bg-17-567-2020,Soil
Vogts et al. 2016,PANGAEA: doi:10.1594/PANGAEA.859572,"GeoB3701-1, off SW Africa",-27.9517,14.005,-1488,-18,,,29,-123,2,10.1016/j.orggeochem.2016.03.003,Sediment
Vogts et al. 2016,PANGAEA: doi:10.1594/PANGAEA.859572,"GeoB3705-3, off SW Africa",-24.3033,12.9967,-1308,-28,,,29,-131,2,10.1016/j.orggeochem.2016.03.003,Sediment
Vogts et al. 2016,PANGAEA: doi:10.1594/PANGAEA.859572,"GeoB3706-3, off SW Africa",-22.7167,12.6017,-1313,-26,,,29,-130,2,10.1016/j.orggeochem.2016.03.003,Sediment
Vogts et al. 2016,PANGAEA: doi:10.1594/PANGAEA.859572,"GeoB3715-2, off SW Africa",-18.955,11.0567,-1203,,,,29,-129,2,10.1016/j.orggeochem.2016.03.003,Sediment
Vogts et al. 2016,PANGAEA: doi:10.1594/PANGAEA.859572,"GeoB3713-1, off SW Africa",-15.6283,11.58,-1330,-30,,,29,-133,3,10.1016/j.orggeochem.2016.03.003,Sediment
Vogts et al. 2016,PANGAEA: doi:10.1594/PANGAEA.859572,"GeoB4917-4, off SW Africa",-11.9033,13.0733,-1300,-38,,,29,-133,1,10.1016/j.orggeochem.2016.03.003,Sediment
Vogts et al. 2016,PANGAEA: doi:10.1594/PANGAEA.859572,"GeoB4916-3, off SW Africa",-10.1733,12.6867,-1294,-35,,,29,-129,0,10.1016/j.orggeochem.2016.03.003,Sediment
Vogts et al. 2016,PANGAEA: doi:10.1594/PANGAEA.859572,"GeoB4915-2, off SW Africa",-7.75,11.8733,-1306,-30,,,29,-131,2,10.1016/j.orggeochem.2016.03.003,Sediment
Vogts et al. 2016,PANGAEA: doi:10.1594/PANGAEA.859572,"GeoB4913-3, off SW Africa",-5.5033,11.0717,-1296,-22,,,29,-131,2,10.1016/j.orggeochem.2016.03.003,Sediment
Vogts et al. 2016,PANGAEA: doi:10.1594/PANGAEA.859572,"GeoB4912-3, off SW Africa",-3.73,9.785,-1298,,,,29,-127,2,10.1016/j.orggeochem.2016.03.003,Sediment
Vogts et al. 2016,PANGAEA: doi:10.1594/PANGAEA.859572,"GeoB4909-3, off SW Africa",-2.0683,8.625,-1305,,,,29,-127,2,10.1016/j.orggeochem.2016.03.003,Sediment
Vogts et al. 2016,PANGAEA: doi:10.1594/PANGAEA.859572,"GeoB4906-4, off SW Africa",-0.69,8.3783,-1272,-20,,,29,-127,2,10.1016/j.orggeochem.2016.03.003,Sediment
Vogts et al. 2016,PANGAEA: doi:10.1594/PANGAEA.859572,"GeoB4904-6, off SW Africa",0.9617,8.88,-1349,-24,,,29,-133,2,10.1016/j.orggeochem.2016.03.003,Sediment
"Wang et al., 2017",Liu,Tibetan plateau,22.2,100.5,1400,-63,,,29,-210,,10.1016/j.orggeochem.2017.01.006,Soil
"Wang et al., 2017",Liu,Tibetan plateau,22.3,101.3,931,-56,,,29,-213,,10.1016/j.orggeochem.2017.01.006,Soil
"Wang et al., 2017",Liu,Tibetan plateau,22.7,101.3,956,-57,,,29,-188.2,,10.1016/j.orggeochem.2017.01.006,Soil
"Wang et al., 2017",Liu,Tibetan plateau,25.6,100.1,1265,-61,,,29,-161,,10.1016/j.orggeochem.2017.01.006,Soil
"Wang et al., 2017",Liu,Tibetan plateau,25.9,99.3,1745,-68,,,29,-172,,10.1016/j.orggeochem.2017.01.006,Soil
"Wang et al., 2017",Liu,Tibetan plateau,26.5,99.8,2357,-77,,,29,-166,,10.1016/j.orggeochem.2017.01.006,Soil
"Wang et al., 2017",Liu,Tibetan plateau,26.5,99.7,2635,-81,,,29,-213,,10.1016/j.orggeochem.2017.01.006,Soil
"Wang et al., 2017",Liu,Tibetan plateau,26.6,99.8,2463,-78,,,29,-183,,10.1016/j.orggeochem.2017.01.006,Soil
"Wang et al., 2017",Liu,Tibetan plateau,26.7,99.9,2459,-78,,,29,-168,,10.1016/j.orggeochem.2017.01.006,Soil
"Wang et al., 2017",Liu,Tibetan plateau,26.9,100,1881,-70,,,29,-196,,10.1016/j.orggeochem.2017.01.006,Soil
"Wang et al., 2017",Liu,Tibetan plateau,26.9,100,2500,-79,,,29,-189,,10.1016/j.orggeochem.2017.01.006,Soil
"Wang et al., 2017",Liu,Tibetan plateau,27.1,99.6,2549,-80,,,29,-190,,10.1016/j.orggeochem.2017.01.006,Soil
"Wang et al., 2017",Liu,Tibetan plateau,27.1,100.7,3075,-87,,,29,-215,,10.1016/j.orggeochem.2017.01.006,Soil
"Wang et al., 2017",Liu,Tibetan plateau,27.2,100,1971,-71,,,29,-204,,10.1016/j.orggeochem.2017.01.006,Soil
"Wang et al., 2017",Liu,Tibetan plateau,27.4,100.8,2538,-80,,,29,-169,,10.1016/j.orggeochem.2017.01.006,Soil
"Wang et al., 2017",Liu,Tibetan plateau,27.5,101.3,2233,-75,,,29,-195,,10.1016/j.orggeochem.2017.01.006,Soil
"Wang et al., 2017",Liu,Tibetan plateau,27.5,101.3,2754,-83,,,29,-181,,10.1016/j.orggeochem.2017.01.006,Soil
"Wang et al., 2017",Liu,Tibetan plateau,27.6,101,2362,-77,,,29,-186,,10.1016/j.orggeochem.2017.01.006,Soil
"Wang et al., 2017",Liu,Tibetan plateau,27.6,100.8,3340,-91,,,29,-191,,10.1016/j.orggeochem.2017.01.006,Soil
"Wang et al., 2017",Liu,Tibetan plateau,27.7,100.8,2764,-83,,,29,-205,,10.1016/j.orggeochem.2017.01.006,Soil
"Wang et al., 2017",Liu,Tibetan plateau,28.2,99.3,2248,-75,,,29,-221,,10.1016/j.orggeochem.2017.01.006,Soil
"Wang et al., 2017",Liu,Tibetan plateau,28.4,98.4,3516,-94,,,29,-243,,10.1016/j.orggeochem.2017.01.006,Soil
"Wang et al., 2017",Liu,Tibetan plateau,28.4,99,3750,-97,,,29,-240,,10.1016/j.orggeochem.2017.01.006,Soil
"Wang et al., 2017",Liu,Tibetan plateau,28.5,98.9,3300,-91,,,29,-231,,10.1016/j.orggeochem.2017.01.006,Soil
"Wang et al., 2017",Liu,Tibetan plateau,29.4,98.7,3590,-95,,,29,-221,,10.1016/j.orggeochem.2017.01.006,Soil
"Wang et al., 2017",Liu,Tibetan plateau,29.9,97.7,3818,-98,,,29,-247,,10.1016/j.orggeochem.2017.01.006,Soil
"Wang et al., 2017",Liu,Tibetan plateau,30.7,97.4,3060,-87,,,29,-219,,10.1016/j.orggeochem.2017.01.006,Soil
"Wang et al., 2017",Liu,Tibetan plateau,31.3,98,4147,-103,,,29,-240,,10.1016/j.orggeochem.2017.01.006,Soil
"Wang et al., 2017",Liu,Tibetan plateau,31.8,97.7,3978,-100,,,29,-202,,10.1016/j.orggeochem.2017.01.006,Soil
"Wang et al., 2017",Liu,Tibetan plateau,32.3,96,4226,-104,,,29,-241,,10.1016/j.orggeochem.2017.01.006,Soil
"Wang et al., 2017",Liu,Tibetan plateau,32.4,95.4,3970,-100,,,29,-234,,10.1016/j.orggeochem.2017.01.006,Soil
"Wang et al., 2017",Liu,Tibetan plateau,32.7,95.1,4154,-103,,,29,-234,,10.1016/j.orggeochem.2017.01.006,Soil
"Wang et al., 2017",Liu,Tibetan plateau,33.1,95.2,4146,-103,,,29,-208,,10.1016/j.orggeochem.2017.01.006,Soil
"Wang et al., 2023",,Huguang H2,21.1,110.31,,,,,29,-154,,10.1016/j.chemgeo.2023.121589,Soil
"Wang et al., 2023",,Huguang H3,21.1,110.3,,,,,29,-157,,10.1016/j.chemgeo.2023.121589,Soil
"Wang et al., 2023",,Huguang H1,21.11,110.31,,,,,29,-186,,10.1016/j.chemgeo.2023.121589,Soil
"Wang et al., 2023",,Techeng T3,21.15,110.44,,,,,29,-182,,10.1016/j.chemgeo.2023.121589,Soil
"Wang et al., 2023",,Techeng T4,21.15,110.44,,,,,29,-135,,10.1016/j.chemgeo.2023.121589,Soil
"Wang et al., 2023",,Techeng T5,21.15,110.44,,,,,29,-149,,10.1016/j.chemgeo.2023.121589,Soil
"Wang et al., 2023",,Techeng T1,21.15,110.44,,,,,29,-131,,10.1016/j.chemgeo.2023.121589,Soil
"Wang et al., 2023",,Techeng T6,21.16,110.44,,,,,29,-135,,10.1016/j.chemgeo.2023.121589,Soil
"Wang et al., 2023",,Gaoqiao G2,21.57,109.75,,,,,29,-146,,10.1016/j.chemgeo.2023.121589,Soil
"Wang et al., 2023",,Gaoqiao G3,21.57,109.75,,,,,29,-160,,10.1016/j.chemgeo.2023.121589,Soil
"Wang et al., 2023",,Gaoqiao G4,21.57,109.75,,,,,29,-178,,10.1016/j.chemgeo.2023.121589,Soil
"Wang et al., 2023",,Gaoqiao G6,21.57,109.76,,,,,29,-169,,10.1016/j.chemgeo.2023.121589,Soil
"Wang et al., 2023",,Gaoqiao G1,21.58,109.75,,,,,29,-165,,10.1016/j.chemgeo.2023.121589,Soil
Xia et al 2008,McFarlin,QY,28.89,90.22,4855,-135,2,,29,-199,9,10.2343/geochemj.42.331,Sediment
Xia et al 2008,McFarlin,KLK,37.28,96.88,2812,-36,1,,29,-126,8,10.2343/geochemj.42.331,Sediment
Xia et al 2008,McFarlin,XQ,37.47,95.49,3163,-43,4,,29,-139,7,10.2343/geochemj.42.331,Sediment
Nieto-Moreno et al. 2016,,"Andes, NW Argentina, AR11_S25 (Hillslope)",-26.1113,-67.428,3553,,,,29,-128.9,1.2,10.1016/j.epsl.2016.07.049,Soil
Nieto-Moreno et al. 2016,,"Andes, NW Argentina, AR11_S24 (Hillslope)",-26.6317,-66.933,3574,,,,29,-123.1,0.5,10.1016/j.epsl.2016.07.049,Soil
Nieto-Moreno et al. 2016,,"Andes, NW Argentina, AR13_016 (Hillslope)",-26.7044,-65.7998,3100,,,,29,-163.5,1.9,10.1016/j.epsl.2016.07.049,Soil
Nieto-Moreno et al. 2016,,"Andes, NW Argentina, AR11_S16 (Hillslope)",-26.736,-65.7861,3064,,,,29,-143.6,4.9,10.1016/j.epsl.2016.07.049,Soil
Nieto-Moreno et al. 2016,,"Andes, NW Argentina, AR11_S14 (Hillslope)",-26.8138,-65.7158,2593,,,,29,-148.6,6.9,10.1016/j.epsl.2016.07.049,Soil
Nieto-Moreno et al. 2016,,"Andes, NW Argentina, AR11_S12 (Hillslope)",-26.9461,-65.6656,1920,,,,29,-136.3,6.6,10.1016/j.epsl.2016.07.049,Soil
Nieto-Moreno et al. 2016,,"Andes, NW Argentina, AR11_S10 (Hillslope)",-26.9979,-65.6628,1535,,,,29,-129.6,2.2,10.1016/j.epsl.2016.07.049,Soil
Nieto-Moreno et al. 2016,,"Andes, NW Argentina, AR11_S07 (Hillslope)",-27.0948,-65.6182,774,,,,29,-119.1,3.6,10.1016/j.epsl.2016.07.049,Soil
Nieto-Moreno et al. 2016,,"Andes, NW Argentina, AR11_S04 (Hillslope)",-27.5134,-64.9011,290,,,,29,-106.9,0.5,10.1016/j.epsl.2016.07.049,Soil
Nieto-Moreno et al. 2016,,"Andes, NW Argentina, AR13_080 (Valley)",-23.694,-65.648,4130,,,,29,-145.2,1.5,10.1016/j.epsl.2016.07.049,Soil
Nieto-Moreno et al. 2016,,"Andes, NW Argentina, AR13_085 (Valley)",-23.5856,-65.4063,2458,,,,29,-125.4,1.2,10.1016/j.epsl.2016.07.049,Soil
Nieto-Moreno et al. 2016,,"Andes, NW Argentina, AR13_087 (Valley)",-23.8283,-65.4729,2166,,,,29,-134.5,2,10.1016/j.epsl.2016.07.049,Soil
Nieto-Moreno et al. 2016,,"Andes, NW Argentina, AR13_089 (Valley)",-23.9691,-65.4503,1983,,,,29,-128.3,2.5,10.1016/j.epsl.2016.07.049,Soil
Nieto-Moreno et al. 2016,,"Andes, NW Argentina, AR13_090 (Valley)",-24.0274,-65.4398,1676,,,,29,-113.6,1.8,10.1016/j.epsl.2016.07.049,Soil
Nieto-Moreno et al. 2016,,"Andes, NW Argentina, AR13_092 (Valley)",-24.1193,-65.406,1478,,,,29,-130,1.4,10.1016/j.epsl.2016.07.049,Soil
Nieto-Moreno et al. 2016,,"Andes, NW Argentina, AR13_094 (Valley)",-24.1777,-65.3547,1348,,,,29,-113.8,3.6,10.1016/j.epsl.2016.07.049,Soil
Nieto-Moreno et al. 2016,,"Andes, NW Argentina, ST13_015 (Valley)",-24.2384,-65.1918,1076,,,,29,-129.1,5.4,10.1016/j.epsl.2016.07.049,Soil
Nieto-Moreno et al. 2016,,"Andes, NW Argentina, ST13_019 (Valley)",-24.2682,-64.917,586,,,,29,-110.4,2.8,10.1016/j.epsl.2016.07.049,Soil
Nieto-Moreno et al. 2016,,"Andes, NW Argentina, ST13_022 (Valley)",-23.7116,-64.5354,313,,,,29,-110.3,4.4,10.1016/j.epsl.2016.07.049,Soil
Repasch et al. 2021,,"Rio Bermejo, Argentina (Embarcacion)",-23.3326,-63.9966,,,,,29,-133.82,1.28,10.1038/s41561-021-00845-7,Soil
Repasch et al. 2021,,"Rio Bermejo, Argentina (Reserva Natural Formosa)",-24.2417,-61.9421,,,,,29,-152.38,0.63,10.1038/s41561-021-00845-7,Soil
Repasch et al. 2021,,"Rio Bermejo, Argentina (Villa Rio Bermejito)",-25.6312,-60.2553,,,,,29,-131.38,0.02,10.1038/s41561-021-00845-7,Soil
Repasch et al. 2021,,"Rio Bermejo, Argentina (Bermejo at Rio Paraguay)",-26.8283,-58.3976,,,,,29,-119.04,3.25,10.1038/s41561-021-00845-7,Soil
Repasch et al. 2021,,"Rio Bermejo, Argentina (Reserva Natural Formosa)",-23.7518,-63.0528,,,,,29,-94.52,0.91,10.1038/s41561-021-00845-7,Soil
Repasch et al. 2021,,"Rio Bermejo, Argentina (Pozo Sarmiento)",-23.1442,-64.1989,,,,,29,-154.95,2.24,10.1038/s41561-021-00845-7,Soil
Repasch et al. 2021,,"Rio Bermejo, Argentina (Reserva Natural Formosa)",-24.3048,-61.8352,,,,,29,-114.61,0.54,10.1038/s41561-021-00845-7,Soil
Repasch et al. 2021,,"Rio Bermejo, Argentina (El Colgado)",-23.7519,-63.0523,,,,,29,-128.99,0.5,10.1038/s41561-021-00845-7,Soil
Repasch et al. 2021,,"Rio Bermejo, Argentina (Puerto lavalle)",-25.6516,-60.1375,,,,,29,-140.87,0.99,10.1038/s41561-021-00845-7,Soil
Repasch et al. 2021,,"Rio Bermejo, Argentina (El Colorado)",-26.3322,-59.3606,,,,,29,-165.52,1.67,10.1038/s41561-021-00845-7,Soil
Repasch et al. 2021,,"Rio Bermejo, Argentina (Reserva Natural Formosa)",-24.4142,-61.692,,,,,29,-173.88,0.11,10.1038/s41561-021-00845-7,Soil
Repasch et al. 2021,,"Rio Bermejo, Argentina (RSF-RB confluence)",-23.2482,-64.1356,,,,,29,-139.17,0.83,10.1038/s41561-021-00845-7,Soil
Repasch et al. 2021,,"Rio Bermejo, Argentina (Reserva Natural Formosa)",-24.2417,-61.9421,,,,,29,-124.26,0.58,10.1038/s41561-021-00845-7,Soil
Repasch et al. 2021,,"Rio Bermejo, Argentina (Bermejo at Rio Paraguay)",-26.8283,-58.3976,,,,,29,-148.1,0.2,10.1038/s41561-021-00845-7,Soil
Repasch et al. 2021,,"Rio Bermejo, Argentina (Grl Mansilla)",-26.6601,-58.6327,,,,,29,-147.3,2.1,10.1038/s41561-021-00845-7,Soil
Repasch et al. 2021,,"Rio Bermejo, Argentina (El Colorado)",-26.3337,-59.3629,,,,,29,-126.2,0.1,10.1038/s41561-021-00845-7,Soil
Repasch et al. 2021,,"Rio Bermejo, Argentina (El Colorado)",-26.3337,-59.3629,,,,,29,-137.8,1.1,10.1038/s41561-021-00845-7,Sediment
Repasch et al. 2021,,"Rio Bermejo, Argentina (Reserva Natural Formosa)",-25.6514,-60.1277,,,,,29,-134.2,0.4,10.1038/s41561-021-00845-7,Sediment
Repasch et al. 2021,,"Rio Bermejo, Argentina (Puente Lavalle)",-25.6514,-60.1277,,,,,29,-125.2,0.8,10.1038/s41561-021-00845-7,Sediment
Repasch et al. 2021,,"Rio Bermejo, Argentina (Villa Rio Bermejito)",-25.6312,-60.2553,,,,,29,-149.7,0.8,10.1038/s41561-021-00845-7,Soil
Repasch et al. 2021,,"Rio Bermejo, Argentina (Reserva Natural Formosa)",-24.305,-61.8344,,,,,29,-146.3,0.8,10.1038/s41561-021-00845-7,Sediment
Repasch et al. 2021,,"Rio Bermejo, Argentina (Reserva Natural Formosa)",-24.305,-61.8344,,,,,29,-137.4,0.7,10.1038/s41561-021-00845-7,Sediment
Repasch et al. 2021,,"Rio Bermejo, Argentina (Reserva Natural Formosa)",-24.2651,-61.8825,,,,,29,-139.5,3,10.1038/s41561-021-00845-7,Sediment
Repasch et al. 2021,,"Rio Bermejo, Argentina (Reserva Natural Formosa)",-24.2651,-61.8825,,,,,29,-118.8,1,10.1038/s41561-021-00845-7,Sediment
Repasch et al. 2021,,"Rio Bermejo, Argentina (Reserva Natural Formosa)",-24.2417,-61.9421,,,,,29,-141.3,0.1,10.1038/s41561-021-00845-7,Sediment
Repasch et al. 2021,,"Rio Bermejo, Argentina (Reserva Natural Formosa)",-24.0963,-61.9422,,,,,29,-184.2,1,10.1038/s41561-021-00845-7,Sediment
Repasch et al. 2021,,"Rio Bermejo, Argentina (Reserva Natural Formosa)",-24.0963,-61.9422,,,,,29,-131.7,1.5,10.1038/s41561-021-00845-7,Sediment