"obs_id","source","compilation","location","DOI","latitude","longitude","elevation","d2H_precip","d2H_precip_err","d2H_wax","d2H_wax_err","archive_class"
"obs_0001","Aichner et al 2019","McFarlin","Karakul, Tajikistan","10.1029/2019GL085202",39.018,73.233,3915,-126,5,-161,3.3,"lake sediment"
"obs_0002","Bai et al., 2011","Liu","Mt Kunlun","10.1016/j.orggeochem.2011.03.019",36.55,77.08,4550,-86,NA,-192,NA,"soil"
"obs_0003","Bai et al., 2011","Liu","Mt Kunlun","10.1016/j.orggeochem.2011.03.019",36.57,77,4850,-91,NA,-197,NA,"soil"
"obs_0004","Bai et al., 2011","Liu","Mt Kunlun","10.1016/j.orggeochem.2011.03.019",36.58,77.01,4760,-89,NA,-198,NA,"soil"
"obs_0005","Bai et al., 2014","Liu","Mt Qilian","10.1016/j.orggeochem.2014.05.013",35.77,103.96,2960,-58,NA,-199,NA,"soil"
"obs_0006","Bai et al., 2014","Liu","Mt Qilian","10.1016/j.orggeochem.2014.05.013",35.78,103.95,3330,-62,NA,-216,NA,"soil"
"obs_0007","Bai et al., 2014","Liu","Mt Qilian","10.1016/j.orggeochem.2014.05.013",37.53,101.83,3869,-71,NA,-163,NA,"soil"
"obs_0008","Bai et al., 2014","Liu","Mt Qilian","10.1016/j.orggeochem.2014.05.013",37.62,101.9,2690,-53,NA,-148,NA,"soil"
"obs_0009","Bai et al., 2014","Liu","Mt Qilian","10.1016/j.orggeochem.2014.05.013",37.69,101.88,2765,-54,NA,-161,NA,"soil"
"obs_0010","Bai et al., 2014","Liu","Mt Qilian","10.1016/j.orggeochem.2014.05.013",39.31,97.72,3514,-64,NA,-168,NA,"soil"
"obs_0011","Bai et al., 2014","Liu","Mt Qilian","10.1016/j.orggeochem.2014.05.013",39.32,97.85,2970,-54,NA,-162,NA,"soil"
"obs_0012","Bai et al., 2014","Liu","Mt Qilian","10.1016/j.orggeochem.2014.05.013",39.33,97.74,3874,-64,NA,-166,NA,"soil"
"obs_0013","Bai et al., 2014","Liu","Mt Qilian","10.1016/j.orggeochem.2014.05.013",39.34,97.79,3221,-54,NA,-165,NA,"soil"
"obs_0014","Chikaraishi and Naraoka, 2006","Liu","Gunma Prefecture","10.1016/j.chemgeo.2006.01.026",36.47,138.87,70,-60,NA,-166,NA,"soil"
"obs_0015","Corcoran et al. 2022","Corcoran et al. 2022 NSF PAR preprint + Elsevier supplementary (mmc1.xlsx)","Falkland Islands, East Falkland, Mt. Usborne","10.1016/j.orggeochem.2022.104404",-51.7022,-58.8155,520,-67,NA,-184.7,NA,"lake sediment"
"obs_0016","Corcoran et al. 2022","Corcoran et al. 2022 NSF PAR preprint + Elsevier supplementary (mmc1.xlsx)","Falkland Islands, East Falkland, Mt. Usborne","10.1016/j.orggeochem.2022.104404",-51.7022,-58.8155,520,-67,NA,-181.2,NA,"lake sediment"
"obs_0017","Corcoran et al. 2022","Corcoran et al. 2022 NSF PAR preprint + Elsevier supplementary (mmc1.xlsx)","Falkland Islands, East Falkland, Mt. Usborne","10.1016/j.orggeochem.2022.104404",-51.7022,-58.8155,520,-67,NA,-178.8,NA,"lake sediment"
"obs_0018","Corcoran et al. 2022","Corcoran et al. 2022 NSF PAR preprint + Elsevier supplementary (mmc1.xlsx)","Falkland Islands, East Falkland, Mt. Usborne","10.1016/j.orggeochem.2022.104404",-51.6959,-58.8276,600,-67,NA,-184.9,NA,"lake sediment"
"obs_0019","Corcoran et al. 2022","Corcoran et al. 2022 NSF PAR preprint + Elsevier supplementary (mmc1.xlsx)","Falkland Islands, East Falkland, Mt. Usborne","10.1016/j.orggeochem.2022.104404",-51.6959,-58.8276,600,-67,NA,-180.3,NA,"lake sediment"
"obs_0020","Daniels et al 2017","McFarlin","I4","10.1016/j.gca.2017.06.028",68.58,-149.58,778,-151,6,-264,NA,"lake sediment"
"obs_0021","Daniels et al 2017","McFarlin","I6HW","10.1016/j.gca.2017.06.028",68.58,-149.62,808,-151,6,-263,NA,"lake sediment"
"obs_0022","Daniels et al 2017","McFarlin","I5","10.1016/j.gca.2017.06.028",68.59,-149.59,778,-151,6,-268,NA,"lake sediment"
"obs_0023","Daniels et al 2017","McFarlin","I6","10.1016/j.gca.2017.06.028",68.6,-149.59,800,-151,6,-265,NA,"lake sediment"
"obs_0024","Daniels et al 2017","McFarlin","I8","10.1016/j.gca.2017.06.028",68.61,-149.58,748,-150,6,-260,NA,"lake sediment"
"obs_0025","Daniels et al 2017","McFarlin","S7","10.1016/j.gca.2017.06.028",68.63,-149.64,742,-150,6,-261,NA,"lake sediment"
"obs_0026","Daniels et al 2017","McFarlin","N2","10.1016/j.gca.2017.06.028",68.64,-149.62,732,-149,6,-253,NA,"lake sediment"
"obs_0027","Daniels et al 2017","McFarlin","FOG1","10.1016/j.gca.2017.06.028",68.68,-149.08,773,-151,6,-257,NA,"lake sediment"
"obs_0028","Daniels et al. 2017","Manual extraction","I1, Toolik area, Alaska","10.1016/j.gca.2017.06.028",68.569,-149.588,792.5,-166,6,-260,NA,"lake sediment"
"obs_0029","Daniels et al. 2017","Manual extraction","I7, Toolik area, Alaska","10.1016/j.gca.2017.06.028",68.601,-149.593,748,-166,6,-269,NA,"lake sediment"
"obs_0030","Daniels et al. 2017","Manual extraction","ISWAMP, Toolik area, Alaska","10.1016/j.gca.2017.06.028",68.611,-149.597,741,-166,6,-273,NA,"lake sediment"
"obs_0031","Daniels et al. 2017","Manual extraction","E1, Toolik area, Alaska","10.1016/j.gca.2017.06.028",68.626,-149.554,777,-166,6,-259,NA,"lake sediment"
"obs_0032","Daniels et al. 2017","Manual extraction","N1, Toolik area, Alaska","10.1016/j.gca.2017.06.028",68.64,-149.604,730,-166,6,-255,NA,"lake sediment"
"obs_0033","Daniels et al. 2017","Manual extraction","E5, Toolik area, Alaska","10.1016/j.gca.2017.06.028",68.643,-149.458,800,-166,7,-261,NA,"lake sediment"
"obs_0034","Daniels et al. 2017","Manual extraction","E6, Toolik area, Alaska","10.1016/j.gca.2017.06.028",68.644,-149.439,794,-166,6,-266,NA,"lake sediment"
"obs_0035","Daniels et al. 2017","Manual extraction","FOG4, Toolik area, Alaska","10.1016/j.gca.2017.06.028",68.68,-149.072,760,-166,6,-264,NA,"lake sediment"
"obs_0036","Douglas et al 2012","McFarlin","Santa Lucia","10.1016/j.gca.2012.09.005",14.12,-87.09,1405,-43,3,-135.1,1,"soil"
"obs_0037","Douglas et al 2012","McFarlin","Gaungolo","10.1016/j.gca.2012.09.005",14.26,-87.24,829,-35,1,-165.8,1,"soil"
"obs_0038","Douglas et al 2012","McFarlin","El Chile","10.1016/j.gca.2012.09.005",14.35,-86.85,1380,-43,4,-158.1,4,"soil"
"obs_0039","Douglas et al 2012","McFarlin","Comayagua","10.1016/j.gca.2012.09.005",14.45,-87.65,563,-32,2,-166.8,1,"soil"
"obs_0040","Douglas et al 2012","McFarlin","Rio Jalan","10.1016/j.gca.2012.09.005",14.45,-86.81,765,-33,2,-157.9,2,"soil"
"obs_0041","Douglas et al 2012","McFarlin","Rio Rosario","10.1016/j.gca.2012.09.005",14.48,-86.98,891,-36,2,-153.7,2,"soil"
"obs_0042","Douglas et al 2012","McFarlin","Taulabe","10.1016/j.gca.2012.09.005",14.71,-87.97,557,-32,2,-152.7,2,"soil"
"obs_0043","Douglas et al 2012","McFarlin","Copan","10.1016/j.gca.2012.09.005",14.84,-89.15,613,-34,1,-156.4,1,"soil"
"obs_0044","Douglas et al 2012","McFarlin","Rio Blanco","10.1016/j.gca.2012.09.005",14.89,-89.03,707,-36,1,-160.5,1,"soil"
"obs_0045","Douglas et al 2012","McFarlin","Pena Blanca","10.1016/j.gca.2012.09.005",14.94,-88.03,655,-33,1,-160,1,"soil"
"obs_0046","Douglas et al 2012","McFarlin","La Entrada","10.1016/j.gca.2012.09.005",15.1,-88.71,426,-31,2,-147.9,2,"soil"
"obs_0047","Douglas et al 2012","McFarlin","La Barca","10.1016/j.gca.2012.09.005",15.12,-87.94,56,-24,4,-155.3,1,"soil"
"obs_0048","Douglas et al 2012","McFarlin","Izabal Rio Oscuro","10.1016/j.gca.2012.09.005",15.38,-89.33,4,-25,4,-154,1,"soil"
"obs_0049","Douglas et al 2012","McFarlin","Naco","10.1016/j.gca.2012.09.005",15.41,-88.14,97,-25,4,-148.3,1,"soil"
"obs_0050","Douglas et al 2012","McFarlin","Izabal Centro","10.1016/j.gca.2012.09.005",15.52,-89.15,4,-24,4,-165.2,NA,"soil"
"obs_0051","Douglas et al 2012","McFarlin","El Golfete","10.1016/j.gca.2012.09.005",15.72,-88.89,0,-24,4,-151.1,1,"soil"
"obs_0052","Douglas et al 2012","McFarlin","Puente Cienega","10.1016/j.gca.2012.09.005",15.74,-89.07,75,-25,4,-155,2,"soil"
"obs_0053","Douglas et al 2012","McFarlin","Peten Itza","10.1016/j.gca.2012.09.005",16.93,-89.89,109,-25,7,-159.5,4,"soil"
"obs_0054","Douglas et al 2012","McFarlin","Yaxha","10.1016/j.gca.2012.09.005",17.07,-89.41,130,-25,7,-142.9,3,"soil"
"obs_0055","Douglas et al 2012","McFarlin","Cuerpo Uno [e]","10.1016/j.gca.2012.09.005",17.49,-90.39,115,-26,8,-147.9,1,"soil"
"obs_0056","Douglas et al 2012","McFarlin","La Corona [e]","10.1016/j.gca.2012.09.005",17.52,-90.37,151,-26,8,-148,1,"soil"
"obs_0057","Douglas et al 2012","McFarlin","Chichancanab","10.1016/j.gca.2012.09.005",19.88,-88.77,10,-20,8,-128.5,2,"soil"
"obs_0058","Douglas et al 2012","McFarlin","Hobonil","10.1016/j.gca.2012.09.005",20,-89.03,44,-21,8,-126.5,1,"soil"
"obs_0059","Douglas et al 2012","McFarlin","Cepeda Peraza","10.1016/j.gca.2012.09.005",20.16,-89.24,50,-21,8,-136.7,1,"soil"
"obs_0060","Douglas et al 2012","McFarlin","Ticul","10.1016/j.gca.2012.09.005",20.35,-89.5,10,-20,8,-143,1,"soil"
"obs_0061","Douglas et al 2012","McFarlin","Canana","10.1016/j.gca.2012.09.005",20.49,-89.17,13,-18,5,-137.7,1,"soil"
"obs_0062","Douglas et al 2012","McFarlin","Yaalchak [e]","10.1016/j.gca.2012.09.005",20.6,-89.71,6,-20,7,-142.9,1,"soil"
"obs_0063","Douglas et al 2012","McFarlin","Xoche [e]","10.1016/j.gca.2012.09.005",20.66,-89.37,16,-18,5,-153,1,"soil"
"obs_0064","Douglas et al 2012","McFarlin","Dzitya","10.1016/j.gca.2012.09.005",21.07,-89.69,5,-18,4,-128.5,1,"soil"
"obs_0065","Feng et al., 2019","Ladd","JS13","10.1016/j.chemgeo.2019.05.005",26.4786,100.4194,1246,-73.08368901,NA,-202,NA,"soil"
"obs_0066","Feng et al., 2019","Ladd","JS2","10.1016/j.chemgeo.2019.05.005",26.487,100.323,2290,-79.00912049,NA,-203,NA,"soil"
"obs_0067","Feng et al., 2019","Ladd","JS7","10.1016/j.chemgeo.2019.05.005",26.489,100.353,1794,-76.81151062,NA,-177,NA,"soil"
"obs_0068","Feng et al., 2019","Ladd","JH1","10.1016/j.chemgeo.2019.05.005",26.54,99.958,2263,-82.67067436,NA,-205,NA,"soil"
"obs_0069","Feng et al., 2019","Ladd","JH6","10.1016/j.chemgeo.2019.05.005",26.54,99.992,2701,-86.00246992,NA,-209,NA,"soil"
"obs_0070","Feng et al., 2019","Ladd","JH3","10.1016/j.chemgeo.2019.05.005",26.555,99.968,2412,-83.49885263,NA,-210,NA,"soil"
"obs_0071","Feng et al., 2019","Ladd","LJ4","10.1016/j.chemgeo.2019.05.005",26.635,99.836,2615,-87.32545894,NA,-214,NA,"soil"
"obs_0072","Feng et al., 2019","Ladd","LJ14","10.1016/j.chemgeo.2019.05.005",26.637,99.752,3608,-94.63215983,NA,-242,NA,"soil"
"obs_0073","Feng et al., 2019","Ladd","LJ3","10.1016/j.chemgeo.2019.05.005",26.64,99.85,2509,-86.49041781,NA,-214,NA,"soil"
"obs_0074","Feng et al., 2019","Ladd","LJ11","10.1016/j.chemgeo.2019.05.005",26.658,99.783,3303,-89.65413298,NA,-237,NA,"soil"
"obs_0075","Feng et al., 2019","Ladd","LJ10","10.1016/j.chemgeo.2019.05.005",26.659,99.788,3224,-89.07249616,NA,-242,NA,"soil"
"obs_0076","Freimuth et al. 2019","Manual extraction","Adirondack lakes, NY, USA (12-lake mean)","10.1016/j.gca.2019.08.026",44,-74.5,NA,NA,NA,-188,6,"lake sediment"
"obs_0077","Garcin et al. 2012","Manual extraction","Ossa, Cameroon","10.1016/j.gca.2011.11.039",3.7686,10.0049,17,-12.6,1,-147,4,"lake sediment"
"obs_0078","Garcin et al. 2012","Manual extraction","Debundscha, Cameroon","10.1016/j.gca.2011.11.039",4.1034,8.9805,70,-8.4,0,-153,5,"lake sediment"
"obs_0079","Garcin et al. 2012","Manual extraction","Barombi Mbo, Cameroon","10.1016/j.gca.2011.11.039",4.6544,9.4086,304,-15.8,3,-164,1,"lake sediment"
"obs_0080","Garcin et al. 2012","Manual extraction","Baleng, Cameroon","10.1016/j.gca.2011.11.039",5.5503,10.4211,1376,-19.8,9,-150,1,"lake sediment"
"obs_0081","Garcin et al. 2012","Manual extraction","Assom, Cameroon","10.1016/j.gca.2011.11.039",6.6245,12.9816,896,-14.9,8,-154,3,"lake sediment"
"obs_0082","Garcin et al. 2012","Manual extraction","Tabere, Cameroon","10.1016/j.gca.2011.11.039",7.1307,13.694,1161,-15.6,5,-167,1,"lake sediment"
"obs_0083","Garcin et al. 2012","Manual extraction","Tizong, Cameroon","10.1016/j.gca.2011.11.039",7.2533,13.5769,1155,-15.6,4,-155,1,"lake sediment"
"obs_0084","Garcin et al. 2012","Manual extraction","Mamguiewa, Cameroon","10.1016/j.gca.2011.11.039",8.3909,13.7089,322,-17.9,10,-156,8,"lake sediment"
"obs_0085","Garcin et al. 2012","Manual extraction","Rhumsiki, Cameroon","10.1016/j.gca.2011.11.039",10.5082,13.5838,1028,-26,5,-167,3,"lake sediment"
"obs_0086","Garcin et al. 2012","Manual extraction","Mora, Cameroon","10.1016/j.gca.2011.11.039",11.0547,14.1457,438,-27.6,3,-170,3,"lake sediment"
"obs_0087","Garcin et al., 2012","Ladd","MANE","10.1016/j.gca.2011.11.039",5.03,9.83,1911,-36.60037978,NA,-184.83,NA,"lake sediment"
"obs_0088","Gaviria-Lugo et al. 2023","Manual extraction","Chile, humid zone (mean)","10.5194/bg-20-4433-2023",-38,-73,NA,NA,NA,-185,NA,"fluvial sediment"
"obs_0089","Gaviria-Lugo et al. 2023","Manual extraction","Chile, semiarid zone (mean)","10.5194/bg-20-4433-2023",-32,-71,NA,NA,NA,-140,NA,"fluvial sediment"
"obs_0090","Gaviria-Lugo et al. 2023","Manual extraction","Chile, hyperarid zone (mean)","10.5194/bg-20-4433-2023",-24,-70,NA,NA,NA,-90,NA,"fluvial sediment"
"obs_0091","Gaviria-Lugo et al., 2023","","Maullin B","10.5194/bg-20-4433-2023",-41.4787,-73.2756,NA,-50,1.5,-185.2,0.7,"soil"
"obs_0092","Gaviria-Lugo et al., 2023","","Rio Maullin","10.5194/bg-20-4433-2023",-41.474,-73.2726,NA,-53.8,1.4,-168.4,9.1,"fluvial sediment"
"obs_0093","Gaviria-Lugo et al., 2023","","Maullin A","10.5194/bg-20-4433-2023",-41.474,-73.2726,NA,-50,1.5,-173.9,7.9,"soil"
"obs_0094","Gaviria-Lugo et al., 2023","","GeoB7194-1_1-2 cm","10.5194/bg-20-4433-2023",-41.4175,-74.4337,NA,NA,NA,-164.1,4.5,"marine sediment"
"obs_0095","Gaviria-Lugo et al., 2023","","Rio Llico","10.5194/bg-20-4433-2023",-41.2269,-73.753,NA,-54.8,1.6,-171.2,5,"fluvial sediment"
"obs_0096","Gaviria-Lugo et al., 2023","","Bueno","10.5194/bg-20-4433-2023",-40.3326,-73.4128,NA,-57.8,0.8,-163.8,3.2,"soil"
"obs_0097","Gaviria-Lugo et al., 2023","","Rio Bueno","10.5194/bg-20-4433-2023",-40.29,-73.5354,NA,-61.1,1,-165.1,0.2,"fluvial sediment"
"obs_0098","Gaviria-Lugo et al., 2023","","GeoB7214-1_1-2 cm","10.5194/bg-20-4433-2023",-39.875,-74.1672,NA,NA,NA,-155.9,1.6,"marine sediment"
"obs_0099","Gaviria-Lugo et al., 2023","","Rio CalleCalle","10.5194/bg-20-4433-2023",-39.7902,-73.1749,NA,-63.5,1,-170,2.3,"fluvial sediment"
"obs_0100","Gaviria-Lugo et al., 2023","","CalleCalle","10.5194/bg-20-4433-2023",-39.7885,-72.9681,NA,-55,0.4,-160.8,1.9,"soil"
"obs_0101","Gaviria-Lugo et al., 2023","","GeoB7212-1_1-2 cm","10.5194/bg-20-4433-2023",-39.7,-74.38,NA,NA,NA,-153.8,2.9,"marine sediment"
"obs_0102","Gaviria-Lugo et al., 2023","","Rio Cruces","10.5194/bg-20-4433-2023",-39.5493,-72.8419,NA,-57.3,0.5,-160.4,6.1,"fluvial sediment"
"obs_0103","Gaviria-Lugo et al., 2023","","Rio Tolten","10.5194/bg-20-4433-2023",-39.0747,-73.1397,NA,-61.8,1.2,-179.1,0.2,"fluvial sediment"
"obs_0104","Gaviria-Lugo et al., 2023","","GeoB7207-1_1-2 cm","10.5194/bg-20-4433-2023",-39.07,-74.37,NA,NA,NA,-166.3,4.1,"marine sediment"
"obs_0105","Gaviria-Lugo et al., 2023","","GeoB7209-2_1-2 cm","10.5194/bg-20-4433-2023",-38.9913,-74.1642,NA,NA,NA,-161.5,5.9,"marine sediment"
"obs_0106","Gaviria-Lugo et al., 2023","","Rio Imperial","10.5194/bg-20-4433-2023",-38.7287,-73.1267,NA,-54.5,0.9,-163.4,1.4,"fluvial sediment"
"obs_0107","Gaviria-Lugo et al., 2023","","GeoB7198-1_1-2 cm","10.5194/bg-20-4433-2023",-38.17,-74.39,NA,NA,NA,-150.6,2.6,"marine sediment"
"obs_0108","Gaviria-Lugo et al., 2023","","Estero Los Gringos","10.5194/bg-20-4433-2023",-37.8035,-72.9371,NA,-57.4,2.3,-173.6,0.1,"fluvial sediment"
"obs_0109","Gaviria-Lugo et al., 2023","","BioBio B","10.5194/bg-20-4433-2023",-37.3473,-72.885,NA,-38.7,1.4,-164.2,2.2,"soil"
"obs_0110","Gaviria-Lugo et al., 2023","","Rio BioBio","10.5194/bg-20-4433-2023",-37.1131,-72.9647,NA,-54.9,1.7,-158.1,1.8,"fluvial sediment"
"obs_0111","Gaviria-Lugo et al., 2023","","BioBio A","10.5194/bg-20-4433-2023",-37.1126,-72.9619,NA,-34.3,1.4,-178.7,1.3,"soil"
"obs_0112","Gaviria-Lugo et al., 2023","","GeoB7162-4_1-2 cm","10.5194/bg-20-4433-2023",-36.5427,-73.6672,NA,NA,NA,-164.8,0.3,"marine sediment"
"obs_0113","Gaviria-Lugo et al., 2023","","GeoB7167-4_1-2 cm","10.5194/bg-20-4433-2023",-36.45,-73.91,NA,NA,NA,-149.8,2.7,"marine sediment"
"obs_0114","Gaviria-Lugo et al., 2023","","Rio Itata","10.5194/bg-20-4433-2023",-36.3999,-72.7762,NA,-47.3,1.2,-175.4,0.2,"fluvial sediment"
"obs_0115","Gaviria-Lugo et al., 2023","","GeoB7160-4_1-2 cm","10.5194/bg-20-4433-2023",-36.0385,-73.0735,NA,NA,NA,-168,2.2,"marine sediment"
"obs_0116","Gaviria-Lugo et al., 2023","","Rio Chovellen","10.5194/bg-20-4433-2023",-35.9254,-72.623,NA,-42.7,0.9,-158,3,"fluvial sediment"
"obs_0117","Gaviria-Lugo et al., 2023","","GeoB7157-1_1-2 cm","10.5194/bg-20-4433-2023",-35.78,-73.59,NA,NA,NA,-164.2,3.3,"marine sediment"
"obs_0118","Gaviria-Lugo et al., 2023","","Rio Maule","10.5194/bg-20-4433-2023",-35.3882,-72.2978,NA,-51.5,1.8,-155.2,0.7,"fluvial sediment"
"obs_0119","Gaviria-Lugo et al., 2023","","GeoB3355-4_1-2 cm","10.5194/bg-20-4433-2023",-35.2183,-73.1167,NA,NA,NA,-162.8,1.1,"marine sediment"
"obs_0120","Gaviria-Lugo et al., 2023","","GeoB3352-2_1-2 cm","10.5194/bg-20-4433-2023",-35.2167,-73.3167,NA,NA,NA,-166.3,0.5,"marine sediment"
"obs_0121","Gaviria-Lugo et al., 2023","","Rapel","10.5194/bg-20-4433-2023",-34.5693,-71.6361,NA,-44,0.8,-170,0.1,"soil"
"obs_0122","Gaviria-Lugo et al., 2023","","GeoB7152-1_1-2 cm","10.5194/bg-20-4433-2023",-33.8,-72.1102,NA,NA,NA,-167.8,0.4,"marine sediment"
"obs_0123","Gaviria-Lugo et al., 2023","","Rio Maipo","10.5194/bg-20-4433-2023",-33.7738,-71.5272,NA,-63.3,2.8,-167.2,6.8,"fluvial sediment"
"obs_0124","Gaviria-Lugo et al., 2023","","SanAntonio-Maipo","10.5194/bg-20-4433-2023",-33.7736,-71.5246,NA,-44.1,0.6,-182.7,1.1,"soil"
"obs_0125","Gaviria-Lugo et al., 2023","","GeoB3311-2_1-2 cm","10.5194/bg-20-4433-2023",-33.6067,-72.0467,NA,NA,NA,-157.3,4.2,"marine sediment"
"obs_0126","Gaviria-Lugo et al., 2023","","Cajon del Maipo","10.5194/bg-20-4433-2023",-33.5814,-70.3586,NA,-69.7,2.6,-164.7,0.6,"soil"
"obs_0127","Gaviria-Lugo et al., 2023","","GeoB3303-1_1-2 cm","10.5194/bg-20-4433-2023",-33.2067,-72.2,NA,NA,NA,-158,5,"marine sediment"
"obs_0128","Gaviria-Lugo et al., 2023","","Rio Aconcagua","10.5194/bg-20-4433-2023",-32.9196,-71.3959,NA,-65.4,3.2,-168.6,4.5,"fluvial sediment"
"obs_0129","Gaviria-Lugo et al., 2023","","Quebrada La Campana","10.5194/bg-20-4433-2023",-32.9082,-71.0994,NA,-53.4,1.3,-170,1.7,"fluvial sediment"
"obs_0130","Gaviria-Lugo et al., 2023","","GeoB3304-3_1-2 cm","10.5194/bg-20-4433-2023",-32.89,-72.1933,NA,NA,NA,-153.8,2.9,"marine sediment"
"obs_0131","Gaviria-Lugo et al., 2023","","Rio Choapa","10.5194/bg-20-4433-2023",-31.5922,-71.5382,NA,-59.7,2.9,-158.7,2.3,"fluvial sediment"
"obs_0132","Gaviria-Lugo et al., 2023","","GeoB7144-1_1-2 cm","10.5194/bg-20-4433-2023",-31.16,-71.97,NA,NA,NA,-151.9,0.2,"marine sediment"
"obs_0133","Gaviria-Lugo et al., 2023","","Rio Limari","10.5194/bg-20-4433-2023",-30.6585,-71.5072,NA,-59.7,3.4,-165.4,2.8,"fluvial sediment"
"obs_0134","Gaviria-Lugo et al., 2023","","GeoB7138-1_1-2 cm","10.5194/bg-20-4433-2023",-30.13,-71.87,NA,NA,NA,-154.6,5.2,"marine sediment"
"obs_0135","Gaviria-Lugo et al., 2023","","Talca B","10.5194/bg-20-4433-2023",-30.0548,-71.0894,NA,-42.6,0.9,-153.5,2.4,"soil"
"obs_0136","Gaviria-Lugo et al., 2023","","Talca A","10.5194/bg-20-4433-2023",-30.0545,-71.094,NA,-42.6,0.9,-160.9,0.1,"soil"
"obs_0137","Gaviria-Lugo et al., 2023","","Rio Elqui","10.5194/bg-20-4433-2023",-29.9459,-71.1293,NA,-70.2,5.2,-154.7,8,"fluvial sediment"
"obs_0138","Gaviria-Lugo et al., 2023","","GeoB7134-1_1-2 cm","10.5194/bg-20-4433-2023",-29.72,-71.77,NA,NA,NA,-153.2,3.6,"marine sediment"
"obs_0139","Gaviria-Lugo et al., 2023","","GeoB7135-1_1-2 cm","10.5194/bg-20-4433-2023",-29.6667,-71.6758,NA,NA,NA,-155.6,1.3,"marine sediment"
"obs_0140","Gaviria-Lugo et al., 2023","","Choros","10.5194/bg-20-4433-2023",-29.3332,-71.2311,NA,-40.2,1,-103,1.7,"soil"
"obs_0141","Gaviria-Lugo et al., 2023","","Quebrada Los Choros","10.5194/bg-20-4433-2023",-29.3302,-71.2364,NA,-54.7,2.8,-151.6,6.5,"fluvial sediment"
"obs_0142","Gaviria-Lugo et al., 2023","","Rio Huasco","10.5194/bg-20-4433-2023",-28.4873,-71.1486,NA,-69.5,5.2,-158.2,7,"fluvial sediment"
"obs_0143","Gaviria-Lugo et al., 2023","","GeoB7130-1_1-2 cm","10.5194/bg-20-4433-2023",-28.42,-71.613,NA,NA,NA,-152.1,5.5,"marine sediment"
"obs_0144","Gaviria-Lugo et al., 2023","","GeoB7129-1_1-2 cm","10.5194/bg-20-4433-2023",-28.4168,-71.33,NA,NA,NA,-155.8,10.8,"marine sediment"
"obs_0145","Gaviria-Lugo et al., 2023","","GeoB7127-1_1-2 cm","10.5194/bg-20-4433-2023",-28.3837,-71.4712,NA,NA,NA,-151.6,1.4,"marine sediment"
"obs_0146","Gaviria-Lugo et al., 2023","","Quebrada Totoral","10.5194/bg-20-4433-2023",-27.8321,-71.0816,NA,-48.9,3.3,-151.5,2,"fluvial sediment"
"obs_0147","Gaviria-Lugo et al., 2023","","GeoB3374-1_1-2 cm","10.5194/bg-20-4433-2023",-27.4733,-71.1717,NA,NA,NA,-144.9,9,"marine sediment"
"obs_0148","Gaviria-Lugo et al., 2023","","GeoB3377-1_1-2 cm","10.5194/bg-20-4433-2023",-27.4667,-71.525,NA,NA,NA,-146.2,13.4,"marine sediment"
"obs_0149","Gaviria-Lugo et al., 2023","","GeoB3376-2_1-2 cm","10.5194/bg-20-4433-2023",-27.4667,-71.3617,NA,NA,NA,-144.7,14.6,"marine sediment"
"obs_0150","Gaviria-Lugo et al., 2023","","Rio Copiapo","10.5194/bg-20-4433-2023",-27.3281,-70.9136,NA,-62.6,5,-148.9,5.1,"fluvial sediment"
"obs_0151","Gaviria-Lugo et al., 2023","","GeoB7123-2_1-2 cm","10.5194/bg-20-4433-2023",-27.29,-71.05,NA,NA,NA,-150.9,5,"marine sediment"
"obs_0152","Gaviria-Lugo et al., 2023","","Quebrada Pto Flamenco","10.5194/bg-20-4433-2023",-26.5626,-70.6589,NA,-40.2,2.9,-118.7,0.6,"fluvial sediment"
"obs_0153","Gaviria-Lugo et al., 2023","","Rio Salado","10.5194/bg-20-4433-2023",-26.3366,-70.5699,NA,-47.8,3.1,-138.8,0.5,"fluvial sediment"
"obs_0154","Gaviria-Lugo et al., 2023","","Rio Pan de Azucar","10.5194/bg-20-4433-2023",-26.1487,-70.6527,NA,-50.8,3.2,-126.2,2.2,"fluvial sediment"
"obs_0155","Gaviria-Lugo et al., 2023","","Quebrada Salitrosa","10.5194/bg-20-4433-2023",-26.1116,-70.5561,NA,-29.1,2.6,-89.9,0.6,"fluvial sediment"
"obs_0156","Gaviria-Lugo et al., 2023","","GeoB7116-1_1-2 cm","10.5194/bg-20-4433-2023",-26.0002,-70.9998,NA,NA,NA,-118.9,2.7,"marine sediment"
"obs_0157","Gaviria-Lugo et al., 2023","","GeoB7118-1_1-2 cm","10.5194/bg-20-4433-2023",-25.9997,-70.8092,NA,NA,NA,-108.5,3.5,"marine sediment"
"obs_0158","Gensel et al. 2022","","Mkhuze Wetland, South Africa (MK32-1)","10.5194/bg-19-2881-2022",-27.9267,32.4894,NA,NA,NA,-130,NA,"lake sediment"
"obs_0159","Gensel et al. 2022","","Mkhuze Wetland, South Africa (MK31-1)","10.5194/bg-19-2881-2022",-27.9225,32.4869,NA,NA,NA,-132.2,NA,"lake sediment"
"obs_0160","Gensel et al. 2022","","Mkhuze Wetland, South Africa (MK26-1)","10.5194/bg-19-2881-2022",-27.8995,32.4834,NA,NA,NA,-142.4,2.9,"lake sediment"
"obs_0161","Gensel et al. 2022","","Mkhuze Wetland, South Africa (MK25-1)","10.5194/bg-19-2881-2022",-27.8948,32.4832,NA,NA,NA,-134,NA,"lake sediment"
"obs_0162","Gensel et al. 2022","","Mkhuze Wetland, South Africa (MK08-2)","10.5194/bg-19-2881-2022",-27.8896,32.483,NA,NA,NA,-148.5,1,"fluvial sediment"
"obs_0163","Gensel et al. 2022","","Mkhuze Wetland, South Africa (MK16-1)","10.5194/bg-19-2881-2022",-27.87,32.4845,NA,NA,NA,-153.4,0.3,"fluvial sediment"
"obs_0164","Gensel et al. 2022","","Mkhuze Wetland, South Africa (MK14-1)","10.5194/bg-19-2881-2022",-27.8567,32.4785,NA,NA,NA,-157.9,0.3,"fluvial sediment"
"obs_0165","Gensel et al. 2022","","Mkhuze Wetland, South Africa (MK23-1)","10.5194/bg-19-2881-2022",-27.8526,32.4749,NA,NA,NA,-133.8,0.4,"fluvial sediment"
"obs_0166","Gensel et al. 2022","","Mkhuze Wetland, South Africa (MK07-5_1)","10.5194/bg-19-2881-2022",-27.8412,32.4784,NA,NA,NA,-157.1,NA,"fluvial sediment"
"obs_0167","Gensel et al. 2022","","Mkhuze Wetland, South Africa (MK07-5_2)","10.5194/bg-19-2881-2022",-27.8412,32.4784,NA,NA,NA,-164.8,0,"fluvial sediment"
"obs_0168","Gensel et al. 2022","","Mkhuze Wetland, South Africa (MK21-1)","10.5194/bg-19-2881-2022",-27.746,32.5021,NA,NA,NA,-138.5,0.2,"fluvial sediment"
"obs_0169","Gensel et al. 2022","","Mkhuze Wetland, South Africa (MK22-1)","10.5194/bg-19-2881-2022",-27.746,32.5021,NA,NA,NA,-150.9,0.1,"fluvial sediment"
"obs_0170","Gensel et al. 2022","","Mkhuze Wetland, South Africa (MK20-1)","10.5194/bg-19-2881-2022",-27.7254,32.4868,NA,NA,NA,-155,0.3,"fluvial sediment"
"obs_0171","Gensel et al. 2022","","Mkhuze Wetland, South Africa (MK20-2)","10.5194/bg-19-2881-2022",-27.7254,32.4868,NA,NA,NA,-146.5,0.2,"fluvial sediment"
"obs_0172","Gensel et al. 2022","","Mkhuze Wetland, South Africa (MK10-1)","10.5194/bg-19-2881-2022",-27.6962,32.4746,NA,NA,NA,-160.3,0.1,"fluvial sediment"
"obs_0173","Gensel et al. 2022","","Mkhuze Wetland, South Africa (MK12-1)","10.5194/bg-19-2881-2022",-27.6961,32.4679,NA,NA,NA,-149.5,0.8,"fluvial sediment"
"obs_0174","Gensel et al. 2022","","Mkhuze Wetland, South Africa (MK03-1)","10.5194/bg-19-2881-2022",-27.6628,32.4199,NA,NA,NA,-138.9,NA,"fluvial sediment"
"obs_0175","Gensel et al. 2022","","Mkhuze Wetland, South Africa (MK03-2)","10.5194/bg-19-2881-2022",-27.6628,32.4199,NA,NA,NA,-160.4,1,"fluvial sediment"
"obs_0176","Gensel et al. 2022","","Mkhuze Wetland, South Africa (MK03-3)","10.5194/bg-19-2881-2022",-27.6628,32.4199,NA,NA,NA,-145.7,NA,"fluvial sediment"
"obs_0177","Gensel et al. 2022","","Mkhuze Wetland, South Africa (MK02-3)","10.5194/bg-19-2881-2022",-27.6548,32.4031,NA,NA,NA,-143.9,0.1,"fluvial sediment"
"obs_0178","Gensel et al. 2022","","Mkhuze Wetland, South Africa (MK01-10)","10.5194/bg-19-2881-2022",-27.5987,32.3021,NA,NA,NA,-131.5,0.2,"fluvial sediment"
"obs_0179","Gensel et al. 2022","","Mkhuze Wetland, South Africa (MK06-1)","10.5194/bg-19-2881-2022",-27.5918,32.2185,NA,NA,NA,-147.4,0.3,"fluvial sediment"
"obs_0180","Gensel et al. 2022","","Mkhuze Wetland, South Africa (MK05-1)","10.5194/bg-19-2881-2022",-27.5839,32.1471,NA,NA,NA,-143.3,0.2,"fluvial sediment"
"obs_0181","Hren & Brandon 2026","Hren & Brandon 2026 Zenodo: 17209981","Yunnan, drainage: Mekong","10.1029/2025PA005167",22.19287,100.527905,1400,-81.993,NA,-209,2.475,"soil"
"obs_0182","Hren & Brandon 2026","Hren & Brandon 2026 Zenodo: 17209981","Yunnan, drainage: Mekong","10.1029/2025PA005167",22.341296,101.270996,931,-28.308,NA,-212,2.475,"soil"
"obs_0183","Hren & Brandon 2026","Hren & Brandon 2026 Zenodo: 17209981","Yunnan, drainage: Mekong","10.1029/2025PA005167",22.71668,101.32093,956,-31.696,NA,-188,2.475,"soil"
"obs_0184","Hren & Brandon 2026","Hren & Brandon 2026 Zenodo: 17209981","Yunnan, drainage: Mekong","10.1029/2025PA005167",25.597,100.0586,1265,-57.647,NA,-160,3.5,"soil"
"obs_0185","Hren & Brandon 2026","Hren & Brandon 2026 Zenodo: 17209981","Yunnan, drainage: Mekong","10.1029/2025PA005167",25.937,99.3351,1745,-58.771,NA,-172,3.5,"soil"
"obs_0186","Hren & Brandon 2026","Hren & Brandon 2026 Zenodo: 17209981","Yunnan, drainage: Mekong","10.1029/2025PA005167",26.486,99.6988,2635,-63.725,NA,-212,2.475,"soil"
"obs_0187","Hren & Brandon 2026","Hren & Brandon 2026 Zenodo: 17209981","Yunnan, drainage: Mekong","10.1029/2025PA005167",26.524,99.7771,2357,-64.572,NA,-166,2.475,"soil"
"obs_0188","Hren & Brandon 2026","Hren & Brandon 2026 Zenodo: 17209981","Yunnan, drainage: Mekong","10.1029/2025PA005167",26.595,99.8465,2463,-63.978,NA,-183,3.5,"soil"
"obs_0189","Hren & Brandon 2026","Hren & Brandon 2026 Zenodo: 17209981","Yunnan, drainage: Mekong","10.1029/2025PA005167",26.667,99.932,2459,-90.325,NA,-167,3.5,"soil"
"obs_0190","Hren & Brandon 2026","Hren & Brandon 2026 Zenodo: 17209981","Yunnan, drainage: Yangtze","10.1029/2025PA005167",26.8637,100.0371,2500,-64.811,NA,-188,3.5,"soil"
"obs_0191","Hren & Brandon 2026","Hren & Brandon 2026 Zenodo: 17209981","Yunnan, drainage: Yangtze","10.1029/2025PA005167",26.882,100.0011,1881,-68.031,NA,-195,2.475,"soil"
"obs_0192","Hren & Brandon 2026","Hren & Brandon 2026 Zenodo: 17209981","Yunnan, drainage: Yangtze","10.1029/2025PA005167",27.073,99.5562,2549,-85.94,NA,-190,2.475,"soil"
"obs_0193","Hren & Brandon 2026","Hren & Brandon 2026 Zenodo: 17209981","Yunnan, drainage: Yangtze","10.1029/2025PA005167",27.1409,100.6678,3075,-60.819,NA,-215,3.5,"soil"
"obs_0194","Hren & Brandon 2026","Hren & Brandon 2026 Zenodo: 17209981","Yunnan, drainage: Yangtze","10.1029/2025PA005167",27.223472,100.025806,1970,-73.388,NA,-203,2.475,"soil"
"obs_0195","Hren & Brandon 2026","Hren & Brandon 2026 Zenodo: 17209981","Yunnan, drainage: Yangtze","10.1029/2025PA005167",27.399,100.8425,2538,-65.785,NA,-169,2.475,"soil"
"obs_0196","Hren & Brandon 2026","Hren & Brandon 2026 Zenodo: 17209981","Yunnan, drainage: Yangtze","10.1029/2025PA005167",27.4581,101.2959,2754,-65.567,NA,-181,3.5,"soil"
"obs_0197","Hren & Brandon 2026","Hren & Brandon 2026 Zenodo: 17209981","Yunnan, drainage: Yangtze","10.1029/2025PA005167",27.4987,101.334,2233,-67.781,NA,-194,2.475,"soil"
"obs_0198","Hren & Brandon 2026","Hren & Brandon 2026 Zenodo: 17209981","Himalaya, drainage: Brahmaputra","10.1029/2025PA005167",27.6314,85.9625,1660,-53.157,NA,-161,2.475,"soil"
"obs_0199","Hren & Brandon 2026","Hren & Brandon 2026 Zenodo: 17209981","Yunnan, drainage: Yangtze","10.1029/2025PA005167",27.6323,100.8164,3340,-66.051,NA,-191,2.475,"soil"
"obs_0200","Hren & Brandon 2026","Hren & Brandon 2026 Zenodo: 17209981","Himalaya, drainage: Brahmaputra","10.1029/2025PA005167",27.6397,84.1091,160,-42.018,NA,-157,2.021,"soil"
"obs_0201","Hren & Brandon 2026","Hren & Brandon 2026 Zenodo: 17209981","Yunnan, drainage: Yangtze","10.1029/2025PA005167",27.64441333,100.9693,2362,-68.434,NA,-185,2.021,"soil"
"obs_0202","Hren & Brandon 2026","Hren & Brandon 2026 Zenodo: 17209981","Yunnan, drainage: Yangtze","10.1029/2025PA005167",27.7433,100.7687,2764,-70.684,NA,-205,2.021,"soil"
"obs_0203","Hren & Brandon 2026","Hren & Brandon 2026 Zenodo: 17209981","Himalaya, drainage: Brahmaputra","10.1029/2025PA005167",27.8,85,416,-53.502,NA,-151,2.021,"soil"
"obs_0204","Hren & Brandon 2026","Hren & Brandon 2026 Zenodo: 17209981","Himalaya, drainage: Brahmaputra","10.1029/2025PA005167",27.9656,85.9669,1960,-78.225,NA,-190,2.475,"soil"
"obs_0205","Hren & Brandon 2026","Hren & Brandon 2026 Zenodo: 17209981","Himalaya, drainage: Brahmaputra","10.1029/2025PA005167",27.9658,85.9792,1690,-76.582,NA,-162,2.475,"soil"
"obs_0206","Hren & Brandon 2026","Hren & Brandon 2026 Zenodo: 17209981","Himalaya, drainage: Brahmaputra","10.1029/2025PA005167",27.9664,85.9653,1770,-78.468,NA,-174,2.475,"soil"
"obs_0207","Hren & Brandon 2026","Hren & Brandon 2026 Zenodo: 17209981","Himalaya, drainage: Brahmaputra","10.1029/2025PA005167",27.9744,85.9717,1850,-78.878,NA,-166,2.475,"soil"
"obs_0208","Hren & Brandon 2026","Hren & Brandon 2026 Zenodo: 17209981","Himalaya, drainage: Brahmaputra","10.1029/2025PA005167",27.9767,85.9764,2060,-78.765,NA,-156,2.475,"soil"
"obs_0209","Hren & Brandon 2026","Hren & Brandon 2026 Zenodo: 17209981","Himalaya, drainage: Brahmaputra","10.1029/2025PA005167",27.9831,85.9686,2210,-79.522,NA,-183,2.475,"soil"
"obs_0210","Hren & Brandon 2026","Hren & Brandon 2026 Zenodo: 17209981","Himalaya, drainage: Brahmaputra","10.1029/2025PA005167",27.9942,85.9819,2330,-80.206,NA,-205,2.475,"soil"
"obs_0211","Hren & Brandon 2026","Hren & Brandon 2026 Zenodo: 17209981","Himalaya, drainage: Brahmaputra","10.1029/2025PA005167",28.0042,85.9775,2570,-80.386,NA,-190,2.475,"soil"
"obs_0212","Hren & Brandon 2026","Hren & Brandon 2026 Zenodo: 17209981","Himalaya, drainage: Brahmaputra","10.1029/2025PA005167",28.0294,85.9853,2800,-81.789,NA,-193,2.475,"soil"
"obs_0213","Hren & Brandon 2026","Hren & Brandon 2026 Zenodo: 17209981","Himalaya, drainage: Brahmaputra","10.1029/2025PA005167",28.0378,85.9892,3090,-82.276,NA,-214,2.475,"soil"
"obs_0214","Hren & Brandon 2026","Hren & Brandon 2026 Zenodo: 17209981","Himalaya, drainage: Brahmaputra","10.1029/2025PA005167",28.0403,85.9881,2920,-82.432,NA,-211,2.475,"soil"
"obs_0215","Hren & Brandon 2026","Hren & Brandon 2026 Zenodo: 17209981","Himalaya, drainage: Brahmaputra","10.1029/2025PA005167",28.0653,86.0025,3280,-82.781,NA,-219,2.475,"soil"
"obs_0216","Hren & Brandon 2026","Hren & Brandon 2026 Zenodo: 17209981","Himalaya, drainage: Brahmaputra","10.1029/2025PA005167",28.0881,86.0008,3360,-85.738,NA,-216,2.475,"soil"
"obs_0217","Hren & Brandon 2026","Hren & Brandon 2026 Zenodo: 17209981","Himalaya, drainage: Brahmaputra","10.1029/2025PA005167",28.1194,85.9923,3485,-87.951,NA,-183,2.021,"soil"
"obs_0218","Hren & Brandon 2026","Hren & Brandon 2026 Zenodo: 17209981","Himalaya, drainage: Brahmaputra","10.1029/2025PA005167",28.1256,85.9889,3607,-88.92,NA,-210,2.475,"soil"
"obs_0219","Hren & Brandon 2026","Hren & Brandon 2026 Zenodo: 17209981","Himalaya, drainage: Brahmaputra","10.1029/2025PA005167",28.1431,85.9831,3795,-89.777,NA,-210,2.475,"soil"
"obs_0220","Hren & Brandon 2026","Hren & Brandon 2026 Zenodo: 17209981","Himalaya, drainage: Brahmaputra","10.1029/2025PA005167",28.1778,85.9847,3820,-91.725,NA,-199,2.475,"soil"
"obs_0221","Hren & Brandon 2026","Hren & Brandon 2026 Zenodo: 17209981","Himalaya, drainage: Brahmaputra","10.1029/2025PA005167",28.22,86.0011,3920,-96.641,NA,-197,2.475,"soil"
"obs_0222","Hren & Brandon 2026","Hren & Brandon 2026 Zenodo: 17209981","Yunnan, drainage: Yangtze","10.1029/2025PA005167",28.239528,99.278222,2247,-96.701,NA,-220,2.475,"soil"
"obs_0223","Hren & Brandon 2026","Hren & Brandon 2026 Zenodo: 17209981","Himalaya, drainage: Brahmaputra","10.1029/2025PA005167",28.2639,83.7339,850,-69.135,NA,-177,2.021,"soil"
"obs_0224","Hren & Brandon 2026","Hren & Brandon 2026 Zenodo: 17209981","Himalaya, drainage: Brahmaputra","10.1029/2025PA005167",28.3028,86.0367,4150,-103.536,NA,-226,2.475,"soil"
"obs_0225","Hren & Brandon 2026","Hren & Brandon 2026 Zenodo: 17209981","Himalaya, drainage: Brahmaputra","10.1029/2025PA005167",28.3675,86.0983,4340,-107.145,NA,-217,2.475,"soil"
"obs_0226","Hren & Brandon 2026","Hren & Brandon 2026 Zenodo: 17209981","Yunnan, drainage: Mekong","10.1029/2025PA005167",28.416856,98.963267,3750,-99.233,NA,-240,2.475,"soil"
"obs_0227","Hren & Brandon 2026","Hren & Brandon 2026 Zenodo: 17209981","Himalaya, drainage: Brahmaputra","10.1029/2025PA005167",28.4386,86.1561,4497,-110.476,NA,-228,2.475,"soil"
"obs_0228","Hren & Brandon 2026","Hren & Brandon 2026 Zenodo: 17209981","Himalaya, drainage: Brahmaputra","10.1029/2025PA005167",28.442784,98.427243,3516,-100.563,NA,-243,2.475,"soil"
"obs_0229","Hren & Brandon 2026","Hren & Brandon 2026 Zenodo: 17209981","Yunnan, drainage: Mekong","10.1029/2025PA005167",28.455253,98.869416,3300,-101.193,NA,-230,2.475,"soil"
"obs_0230","Hren & Brandon 2026","Hren & Brandon 2026 Zenodo: 17209981","Himalaya, drainage: Brahmaputra","10.1029/2025PA005167",28.4677,97.0338,1514,-107.258,NA,-179,2.475,"soil"
"obs_0231","Hren & Brandon 2026","Hren & Brandon 2026 Zenodo: 17209981","Himalaya, drainage: Brahmaputra","10.1029/2025PA005167",28.4756,86.1639,4658,-112.504,NA,-216,2.475,"soil"
"obs_0232","Hren & Brandon 2026","Hren & Brandon 2026 Zenodo: 17209981","Himalaya, drainage: Brahmaputra","10.1029/2025PA005167",28.485,86.1572,4758,-112.066,NA,-224,2.475,"soil"
"obs_0233","Hren & Brandon 2026","Hren & Brandon 2026 Zenodo: 17209981","Himalaya, drainage: Brahmaputra","10.1029/2025PA005167",28.4889,86.1481,4852,-112.712,NA,-239,2.475,"soil"
"obs_0234","Hren & Brandon 2026","Hren & Brandon 2026 Zenodo: 17209981","Himalaya, drainage: Brahmaputra","10.1029/2025PA005167",28.5114,97.0788,1468,-107.562,NA,-186,2.475,"soil"
"obs_0235","Hren & Brandon 2026","Hren & Brandon 2026 Zenodo: 17209981","Himalaya, drainage: Brahmaputra","10.1029/2025PA005167",28.5164,86.1672,5145,-114.989,NA,-218,2.475,"soil"
"obs_0236","Hren & Brandon 2026","Hren & Brandon 2026 Zenodo: 17209981","Himalaya, drainage: Brahmaputra","10.1029/2025PA005167",28.5725,97.0924,1628,-109.72,NA,-171,2.475,"soil"
"obs_0237","Hren & Brandon 2026","Hren & Brandon 2026 Zenodo: 17209981","Himalaya, drainage: Brahmaputra","10.1029/2025PA005167",28.6009,97.208,1832,-109.673,NA,-181,2.475,"soil"
"obs_0238","Hren & Brandon 2026","Hren & Brandon 2026 Zenodo: 17209981","Himalaya, drainage: Brahmaputra","10.1029/2025PA005167",28.6202,97.345,2200,-108.783,NA,-180,2.475,"soil"
"obs_0239","Hren & Brandon 2026","Hren & Brandon 2026 Zenodo: 17209981","Himalaya, drainage: Brahmaputra","10.1029/2025PA005167",28.7722,87.2478,4545,-121.811,NA,-240,2.475,"soil"
"obs_0240","Hren & Brandon 2026","Hren & Brandon 2026 Zenodo: 17209981","Himalaya, drainage: Brahmaputra","10.1029/2025PA005167",28.8375,97.4897,2614,-115.503,NA,-195,2.475,"soil"
"obs_0241","Hren & Brandon 2026","Hren & Brandon 2026 Zenodo: 17209981","drainage: Brahmaputra","10.1029/2025PA005167",28.89,90.23,4855,-106.037,NA,-199,2.475,"soil"
"obs_0242","Hren & Brandon 2026","Hren & Brandon 2026 Zenodo: 17209981","Himalaya, drainage: Brahmaputra","10.1029/2025PA005167",28.8933,90.1672,5046,-110.043,NA,-249,2.475,"soil"
"obs_0243","Hren & Brandon 2026","Hren & Brandon 2026 Zenodo: 17209981","Himalaya, drainage: Brahmaputra","10.1029/2025PA005167",28.9441,97.4256,2758,-120.394,NA,-197,2.475,"soil"
"obs_0244","Hren & Brandon 2026","Hren & Brandon 2026 Zenodo: 17209981","Himalaya, drainage: Brahmaputra","10.1029/2025PA005167",28.9908,97.402,2891,-122.506,NA,-203,2.475,"soil"
"obs_0245","Hren & Brandon 2026","Hren & Brandon 2026 Zenodo: 17209981","drainage: Brahmaputra","10.1029/2025PA005167",29.0322,90.4704,4445,-113.556,0,-187,2.475,"soil"
"obs_0246","Hren & Brandon 2026","Hren & Brandon 2026 Zenodo: 17209981","Himalaya, drainage: Brahmaputra","10.1029/2025PA005167",29.0378,97.3622,2931,-122.978,NA,-179,2.475,"soil"
"obs_0247","Hren & Brandon 2026","Hren & Brandon 2026 Zenodo: 17209981","Himalaya, drainage: Brahmaputra","10.1029/2025PA005167",29.0952,97.2759,3190,-123.144,NA,-214,2.475,"soil"
"obs_0248","Hren & Brandon 2026","Hren & Brandon 2026 Zenodo: 17209981","Himalaya, drainage: Brahmaputra","10.1029/2025PA005167",29.1517,88.595,4040,-115.568,NA,-211,2.475,"soil"
"obs_0249","Hren & Brandon 2026","Hren & Brandon 2026 Zenodo: 17209981","Himalaya, drainage: Brahmaputra","10.1029/2025PA005167",29.1711,97.201,3433,-123.007,NA,-209,2.475,"soil"
"obs_0250","Hren & Brandon 2026","Hren & Brandon 2026 Zenodo: 17209981","Himalaya, drainage: Brahmaputra","10.1029/2025PA005167",29.2078,90.6178,4780,-113.134,NA,-264,2.475,"soil"
"obs_0251","Hren & Brandon 2026","Hren & Brandon 2026 Zenodo: 17209981","Himalaya, drainage: Brahmaputra","10.1029/2025PA005167",29.2289,90.6372,4006,-114.624,NA,-221,2.475,"soil"
"obs_0252","Hren & Brandon 2026","Hren & Brandon 2026 Zenodo: 17209981","Himalaya, drainage: Brahmaputra","10.1029/2025PA005167",29.2667,90.6231,3609,-117.405,NA,-207,2.475,"soil"
"obs_0253","Hren & Brandon 2026","Hren & Brandon 2026 Zenodo: 17209981","Himalaya, drainage: Brahmaputra","10.1029/2025PA005167",29.3143,96.9948,4616,-118.313,NA,-241,2.475,"soil"
"obs_0254","Hren & Brandon 2026","Hren & Brandon 2026 Zenodo: 17209981","Himalaya, drainage: Brahmaputra","10.1029/2025PA005167",29.3176,97.0302,4803,-119.126,NA,-253,2.475,"soil"
"obs_0255","Hren & Brandon 2026","Hren & Brandon 2026 Zenodo: 17209981","Himalaya, drainage: Brahmaputra","10.1029/2025PA005167",29.3198,97.1707,3732,-123.722,NA,-190,2.475,"soil"
"obs_0256","Hren & Brandon 2026","Hren & Brandon 2026 Zenodo: 17209981","Himalaya, drainage: Brahmaputra","10.1029/2025PA005167",29.3255,97.0399,4700,-118.503,NA,-262,2.475,"soil"
"obs_0257","Hren & Brandon 2026","Hren & Brandon 2026 Zenodo: 17209981","Himalaya, drainage: Brahmaputra","10.1029/2025PA005167",29.3279,97.1352,3911,-122.846,NA,-194,2.475,"soil"
"obs_0258","Hren & Brandon 2026","Hren & Brandon 2026 Zenodo: 17209981","Himalaya, drainage: Brahmaputra","10.1029/2025PA005167",29.3296,97.055,4488,-119.989,NA,-228,2.475,"soil"
"obs_0259","Hren & Brandon 2026","Hren & Brandon 2026 Zenodo: 17209981","Himalaya, drainage: Brahmaputra","10.1029/2025PA005167",29.3296,97.055,4488,-119.989,NA,-223,2.475,"soil"
"obs_0260","Hren & Brandon 2026","Hren & Brandon 2026 Zenodo: 17209981","Himalaya, drainage: Brahmaputra","10.1029/2025PA005167",29.3326,97.0727,4200,-121.001,NA,-238,2.475,"soil"
"obs_0261","Hren & Brandon 2026","Hren & Brandon 2026 Zenodo: 17209981","Himalaya, drainage: Brahmaputra","10.1029/2025PA005167",29.3415,96.9256,4590,-116.769,NA,-215,2.475,"soil"
"obs_0262","Hren & Brandon 2026","Hren & Brandon 2026 Zenodo: 17209981","Yunnan, drainage: Yangtze","10.1029/2025PA005167",29.37175,98.678028,3589,-107.728,NA,-220,2.475,"soil"
"obs_0263","Hren & Brandon 2026","Hren & Brandon 2026 Zenodo: 17209981","Himalaya, drainage: Brahmaputra","10.1029/2025PA005167",29.3902,96.8516,4196,-119.651,NA,-241,2.475,"soil"
"obs_0264","Hren & Brandon 2026","Hren & Brandon 2026 Zenodo: 17209981","Himalaya, drainage: Brahmaputra","10.1029/2025PA005167",29.4797,96.6523,3922,-113.734,NA,-204,2.475,"soil"
"obs_0265","Hren & Brandon 2026","Hren & Brandon 2026 Zenodo: 17209981","Himalaya, drainage: Brahmaputra","10.1029/2025PA005167",29.5005,96.7307,3921,-116.763,NA,-215,2.475,"soil"
"obs_0266","Hren & Brandon 2026","Hren & Brandon 2026 Zenodo: 17209981","Himalaya, drainage: Brahmaputra","10.1029/2025PA005167",29.5343,96.523,3682,-106.223,NA,-197,2.475,"soil"
"obs_0267","Hren & Brandon 2026","Hren & Brandon 2026 Zenodo: 17209981","Himalaya, drainage: Brahmaputra","10.1029/2025PA005167",29.5363,96.5,3596,-109.352,NA,-200,2.475,"soil"
"obs_0268","Hren & Brandon 2026","Hren & Brandon 2026 Zenodo: 17209981","Himalaya, drainage: Brahmaputra","10.1029/2025PA005167",29.6035,96.3903,3395,-107.959,NA,-200,2.475,"soil"
"obs_0269","Hren & Brandon 2026","Hren & Brandon 2026 Zenodo: 17209981","Himalaya, drainage: Brahmaputra","10.1029/2025PA005167",29.6275,96.2753,3231,-110.517,NA,-181,2.475,"soil"
"obs_0270","Hren & Brandon 2026","Hren & Brandon 2026 Zenodo: 17209981","drainage: Brahmaputra","10.1029/2025PA005167",29.654,96.716,4431,-114.634,7,-193,2.475,"soil"
"obs_0271","Hren & Brandon 2026","Hren & Brandon 2026 Zenodo: 17209981","Himalaya, drainage: Brahmaputra","10.1029/2025PA005167",29.6967,92.2256,4348,-122.308,NA,-228,2.475,"soil"
"obs_0272","Hren & Brandon 2026","Hren & Brandon 2026 Zenodo: 17209981","Himalaya, drainage: Brahmaputra","10.1029/2025PA005167",29.7224,96.1323,3075,-110.051,NA,-204,2.475,"soil"
"obs_0273","Hren & Brandon 2026","Hren & Brandon 2026 Zenodo: 17209981","Himalaya, drainage: Brahmaputra","10.1029/2025PA005167",29.7368,94.2869,3052,-100.836,NA,-212,2.475,"soil"
"obs_0274","Hren & Brandon 2026","Hren & Brandon 2026 Zenodo: 17209981","Himalaya, drainage: Brahmaputra","10.1029/2025PA005167",29.7488,91.9488,3995,-126.169,NA,-230,2.475,"soil"
"obs_0275","Hren & Brandon 2026","Hren & Brandon 2026 Zenodo: 17209981","Himalaya, drainage: Brahmaputra","10.1029/2025PA005167",29.774,92.3269,4713,-122.507,NA,-233,2.475,"soil"
"obs_0276","Hren & Brandon 2026","Hren & Brandon 2026 Zenodo: 17209981","Himalaya, drainage: Brahmaputra","10.1029/2025PA005167",29.804,95.8247,2816,-103.884,NA,-198,2.475,"soil"
"obs_0277","Hren & Brandon 2026","Hren & Brandon 2026 Zenodo: 17209981","Himalaya, drainage: Brahmaputra","10.1029/2025PA005167",29.82,93.764,3190,-116.107,NA,-207,2.475,"soil"
"obs_0278","Hren & Brandon 2026","Hren & Brandon 2026 Zenodo: 17209981","Himalaya, drainage: Brahmaputra","10.1029/2025PA005167",29.8305,92.3437,4968,-125.693,NA,-233,2.475,"soil"
"obs_0279","Hren & Brandon 2026","Hren & Brandon 2026 Zenodo: 17209981","Himalaya, drainage: Brahmaputra","10.1029/2025PA005167",29.8379,92.3237,4802,-125.853,NA,-244,2.475,"soil"
"obs_0280","Hren & Brandon 2026","Hren & Brandon 2026 Zenodo: 17209981","Himalaya, drainage: Brahmaputra","10.1029/2025PA005167",29.8501,93.6851,3211,-116.271,NA,-217,2.475,"soil"
"obs_0281","Hren & Brandon 2026","Hren & Brandon 2026 Zenodo: 17209981","Himalaya, drainage: Brahmaputra","10.1029/2025PA005167",29.871,92.6397,4028,-125.156,NA,-224,2.475,"soil"
"obs_0282","Hren & Brandon 2026","Hren & Brandon 2026 Zenodo: 17209981","Himalaya, drainage: Brahmaputra","10.1029/2025PA005167",29.8734,92.5322,NA,-125.112,NA,-220,2.475,"soil"
"obs_0283","Hren & Brandon 2026","Hren & Brandon 2026 Zenodo: 17209981","Himalaya, drainage: Brahmaputra","10.1029/2025PA005167",29.8734,92.5322,4186,-125.112,NA,-223,2.475,"soil"
"obs_0284","Hren & Brandon 2026","Hren & Brandon 2026 Zenodo: 17209981","Himalaya, drainage: Brahmaputra","10.1029/2025PA005167",29.879528,97.652389,3818,-116.23,NA,-246,2.475,"soil"
"obs_0285","Hren & Brandon 2026","Hren & Brandon 2026 Zenodo: 17209981","Himalaya, drainage: Brahmaputra","10.1029/2025PA005167",29.8949,93.362,3371,-119.204,NA,-206,2.475,"soil"
"obs_0286","Hren & Brandon 2026","Hren & Brandon 2026 Zenodo: 17209981","Himalaya, drainage: Brahmaputra","10.1029/2025PA005167",29.9022,93.188,3439,-123.019,NA,-196,2.475,"soil"
"obs_0287","Hren & Brandon 2026","Hren & Brandon 2026 Zenodo: 17209981","Himalaya, drainage: Brahmaputra","10.1029/2025PA005167",29.9044,92.7501,3883,-125.877,NA,-222,2.475,"soil"
"obs_0288","Hren & Brandon 2026","Hren & Brandon 2026 Zenodo: 17209981","Himalaya, drainage: Brahmaputra","10.1029/2025PA005167",29.9128,92.364,4437,-127.137,NA,-231,2.475,"soil"
"obs_0289","Hren & Brandon 2026","Hren & Brandon 2026 Zenodo: 17209981","Himalaya, drainage: Brahmaputra","10.1029/2025PA005167",30.033,92.9286,3644,-128.422,NA,-223,2.475,"soil"
"obs_0290","Hren & Brandon 2026","Hren & Brandon 2026 Zenodo: 17209981","Himalaya, drainage: Brahmaputra","10.1029/2025PA005167",30.1066,90.5447,4236,-130.345,NA,-211,2.021,"soil"
"obs_0291","Hren & Brandon 2026","Hren & Brandon 2026 Zenodo: 17209981","Himalaya, drainage: Brahmaputra","10.1029/2025PA005167",30.6047,91.5218,4595,-131.788,NA,-241,2.021,"soil"
"obs_0292","Hren & Brandon 2026","Hren & Brandon 2026 Zenodo: 17209981","drainage: Brahmaputra","10.1029/2025PA005167",30.645,90.6372,4718,-96.033,NA,-246,2.475,"soil"
"obs_0293","Hren & Brandon 2026","Hren & Brandon 2026 Zenodo: 17209981","Yunnan, drainage: Mekong","10.1029/2025PA005167",30.682583,97.435833,3060,-116.616,NA,-219,2.475,"soil"
"obs_0294","Hren & Brandon 2026","Hren & Brandon 2026 Zenodo: 17209981","Himalaya, drainage: Brahmaputra","10.1029/2025PA005167",30.9643,91.6556,4731,-98.507,NA,-214,2.021,"soil"
"obs_0295","Hren & Brandon 2026","Hren & Brandon 2026 Zenodo: 17209981","Himalaya, drainage: Brahmaputra","10.1029/2025PA005167",31.3265,91.8806,4518,-99.618,NA,-209,2.021,"soil"
"obs_0296","Hren & Brandon 2026","Hren & Brandon 2026 Zenodo: 17209981","Yunnan, drainage: Yangtze","10.1029/2025PA005167",31.330972,98.034944,4147,-125.575,NA,-240,2.475,"soil"
"obs_0297","Hren & Brandon 2026","Hren & Brandon 2026 Zenodo: 17209981","Yunnan, drainage: Mekong","10.1029/2025PA005167",31.448472,96.408472,3969,-113.783,NA,-239,2.475,"soil"
"obs_0298","Hren & Brandon 2026","Hren & Brandon 2026 Zenodo: 17209981","Himalaya, drainage: Brahmaputra","10.1029/2025PA005167",31.753,91.7813,4690,-97.37,NA,-204,2.021,"soil"
"obs_0299","Hren & Brandon 2026","Hren & Brandon 2026 Zenodo: 17209981","Yunnan, drainage: Mekong","10.1029/2025PA005167",31.806583,97.741056,3978,-126.265,NA,-202,2.475,"soil"
"obs_0300","Hren & Brandon 2026","Hren & Brandon 2026 Zenodo: 17209981","drainage: Brahmaputra","10.1029/2025PA005167",32.098,89.528,4724,-89.571,5,-194,2.475,"soil"
"obs_0301","Hren & Brandon 2026","Hren & Brandon 2026 Zenodo: 17209981","Yunnan, drainage: Mekong","10.1029/2025PA005167",32.337194,95.956167,4226,-114.174,NA,-240,2.475,"soil"
"obs_0302","Hren & Brandon 2026","Hren & Brandon 2026 Zenodo: 17209981","Yunnan, drainage: Mekong","10.1029/2025PA005167",32.419278,95.42675,3970,-118.989,NA,-234,2.475,"soil"
"obs_0303","Hren & Brandon 2026","Hren & Brandon 2026 Zenodo: 17209981","Yunnan, drainage: Mekong","10.1029/2025PA005167",32.732306,95.139417,4154,-104.022,NA,-234,2.475,"soil"
"obs_0304","Hren & Brandon 2026","Hren & Brandon 2026 Zenodo: 17209981","Central Tibet, drainage: Yangtze","10.1029/2025PA005167",32.8828,91.9178,5201,-118.5,NA,-203,2.021,"soil"
"obs_0305","Hren & Brandon 2026","Hren & Brandon 2026 Zenodo: 17209981","Central Tibet, drainage: Yangtze","10.1029/2025PA005167",32.9209,91.9726,5155,-117.889,NA,-194,2.021,"soil"
"obs_0306","Hren & Brandon 2026","Hren & Brandon 2026 Zenodo: 17209981","Himalaya, drainage: Brahmaputra","10.1029/2025PA005167",33.0129166666667,91.6700166666667,5085,-123.645,NA,-216,2.475,"soil"
"obs_0307","Hren & Brandon 2026","Hren & Brandon 2026 Zenodo: 17209981","Central Tibet, drainage: Yangtze","10.1029/2025PA005167",33.0148333333333,91.9910666666667,5123,-113.917,NA,-203,2.475,"soil"
"obs_0308","Hren & Brandon 2026","Hren & Brandon 2026 Zenodo: 17209981","Central Tibet, drainage: Yangtze","10.1029/2025PA005167",33.0225166666667,91.9948,5117,-113.11,NA,-196,2.475,"soil"
"obs_0309","Hren & Brandon 2026","Hren & Brandon 2026 Zenodo: 17209981","Central Tibet, drainage: Yangtze","10.1029/2025PA005167",33.03115,92.0052166666667,5143,-111.743,NA,-224,2.475,"soil"
"obs_0310","Hren & Brandon 2026","Hren & Brandon 2026 Zenodo: 17209981","Central Tibet, drainage: Yangtze","10.1029/2025PA005167",33.0406833333333,92.03295,5233,-108.491,NA,-209,2.475,"soil"
"obs_0311","Hren & Brandon 2026","Hren & Brandon 2026 Zenodo: 17209981","Central Tibet, drainage: Yangtze","10.1029/2025PA005167",33.0892,91.79065,4951,-113.874,NA,-189,2.475,"soil"
"obs_0312","Hren & Brandon 2026","Hren & Brandon 2026 Zenodo: 17209981","Yunnan, drainage: Mekong","10.1029/2025PA005167",33.119111,95.194417,4145,-117.401,NA,-208,2.475,"soil"
"obs_0313","Hren & Brandon 2026","Hren & Brandon 2026 Zenodo: 17209981","Central Tibet, drainage: Yangtze","10.1029/2025PA005167",33.1538,91.8597,4869,-106.371,NA,-182,2.021,"soil"
"obs_0314","Hren & Brandon 2026","Hren & Brandon 2026 Zenodo: 17209981","Central Tibet, drainage: Yangtze","10.1029/2025PA005167",33.3231666666667,91.896,4810,-94.275,NA,-199,2.475,"soil"
"obs_0315","Hren & Brandon 2026","Hren & Brandon 2026 Zenodo: 17209981","Central Tibet, drainage: Yangtze","10.1029/2025PA005167",33.602,92.0748,4712,-92.368,NA,-175,2.021,"soil"
"obs_0316","Hren & Brandon 2026","Hren & Brandon 2026 Zenodo: 17209981","Central Tibet, drainage: Yangtze","10.1029/2025PA005167",33.7859666666667,92.2778166666667,4624,-91.572,NA,-200,2.475,"soil"
"obs_0317","Hren & Brandon 2026","Hren & Brandon 2026 Zenodo: 17209981","drainage: Yangtze","10.1029/2025PA005167",33.99,97.455,4581,-104.651,4,-205,2.475,"soil"
"obs_0318","Hren & Brandon 2026","Hren & Brandon 2026 Zenodo: 17209981","drainage: Yangtze","10.1029/2025PA005167",34.03,97.545,4617,-101.551,5,-189,2.475,"soil"
"obs_0319","Hren & Brandon 2026","Hren & Brandon 2026 Zenodo: 17209981","Central Tibet, drainage: Yangtze","10.1029/2025PA005167",34.08755,92.3350333333333,4759,-88.091,NA,-199,2.475,"soil"
"obs_0320","Hren & Brandon 2026","Hren & Brandon 2026 Zenodo: 17209981","Central Tibet, drainage: Yangtze","10.1029/2025PA005167",34.1031,92.3582,4726,-87.752,NA,-194,2.021,"soil"
"obs_0321","Hren & Brandon 2026","Hren & Brandon 2026 Zenodo: 17209981","Central Tibet, drainage: Yangtze","10.1029/2025PA005167",34.2931166666667,92.5092666666667,4582,-92.735,NA,-183,2.475,"soil"
"obs_0322","Hren & Brandon 2026","Hren & Brandon 2026 Zenodo: 17209981","Central Tibet, drainage: Yangtze","10.1029/2025PA005167",34.7767833333333,92.9039666666667,4684,-80.819,NA,-178,2.475,"soil"
"obs_0323","Hren & Brandon 2026","Hren & Brandon 2026 Zenodo: 17209981","Central Tibet, drainage: Yangtze","10.1029/2025PA005167",35.1522166666667,93.0402,4698,-75.961,NA,-183,2.475,"soil"
"obs_0324","Hren & Brandon 2026","Hren & Brandon 2026 Zenodo: 17209981","Central Tibet, drainage: Yangtze","10.1029/2025PA005167",35.1699,93.0354,4677,-76.023,NA,-167,2.021,"soil"
"obs_0325","Hren & Brandon 2026","Hren & Brandon 2026 Zenodo: 17209981","Central Tibet, drainage: Yangtze","10.1029/2025PA005167",35.2536,94.3293,4080,-74.767,NA,-146,2.021,"soil"
"obs_0326","Hren & Brandon 2026","Hren & Brandon 2026 Zenodo: 17209981","Central Tibet, drainage: Yangtze","10.1029/2025PA005167",35.2910666666667,93.2701666666667,4568,-74.939,NA,-199,2.475,"soil"
"obs_0327","Hren & Brandon 2026","Hren & Brandon 2026 Zenodo: 17209981","Central Tibet, drainage: Yangtze","10.1029/2025PA005167",35.4681,93.6043,4498,-72.567,NA,-174,2.021,"soil"
"obs_0328","Hren & Brandon 2026","Hren & Brandon 2026 Zenodo: 17209981","Central Tibet, drainage: Yangtze","10.1029/2025PA005167",35.4702833333333,93.6400666666667,4497,-72.337,NA,-187,2.475,"soil"
"obs_0329","Hren & Brandon 2026","Hren & Brandon 2026 Zenodo: 17209981","Central Tibet, drainage: Yangtze","10.1029/2025PA005167",35.51555,93.8661,4605,-70.493,NA,-169,2.475,"soil"
"obs_0330","Hren & Brandon 2026","Hren & Brandon 2026 Zenodo: 17209981","Central Tibet, drainage: Yangtze","10.1029/2025PA005167",35.5677,94.008,4655,-68.85,NA,-163,2.021,"soil"
"obs_0331","Hren & Brandon 2026","Hren & Brandon 2026 Zenodo: 17209981","Himalaya, drainage: Brahmaputra","10.1029/2025PA005167",35.6422,94.0686,4750,-66.407,NA,-173,2.021,"soil"
"obs_0332","Hren & Brandon 2026","Hren & Brandon 2026 Zenodo: 17209981","Central Tibet, drainage: Ob","10.1029/2025PA005167",35.6968,94.0555,4556,-66.107,NA,-167,2.021,"soil"
"obs_0333","Hren & Brandon 2026","Hren & Brandon 2026 Zenodo: 17209981","Central Tibet, drainage: Ob","10.1029/2025PA005167",35.7194,94.1258,4446,-67.161,NA,-182,2.475,"soil"
"obs_0334","Hren & Brandon 2026","Hren & Brandon 2026 Zenodo: 17209981","Northeast Tibet, drainage: Yangtze","10.1029/2025PA005167",36.5478,100.6908,3193,-53.332,NA,-149,2.475,"soil"
"obs_0335","Hren & Brandon 2026","Hren & Brandon 2026 Zenodo: 17209981","Northeast Tibet, drainage: Yangtze","10.1029/2025PA005167",36.6331,100.1164,3193,-54.431,NA,-172,2.475,"soil"
"obs_0336","Hren & Brandon 2026","Hren & Brandon 2026 Zenodo: 17209981","Northeast Tibet, drainage: Yangtze","10.1029/2025PA005167",36.6539,100.2711,3193,-53.698,NA,-155,2.475,"soil"
"obs_0337","Hren & Brandon 2026","Hren & Brandon 2026 Zenodo: 17209981","Northeast Tibet, drainage: Yangtze","10.1029/2025PA005167",36.9017,99.6336,3193,-53.32,NA,-162,2.475,"soil"
"obs_0338","Hren & Brandon 2026","Hren & Brandon 2026 Zenodo: 17209981","Northeast Tibet, drainage: Yangtze","10.1029/2025PA005167",37.1383,100.3456,3193,-48.737,NA,-156,2.475,"soil"
"obs_0339","Hren & Brandon 2026","Hren & Brandon 2026 Zenodo: 17209981","Northeast Tibet, drainage: Yangtze","10.1029/2025PA005167",37.1875,100.0772,3093,-49.376,NA,-165,2.475,"soil"
"obs_0340","Hren & Brandon 2026","Hren & Brandon 2026 Zenodo: 17209981","Northeast Tibet, drainage: Yangtze","10.1029/2025PA005167",37.1875,100.0772,3193,-49.376,NA,-158,2.475,"soil"
"obs_0341","Hren & Brandon 2026","Hren & Brandon 2026 Zenodo: 17209981","Northeast Tibet, drainage: Yangtze","10.1029/2025PA005167",37.1875,100.0772,3193,-49.376,NA,-149,2.475,"soil"
"obs_0342","Hren & Brandon 2026","Hren & Brandon 2026 Zenodo: 17209981","Northeast Tibet, drainage: Yangtze","10.1029/2025PA005167",37.2,101.53,2840,-95.232,NA,-148,2.021,"soil"
"obs_0343","Hren & Brandon 2026","Hren & Brandon 2026 Zenodo: 17209981","Northeast Tibet, drainage: Yangtze","10.1029/2025PA005167",37.2262,102.8335,2819,-95.304,NA,-167,2.021,"soil"
"obs_0344","Hren & Brandon 2026","Hren & Brandon 2026 Zenodo: 17209981","Northeast Tibet, drainage: Yangtze","10.1029/2025PA005167",37.2357,101.5087,2925,-95.375,NA,-160,2.021,"soil"
"obs_0345","Hren & Brandon 2026","Hren & Brandon 2026 Zenodo: 17209981","Northeast Tibet, drainage: Yangtze","10.1029/2025PA005167",37.2714,101.4152,3058,-94.058,NA,-152,2.021,"soil"
"obs_0346","Hren & Brandon 2026","Hren & Brandon 2026 Zenodo: 17209981","Northeast Tibet, drainage: Yangtze","10.1029/2025PA005167",37.2935,101.4141,3203,-93.506,NA,-155,2.021,"soil"
"obs_0347","Hren & Brandon 2026","Hren & Brandon 2026 Zenodo: 17209981","drainage: Ob","10.1029/2025PA005167",37.3019,96.8857,2812,-167.461,NA,-126,2.475,"soil"
"obs_0348","Hren & Brandon 2026","Hren & Brandon 2026 Zenodo: 17209981","Northeast Tibet, drainage: Yangtze","10.1029/2025PA005167",37.3235,101.4152,3454,-92.53,NA,-159,2.021,"soil"
"obs_0349","Hren & Brandon 2026","Hren & Brandon 2026 Zenodo: 17209981","Northeast Tibet, drainage: Yangtze","10.1029/2025PA005167",37.3265,101.4058,3713,-92.402,NA,-169,2.021,"soil"
"obs_0350","Hren & Brandon 2026","Hren & Brandon 2026 Zenodo: 17209981","Northeast Tibet, drainage: Yangtze","10.1029/2025PA005167",37.371,101.4059,3537,-43.069,NA,-160,2.021,"soil"
"obs_0351","Hren & Brandon 2026","Hren & Brandon 2026 Zenodo: 17209981","drainage: Ob","10.1029/2025PA005167",37.463,95.577,3174,-85.387,4,-156,2.475,"soil"
"obs_0352","Hren & Brandon 2026","Hren & Brandon 2026 Zenodo: 17209981","Northeast Tibet, drainage: Yangtze","10.1029/2025PA005167",37.6316,102.37035,2959,-89.471,NA,-163,2.021,"soil"
"obs_0353","Hren & Brandon 2026","Hren & Brandon 2026 Zenodo: 17209981","Northeast Tibet, drainage: Yangtze","10.1029/2025PA005167",37.639,102.3716,2818,-89.913,NA,-170,2.021,"soil"
"obs_0354","Hren & Brandon 2026","Hren & Brandon 2026 Zenodo: 17209981","Northeast Tibet, drainage: Yangtze","10.1029/2025PA005167",37.8759,101.9279,2847,-36.371,NA,-157,2.021,"soil"
"obs_0355","Hren & Brandon 2026","Hren & Brandon 2026 Zenodo: 17209981","Northeast Tibet, drainage: Yangtze","10.1029/2025PA005167",37.8791,101.9232,2945,-36.238,NA,-161,2.021,"soil"
"obs_0356","Hren & Brandon 2026","Hren & Brandon 2026 Zenodo: 17209981","Northeast Tibet, drainage: Yangtze","10.1029/2025PA005167",38.233,99.9916,2815,-41.665,NA,-163,2.021,"soil"
"obs_0357","Hren & Brandon 2026","Hren & Brandon 2026 Zenodo: 17209981","Northeast Tibet, drainage: Yangtze","10.1029/2025PA005167",38.233,99.9916,2904,-41.665,NA,-167,2.021,"soil"
"obs_0358","Hren & Brandon 2026","Hren & Brandon 2026 Zenodo: 17209981","Northeast Tibet, drainage: Yangtze","10.1029/2025PA005167",38.2467,99.9576,2859,-41.33,NA,-155,2.021,"soil"
"obs_0359","Hren & Brandon 2026","Hren & Brandon 2026 Zenodo: 17209981","Northeast Tibet, drainage: Yangtze","10.1029/2025PA005167",38.2762,99.8765,2969,-41.28,NA,-156,2.021,"soil"
"obs_0360","Hren & Brandon 2026","Hren & Brandon 2026 Zenodo: 17209981","Northeast Tibet, drainage: Yangtze","10.1029/2025PA005167",38.3295,99.7389,3084,-41.137,NA,-146,2.021,"soil"
"obs_0361","Hren & Brandon 2026","Hren & Brandon 2026 Zenodo: 17209981","Northeast Tibet, drainage: Yangtze","10.1029/2025PA005167",38.3804,99.688,3137,-40.537,NA,-163,2.021,"soil"
"obs_0362","Hren & Brandon 2026","Hren & Brandon 2026 Zenodo: 17209981","Northeast Tibet, drainage: Yangtze","10.1029/2025PA005167",38.4764,99.5819,3398,-38.582,NA,-161,2.021,"soil"
"obs_0363","Hren & Brandon 2026","Hren & Brandon 2026 Zenodo: 17209981","Northeast Tibet, drainage: Yangtze","10.1029/2025PA005167",38.5744,99.4192,3231,-38.91,NA,-151,2.021,"soil"
"obs_0364","Hren & Brandon 2026","Hren & Brandon 2026 Zenodo: 17209981","Northeast Tibet, drainage: Yangtze","10.1029/2025PA005167",38.7838,98.7447,4126,-37.416,NA,-153,2.021,"soil"
"obs_0365","Hren & Brandon 2026","Hren & Brandon 2026 Zenodo: 17209981","Northeast Tibet, drainage: Yangtze","10.1029/2025PA005167",38.793,98.7629,4033,-37.326,NA,-154,2.021,"soil"
"obs_0366","Hren & Brandon 2026","Hren & Brandon 2026 Zenodo: 17209981","Northeast Tibet, drainage: Yangtze","10.1029/2025PA005167",38.7968,98.8812,3671,-37.36,NA,-163,2.021,"soil"
"obs_0367","Hren & Brandon 2026","Hren & Brandon 2026 Zenodo: 17209981","Northeast Tibet, drainage: Yangtze","10.1029/2025PA005167",38.8231,98.7986,3906,-37.16,NA,-153,2.021,"soil"
"obs_0368","Hren & Brandon 2026","Hren & Brandon 2026 Zenodo: 17209981","Northeast Tibet, drainage: Yangtze","10.1029/2025PA005167",38.8492,99.035,3774,-35.641,NA,-143,2.021,"soil"
"obs_0369","Hren & Brandon 2026","Hren & Brandon 2026 Zenodo: 17209981","Northeast Tibet, drainage: Yangtze","10.1029/2025PA005167",39.1363,98.1334,3177,-35.476,NA,-163,2.021,"soil"
"obs_0370","Hren & Brandon 2026","Hren & Brandon 2026 Zenodo: 17209981","Northeast Tibet, drainage: Yangtze","10.1029/2025PA005167",39.2726,97.7403,3874,-32.698,NA,-166,2.021,"soil"
"obs_0371","Hren & Brandon 2026","Hren & Brandon 2026 Zenodo: 17209981","Northeast Tibet, drainage: Yangtze","10.1029/2025PA005167",39.3322,97.8362,3076,-32.992,NA,-162,2.021,"soil"
"obs_0372","Huang et al., 2016","Liu","Yichun","10.1016/j.palaeo.2016.08.011",68.52,129.53,272,-88,NA,-209,NA,"soil"
"obs_0373","Jaeschke et al. 2018","Manual extraction","Jimma zone VI, Ethiopia (Forest)","10.1016/j.orggeochem.2018.06.006",7.593,36.8544,1769,NA,NA,-127,NA,"soil"
"obs_0374","Jaeschke et al., 2018","Ladd","I-Forest","10.1016/j.orggeochem.2018.06.006",7.4452,36.8768,2650,-0.422700005,NA,-130,NA,"soil"
"obs_0375","Jaeschke et al., 2018","Ladd","IV-Cropland","10.1016/j.orggeochem.2018.06.006",7.4782,36.8814,2099,0.672390959,NA,-127,NA,"soil"
"obs_0376","Jaeschke et al., 2018","Ladd","IV-Forest","10.1016/j.orggeochem.2018.06.006",7.4782,36.8814,2099,0.672390959,NA,-132,NA,"soil"
"obs_0377","Jaeschke et al., 2018","Ladd","VI-Cropland","10.1016/j.orggeochem.2018.06.006",7.593,36.8544,1769,6.281825171,NA,-131,NA,"soil"
"obs_0378","Jia et al., 2008","Liu","Mt Gongga","10.1016/j.gca.2008.08.004",30,102,1320,-58,NA,-180,NA,"lake sediment"
"obs_0379","Jia et al., 2008","Liu","Mt Gongga","10.1016/j.gca.2008.08.004",30,102,1375,-59,NA,-169,NA,"lake sediment"
"obs_0380","Jia et al., 2008","Liu","Mt Gongga","10.1016/j.gca.2008.08.004",30,102,1470,-60,NA,-184,NA,"lake sediment"
"obs_0381","Jia et al., 2008","Liu","Mt Gongga","10.1016/j.gca.2008.08.004",30,102,1550,-61,NA,-183,NA,"lake sediment"
"obs_0382","Jia et al., 2008","Liu","Mt Gongga","10.1016/j.gca.2008.08.004",30,102,1610,-62,NA,-192,NA,"lake sediment"
"obs_0383","Jia et al., 2008","Liu","Mt Gongga","10.1016/j.gca.2008.08.004",30,102,1645,-62,NA,-181,NA,"lake sediment"
"obs_0384","Jia et al., 2008","Liu","Mt Gongga","10.1016/j.gca.2008.08.004",30,102,1800,-64,NA,-202,NA,"lake sediment"
"obs_0385","Jia et al., 2008","Liu","Mt Gongga","10.1016/j.gca.2008.08.004",30,102,1915,-66,NA,-188,NA,"lake sediment"
"obs_0386","Jia et al., 2008","Liu","Mt Gongga","10.1016/j.gca.2008.08.004",30,102,1973,-66,NA,-201,NA,"lake sediment"
"obs_0387","Jia et al., 2008","Liu","Mt Gongga","10.1016/j.gca.2008.08.004",30,102,2115,-68,NA,-185,NA,"lake sediment"
"obs_0388","Jia et al., 2008","Liu","Mt Gongga","10.1016/j.gca.2008.08.004",30,102,2160,-69,NA,-214,NA,"lake sediment"
"obs_0389","Jia et al., 2008","Liu","Mt Gongga","10.1016/j.gca.2008.08.004",30,102,2220,-70,NA,-203,NA,"lake sediment"
"obs_0390","Jia et al., 2008","Liu","Mt Gongga","10.1016/j.gca.2008.08.004",30,102,2960,-81,NA,-198,NA,"lake sediment"
"obs_0391","Jia et al., 2008","Liu","Mt Gongga","10.1016/j.gca.2008.08.004",30,102,3188,-85,NA,-220,NA,"lake sediment"
"obs_0392","Jia et al., 2008","Liu","Mt Gongga","10.1016/j.gca.2008.08.004",30,102,3518,-92,NA,-224,NA,"lake sediment"
"obs_0393","Jia et al., 2008","Liu","Mt Gongga","10.1016/j.gca.2008.08.004",30,102,3676,-95,NA,-241,NA,"lake sediment"
"obs_0394","Jia et al., 2008","Liu","Mt Gongga","10.1016/j.gca.2008.08.004",30,102,3767,-97,NA,-237,NA,"lake sediment"
"obs_0395","Jia et al., 2008","Liu","Mt Gongga","10.1016/j.gca.2008.08.004",30,102,1180,-56,NA,-178,NA,"lake sediment"
"obs_0396","Jia et al., 2008","Liu","Mt Gongga","10.1016/j.gca.2008.08.004",30,102,1700,-63,NA,-193,NA,"lake sediment"
"obs_0397","Jia et al., 2008","Liu","Mt Gongga","10.1016/j.gca.2008.08.004",30,102,1220,-57,NA,-195,NA,"lake sediment"
"obs_0398","Jia et al., 2008","Liu","Mt Gongga","10.1016/j.gca.2008.08.004",30,102,2846,-79,NA,-196,NA,"lake sediment"
"obs_0399","Jia et al., 2008","Liu","Mt Gongga","10.1016/j.gca.2008.08.004",30,102,2420,-73,NA,-197,NA,"lake sediment"
"obs_0400","Jia et al., 2008","Liu","Mt Gongga","10.1016/j.gca.2008.08.004",30,102,2005,-67,NA,-199,NA,"lake sediment"
"obs_0401","Jia et al., 2008","Liu","Mt Gongga","10.1016/j.gca.2008.08.004",30,102,2540,-75,NA,-200,NA,"lake sediment"
"obs_0402","Jia et al., 2008","Liu","Mt Gongga","10.1016/j.gca.2008.08.004",30,102,2085,-68,NA,-206,NA,"lake sediment"
"obs_0403","Ladd 2021 compilation (Aichner et al., 2010)","ETH Zurich: doi:10.3929/ethz-b-000412154","Tibetan plateau, Asia","10.1016/j.orggeochem.2010.05.010",25.92,100.12,1967,-73,2,-172,NA,"lake sediment"
"obs_0404","Ladd 2021 compilation (Aichner et al., 2010)","ETH Zurich: doi:10.3929/ethz-b-000412154","Tibetan plateau, Asia","10.1016/j.orggeochem.2010.05.010",29.83,94.46,4132,-127,NA,-232,NA,"lake sediment"
"obs_0405","Ladd 2021 compilation (Aichner et al., 2010)","ETH Zurich: doi:10.3929/ethz-b-000412154","Tibetan plateau, Asia","10.1016/j.orggeochem.2010.05.010",34.02,97.22,4541,-111,4,-180,NA,"lake sediment"
"obs_0406","Ladd 2021 compilation (Aichner et al., 2010)","ETH Zurich: doi:10.3929/ethz-b-000412154","Tibetan plateau, Asia","10.1016/j.orggeochem.2010.05.010",34.16,95.98,4701,-113,5,-188,NA,"lake sediment"
"obs_0407","Ladd 2021 compilation (Aichner et al., 2010)","ETH Zurich: doi:10.3929/ethz-b-000412154","Tibetan plateau, Asia","10.1016/j.orggeochem.2010.05.010",34.68,98.06,4233,-97,4,-169,NA,"lake sediment"
"obs_0408","Ladd 2021 compilation (Aichner et al., 2010)","ETH Zurich: doi:10.3929/ethz-b-000412154","Tibetan plateau, Asia","10.1016/j.orggeochem.2010.05.010",35.23,98.65,4095,-75,5,-162,NA,"lake sediment"
"obs_0409","Ladd 2021 compilation (Aichner et al., 2010)","ETH Zurich: doi:10.3929/ethz-b-000412154","Qaidam Basin, Asia","10.1016/j.orggeochem.2010.05.010",37.04,100.58,3205,-57,6,-150,NA,"lake sediment"
"obs_0410","Ladd 2021 compilation (Bai et al., 2011)","ETH Zurich: doi:10.3929/ethz-b-000412154","Mt Kunlun, Asia","10.1016/j.orggeochem.2011.03.019",36.2,81.2,3200,-55,NA,-190,NA,"lake sediment"
"obs_0411","Ladd 2021 compilation (Bai et al., 2011)","ETH Zurich: doi:10.3929/ethz-b-000412154","Mt Kunlun, Asia","10.1016/j.orggeochem.2011.03.019",36.22,81.22,3000,-52,NA,-183,NA,"lake sediment"
"obs_0412","Ladd 2021 compilation (Bai et al., 2011)","ETH Zurich: doi:10.3929/ethz-b-000412154","Mt Kunlun, Asia","10.1016/j.orggeochem.2011.03.019",36.22,81.23,2900,-50,NA,-186,NA,"lake sediment"
"obs_0413","Ladd 2021 compilation (Bai et al., 2011)","ETH Zurich: doi:10.3929/ethz-b-000412154","Mt Kunlun, Asia","10.1016/j.orggeochem.2011.03.019",36.23,81.67,2450,-44,NA,-189,NA,"lake sediment"
"obs_0414","Ladd 2021 compilation (Bai et al., 2011)","ETH Zurich: doi:10.3929/ethz-b-000412154","Mt Kunlun, Asia","10.1016/j.orggeochem.2011.03.019",36.55,77.05,4650,-117,NA,-194,NA,"lake sediment"
"obs_0415","Ladd 2021 compilation (Bai et al., 2011)","ETH Zurich: doi:10.3929/ethz-b-000412154","Mt Kunlun, Asia","10.1016/j.orggeochem.2011.03.019",36.55,77.13,4450,-112,NA,-190,NA,"lake sediment"
"obs_0416","Ladd 2021 compilation (Bai et al., 2011)","ETH Zurich: doi:10.3929/ethz-b-000412154","Mt Kunlun, Asia","10.1016/j.orggeochem.2011.03.019",36.63,80.75,1900,-35,NA,-190,NA,"lake sediment"
"obs_0417","Ladd 2021 compilation (Bai et al., 2011)","ETH Zurich: doi:10.3929/ethz-b-000412154","Mt Kunlun, Asia","10.1016/j.orggeochem.2011.03.019",36.65,77.12,3836,-104,NA,-183,NA,"lake sediment"
"obs_0418","Ladd 2021 compilation (Bai et al., 2014)","ETH Zurich: doi:10.3929/ethz-b-000412154","Mt Qilian, Asia","10.1016/j.orggeochem.2014.05.013",35.47,103.57,3100,-57,NA,-214,NA,"soil"
"obs_0419","Ladd 2021 compilation (Bai et al., 2014)","ETH Zurich: doi:10.3929/ethz-b-000412154","Mt Qilian, Asia","10.1016/j.orggeochem.2014.05.013",35.73,103.98,3640,-66,NA,-217,NA,"soil"
"obs_0420","Ladd 2021 compilation (Bai et al., 2014)","ETH Zurich: doi:10.3929/ethz-b-000412154","Mt Qilian, Asia","10.1016/j.orggeochem.2014.05.013",35.74,103.96,3590,-65,NA,-235,NA,"soil"
"obs_0421","Ladd 2021 compilation (Bai et al., 2014)","ETH Zurich: doi:10.3929/ethz-b-000412154","Mt Qilian, Asia","10.1016/j.orggeochem.2014.05.013",35.77,103.95,3430,-63,NA,-210,NA,"soil"
"obs_0422","Ladd 2021 compilation (Bai et al., 2014)","ETH Zurich: doi:10.3929/ethz-b-000412154","Mt Qilian, Asia","10.1016/j.orggeochem.2014.05.013",35.78,103.98,2720,-52,NA,-241,NA,"soil"
"obs_0423","Ladd 2021 compilation (Bai et al., 2014)","ETH Zurich: doi:10.3929/ethz-b-000412154","Mt Qilian, Asia","10.1016/j.orggeochem.2014.05.013",35.78,104.04,2350,-46,NA,-212,NA,"soil"
"obs_0424","Ladd 2021 compilation (Bai et al., 2014)","ETH Zurich: doi:10.3929/ethz-b-000412154","Mt Qilian, Asia","10.1016/j.orggeochem.2014.05.013",35.79,104,2550,-49,NA,-206,NA,"soil"
"obs_0425","Ladd 2021 compilation (Bai et al., 2014)","ETH Zurich: doi:10.3929/ethz-b-000412154","Mt Qilian, Asia","10.1016/j.orggeochem.2014.05.013",35.83,104.08,2060,-42,NA,-215,NA,"soil"
"obs_0426","Ladd 2021 compilation (Bai et al., 2014)","ETH Zurich: doi:10.3929/ethz-b-000412154","Mt Qilian, Asia","10.1016/j.orggeochem.2014.05.013",37.53,101.83,3835,-71,NA,-158,NA,"soil"
"obs_0427","Ladd 2021 compilation (Bai et al., 2014)","ETH Zurich: doi:10.3929/ethz-b-000412154","Mt Qilian, Asia","10.1016/j.orggeochem.2014.05.013",37.54,101.83,3727,-70,NA,-170,NA,"soil"
"obs_0428","Ladd 2021 compilation (Bai et al., 2014)","ETH Zurich: doi:10.3929/ethz-b-000412154","Mt Qilian, Asia","10.1016/j.orggeochem.2014.05.013",37.56,101.85,3495,-66,NA,-181,NA,"soil"
"obs_0429","Ladd 2021 compilation (Bai et al., 2014)","ETH Zurich: doi:10.3929/ethz-b-000412154","Mt Qilian, Asia","10.1016/j.orggeochem.2014.05.013",37.61,101.83,3250,-63,NA,-171,NA,"soil"
"obs_0430","Ladd 2021 compilation (Bai et al., 2014)","ETH Zurich: doi:10.3929/ethz-b-000412154","Mt Qilian, Asia","10.1016/j.orggeochem.2014.05.013",37.63,101.83,3168,-62,NA,-166,NA,"soil"
"obs_0431","Ladd 2021 compilation (Bai et al., 2014)","ETH Zurich: doi:10.3929/ethz-b-000412154","Mt Qilian, Asia","10.1016/j.orggeochem.2014.05.013",37.64,101.85,3035,-60,NA,-163,NA,"soil"
"obs_0432","Ladd 2021 compilation (Bai et al., 2014)","ETH Zurich: doi:10.3929/ethz-b-000412154","Mt Qilian, Asia","10.1016/j.orggeochem.2014.05.013",37.64,101.85,3058,-60,NA,-176,NA,"soil"
"obs_0433","Ladd 2021 compilation (Bai et al., 2014)","ETH Zurich: doi:10.3929/ethz-b-000412154","Mt Qilian, Asia","10.1016/j.orggeochem.2014.05.013",37.65,101.86,2967,-59,NA,-157,NA,"soil"
"obs_0434","Ladd 2021 compilation (Bai et al., 2014)","ETH Zurich: doi:10.3929/ethz-b-000412154","Mt Qilian, Asia","10.1016/j.orggeochem.2014.05.013",37.66,101.86,2885,-57,NA,-148,NA,"soil"
"obs_0435","Ladd 2021 compilation (Bai et al., 2014)","ETH Zurich: doi:10.3929/ethz-b-000412154","Mt Qilian, Asia","10.1016/j.orggeochem.2014.05.013",37.71,101.92,2637,-54,NA,-160,NA,"soil"
"obs_0436","Ladd 2021 compilation (Bai et al., 2014)","ETH Zurich: doi:10.3929/ethz-b-000412154","Mt Qilian, Asia","10.1016/j.orggeochem.2014.05.013",37.73,101.93,2568,-53,NA,-156,NA,"soil"
"obs_0437","Ladd 2021 compilation (Bai et al., 2014)","ETH Zurich: doi:10.3929/ethz-b-000412154","Mt Qilian, Asia","10.1016/j.orggeochem.2014.05.013",37.75,101.95,2514,-52,NA,-142,NA,"soil"
"obs_0438","Ladd 2021 compilation (Bai et al., 2014)","ETH Zurich: doi:10.3929/ethz-b-000412154","Mt Qilian, Asia","10.1016/j.orggeochem.2014.05.013",37.8,102,2363,-50,NA,-147,NA,"soil"
"obs_0439","Ladd 2021 compilation (Bai et al., 2014)","ETH Zurich: doi:10.3929/ethz-b-000412154","Mt Qilian, Asia","10.1016/j.orggeochem.2014.05.013",37.88,102.07,2184,-47,NA,-164,NA,"soil"
"obs_0440","Ladd 2021 compilation (Bai et al., 2014)","ETH Zurich: doi:10.3929/ethz-b-000412154","Mt Qilian, Asia","10.1016/j.orggeochem.2014.05.013",37.88,102.07,2184,-47,NA,-167,NA,"soil"
"obs_0441","Ladd 2021 compilation (Bai et al., 2014)","ETH Zurich: doi:10.3929/ethz-b-000412154","Mt Qilian, Asia","10.1016/j.orggeochem.2014.05.013",37.89,102.12,2143,-47,NA,-169,NA,"soil"
"obs_0442","Ladd 2021 compilation (Bai et al., 2014)","ETH Zurich: doi:10.3929/ethz-b-000412154","Mt Qilian, Asia","10.1016/j.orggeochem.2014.05.013",37.89,102.17,2098,-47,NA,-161,NA,"soil"
"obs_0443","Ladd 2021 compilation (Bai et al., 2014)","ETH Zurich: doi:10.3929/ethz-b-000412154","Mt Qilian, Asia","10.1016/j.orggeochem.2014.05.013",37.92,102.22,2059,-46,NA,-157,NA,"soil"
"obs_0444","Ladd 2021 compilation (Bai et al., 2014)","ETH Zurich: doi:10.3929/ethz-b-000412154","Mt Qilian, Asia","10.1016/j.orggeochem.2014.05.013",37.94,102.3,1924,-42,NA,-155,NA,"soil"
"obs_0445","Ladd 2021 compilation (Bai et al., 2014)","ETH Zurich: doi:10.3929/ethz-b-000412154","Mt Qilian, Asia","10.1016/j.orggeochem.2014.05.013",38,102.35,1793,-42,NA,-174,NA,"soil"
"obs_0446","Ladd 2021 compilation (Bai et al., 2014)","ETH Zurich: doi:10.3929/ethz-b-000412154","Mt Qilian, Asia","10.1016/j.orggeochem.2014.05.013",38.02,102.38,1755,-42,NA,-159,NA,"soil"
"obs_0447","Ladd 2021 compilation (Bai et al., 2014)","ETH Zurich: doi:10.3929/ethz-b-000412154","Mt Qilian, Asia","10.1016/j.orggeochem.2014.05.013",39.22,97.978,2779,-50,NA,-166,NA,"soil"
"obs_0448","Ladd 2021 compilation (Bai et al., 2014)","ETH Zurich: doi:10.3929/ethz-b-000412154","Mt Qilian, Asia","10.1016/j.orggeochem.2014.05.013",39.31,97.72,3945,-67,NA,-161,NA,"soil"
"obs_0449","Ladd 2021 compilation (Bai et al., 2014)","ETH Zurich: doi:10.3929/ethz-b-000412154","Mt Qilian, Asia","10.1016/j.orggeochem.2014.05.013",39.33,97.74,3420,-59,NA,-158,NA,"soil"
"obs_0450","Ladd 2021 compilation (Bai et al., 2014)","ETH Zurich: doi:10.3929/ethz-b-000412154","Mt Qilian, Asia","10.1016/j.orggeochem.2014.05.013",39.34,97.79,3754,-65,NA,-169,NA,"soil"
"obs_0451","Ladd 2021 compilation (Douglas et al., 2012)","ETH Zurich: doi:10.3929/ethz-b-000412154","Santa Lucia, North America","10.1016/j.gca.2012.09.005",14.12,-87.09,1405,-43,NA,-92.7,NA,"lake sediment"
"obs_0452","Ladd 2021 compilation (Douglas et al., 2012)","ETH Zurich: doi:10.3929/ethz-b-000412154","Guangolo, North America","10.1016/j.gca.2012.09.005",14.26,-87.24,829,-35,NA,-131.2,NA,"lake sediment"
"obs_0453","Ladd 2021 compilation (Douglas et al., 2012)","ETH Zurich: doi:10.3929/ethz-b-000412154","El Chile, North America","10.1016/j.gca.2012.09.005",14.35,-86.85,1380,-43,NA,-118.5,NA,"lake sediment"
"obs_0454","Ladd 2021 compilation (Douglas et al., 2012)","ETH Zurich: doi:10.3929/ethz-b-000412154","Comayagua, North America","10.1016/j.gca.2012.09.005",14.45,-87.65,563,-32,NA,-132.8,NA,"lake sediment"
"obs_0455","Ladd 2021 compilation (Douglas et al., 2012)","ETH Zurich: doi:10.3929/ethz-b-000412154","Rio Jalan, North America","10.1016/j.gca.2012.09.005",14.45,-86.81,765,-33,NA,-124.8,NA,"lake sediment"
"obs_0456","Ladd 2021 compilation (Douglas et al., 2012)","ETH Zurich: doi:10.3929/ethz-b-000412154","Rio Rosario, North America","10.1016/j.gca.2012.09.005",14.48,-86.98,891,-36,NA,-118.9,NA,"lake sediment"
"obs_0457","Ladd 2021 compilation (Douglas et al., 2012)","ETH Zurich: doi:10.3929/ethz-b-000412154","Taulabe, North America","10.1016/j.gca.2012.09.005",14.71,-87.97,557,-32,NA,-112,NA,"lake sediment"
"obs_0458","Ladd 2021 compilation (Douglas et al., 2012)","ETH Zurich: doi:10.3929/ethz-b-000412154","Copan, North America","10.1016/j.gca.2012.09.005",14.84,-89.15,613,-34,NA,-113.3,NA,"lake sediment"
"obs_0459","Ladd 2021 compilation (Douglas et al., 2012)","ETH Zurich: doi:10.3929/ethz-b-000412154","Rio Blanco, North America","10.1016/j.gca.2012.09.005",14.89,-89.03,707,-36,NA,-121.4,NA,"lake sediment"
"obs_0460","Ladd 2021 compilation (Douglas et al., 2012)","ETH Zurich: doi:10.3929/ethz-b-000412154","Yojoa (Soil), North America","10.1016/j.gca.2012.09.005",14.91,-87.97,662,-33,NA,-115.4,NA,"lake sediment"
"obs_0461","Ladd 2021 compilation (Douglas et al., 2012)","ETH Zurich: doi:10.3929/ethz-b-000412154","Pena Blanca, North America","10.1016/j.gca.2012.09.005",14.94,-88.03,655,-33,NA,-116.7,NA,"lake sediment"
"obs_0462","Ladd 2021 compilation (Douglas et al., 2012)","ETH Zurich: doi:10.3929/ethz-b-000412154","La Entrada, North America","10.1016/j.gca.2012.09.005",15.1,-88.71,426,-31,NA,-117.3,NA,"lake sediment"
"obs_0463","Ladd 2021 compilation (Douglas et al., 2012)","ETH Zurich: doi:10.3929/ethz-b-000412154","La Barca, North America","10.1016/j.gca.2012.09.005",15.12,-87.94,56,-24,NA,-129.7,NA,"lake sediment"
"obs_0464","Ladd 2021 compilation (Douglas et al., 2012)","ETH Zurich: doi:10.3929/ethz-b-000412154","Izabal Rio Oscuro, North America","10.1016/j.gca.2012.09.005",15.38,-89.33,4,-25,NA,-126.8,NA,"lake sediment"
"obs_0465","Ladd 2021 compilation (Douglas et al., 2012)","ETH Zurich: doi:10.3929/ethz-b-000412154","Naco, North America","10.1016/j.gca.2012.09.005",15.41,-88.14,97,-25,NA,-127.1,NA,"lake sediment"
"obs_0466","Ladd 2021 compilation (Douglas et al., 2012)","ETH Zurich: doi:10.3929/ethz-b-000412154","Izabal Centro, North America","10.1016/j.gca.2012.09.005",15.52,-89.15,4,-24,NA,-142.6,NA,"lake sediment"
"obs_0467","Ladd 2021 compilation (Douglas et al., 2012)","ETH Zurich: doi:10.3929/ethz-b-000412154","El Golfete, North America","10.1016/j.gca.2012.09.005",15.72,-88.89,0,-24,NA,-130.6,NA,"lake sediment"
"obs_0468","Ladd 2021 compilation (Douglas et al., 2012)","ETH Zurich: doi:10.3929/ethz-b-000412154","Puente Cienega, North America","10.1016/j.gca.2012.09.005",15.74,-89.07,75,-25,NA,-133.7,NA,"lake sediment"
"obs_0469","Ladd 2021 compilation (Douglas et al., 2012)","ETH Zurich: doi:10.3929/ethz-b-000412154","El Juleque, North America","10.1016/j.gca.2012.09.005",16.91,-89.77,158,-26,NA,-113.5,NA,"lake sediment"
"obs_0470","Ladd 2021 compilation (Douglas et al., 2012)","ETH Zurich: doi:10.3929/ethz-b-000412154","Quexil (Soil), North America","10.1016/j.gca.2012.09.005",16.92,-89.82,133,-26,NA,-110.3,NA,"lake sediment"
"obs_0471","Ladd 2021 compilation (Douglas et al., 2012)","ETH Zurich: doi:10.3929/ethz-b-000412154","Quexil (Lake), North America","10.1016/j.gca.2012.09.005",16.92,-89.82,133,-26,NA,-118.2,NA,"lake sediment"
"obs_0472","Ladd 2021 compilation (Douglas et al., 2012)","ETH Zurich: doi:10.3929/ethz-b-000412154","Peten Itza, North America","10.1016/j.gca.2012.09.005",16.93,-89.89,109,-25,NA,-136.3,NA,"lake sediment"
"obs_0473","Ladd 2021 compilation (Douglas et al., 2012)","ETH Zurich: doi:10.3929/ethz-b-000412154","Macanche, North America","10.1016/j.gca.2012.09.005",16.97,-89.64,169,-26,NA,-115,NA,"lake sediment"
"obs_0474","Ladd 2021 compilation (Douglas et al., 2012)","ETH Zurich: doi:10.3929/ethz-b-000412154","Salpeten, North America","10.1016/j.gca.2012.09.005",16.98,-89.68,105,-25,NA,-120.8,NA,"lake sediment"
"obs_0475","Ladd 2021 compilation (Douglas et al., 2012)","ETH Zurich: doi:10.3929/ethz-b-000412154","Sacpuy (Lake), North America","10.1016/j.gca.2012.09.005",16.99,-90.05,123,-26,NA,-119.8,NA,"lake sediment"
"obs_0476","Ladd 2021 compilation (Douglas et al., 2012)","ETH Zurich: doi:10.3929/ethz-b-000412154","Yaxha (Soil), North America","10.1016/j.gca.2012.09.005",17.07,-89.41,130,-25,NA,-127.4,NA,"lake sediment"
"obs_0477","Ladd 2021 compilation (Douglas et al., 2012)","ETH Zurich: doi:10.3929/ethz-b-000412154","Yaxha (Lake), North America","10.1016/j.gca.2012.09.005",17.07,-89.41,130,-25,NA,-120.1,NA,"lake sediment"
"obs_0478","Ladd 2021 compilation (Douglas et al., 2012)","ETH Zurich: doi:10.3929/ethz-b-000412154","Cuerpo Uno [a], North America","10.1016/j.gca.2012.09.005",17.49,-90.39,115,-26,NA,-121.2,NA,"lake sediment"
"obs_0479","Ladd 2021 compilation (Douglas et al., 2012)","ETH Zurich: doi:10.3929/ethz-b-000412154","Chichancanab, North America","10.1016/j.gca.2012.09.005",19.88,-88.77,10,-20,NA,-101,NA,"lake sediment"
"obs_0480","Ladd 2021 compilation (Douglas et al., 2012)","ETH Zurich: doi:10.3929/ethz-b-000412154","Hobonil, North America","10.1016/j.gca.2012.09.005",20,-89.03,44,-21,NA,-101.3,NA,"lake sediment"
"obs_0481","Ladd 2021 compilation (Douglas et al., 2012)","ETH Zurich: doi:10.3929/ethz-b-000412154","Cepeda Peraza, North America","10.1016/j.gca.2012.09.005",20.16,-89.24,50,-21,NA,-111.3,NA,"lake sediment"
"obs_0482","Ladd 2021 compilation (Douglas et al., 2012)","ETH Zurich: doi:10.3929/ethz-b-000412154","Ticul, North America","10.1016/j.gca.2012.09.005",20.35,-89.5,10,-20,NA,-117.4,NA,"lake sediment"
"obs_0483","Ladd 2021 compilation (Douglas et al., 2012)","ETH Zurich: doi:10.3929/ethz-b-000412154","Canana, North America","10.1016/j.gca.2012.09.005",20.49,-89.17,13,-18,NA,-112.2,NA,"lake sediment"
"obs_0484","Ladd 2021 compilation (Douglas et al., 2012)","ETH Zurich: doi:10.3929/ethz-b-000412154","Chumayel, North America","10.1016/j.gca.2012.09.005",20.49,-89.19,13,-18,NA,-83.8,NA,"lake sediment"
"obs_0485","Ladd 2021 compilation (Douglas et al., 2012)","ETH Zurich: doi:10.3929/ethz-b-000412154","Yaalchak [a], North America","10.1016/j.gca.2012.09.005",20.6,-89.71,6,-20,NA,-118.7,NA,"lake sediment"
"obs_0486","Ladd 2021 compilation (Douglas et al., 2012)","ETH Zurich: doi:10.3929/ethz-b-000412154","Xoche [a], North America","10.1016/j.gca.2012.09.005",20.66,-89.37,16,-18,NA,-128.2,NA,"lake sediment"
"obs_0487","Ladd 2021 compilation (Douglas et al., 2012)","ETH Zurich: doi:10.3929/ethz-b-000412154","Dzitya (Lake), North America","10.1016/j.gca.2012.09.005",21.07,-89.69,5,-18,NA,-103.9,NA,"lake sediment"
"obs_0488","Ladd 2021 compilation (Douglas et al., 2012)","ETH Zurich: doi:10.3929/ethz-b-000412154","Dzitya (Soil), North America","10.1016/j.gca.2012.09.005",21.07,-89.69,5,-18,NA,-110.3,NA,"lake sediment"
"obs_0489","Ladd 2021 compilation (Duan et al 2011)","ETH Zurich: doi:10.3929/ethz-b-000412154","Lake Qinghai, Asia","10.1016/j.orggeochem.2011.06.009",37,100,3193,-53,5,-157,NA,"lake sediment"
"obs_0490","Ladd 2021 compilation (Feng et al., 2019)","ETH Zurich: doi:10.3929/ethz-b-000412154","JS3, Asia","10.1016/j.chemgeo.2019.05.005",26.485,100.338,2190,-77,NA,-197,NA,"soil"
"obs_0491","Ladd 2021 compilation (Feng et al., 2019)","ETH Zurich: doi:10.3929/ethz-b-000412154","JS6, Asia","10.1016/j.chemgeo.2019.05.005",26.486,100.348,1906,-73,NA,-166,NA,"soil"
"obs_0492","Ladd 2021 compilation (Feng et al., 2019)","ETH Zurich: doi:10.3929/ethz-b-000412154","JS8, Asia","10.1016/j.chemgeo.2019.05.005",26.487,100.371,1701,-70,NA,-204,NA,"soil"
"obs_0493","Ladd 2021 compilation (Feng et al., 2019)","ETH Zurich: doi:10.3929/ethz-b-000412154","JS4, Asia","10.1016/j.chemgeo.2019.05.005",26.489,100.346,2092,-76,NA,-185,NA,"soil"
"obs_0494","Ladd 2021 compilation (Feng et al., 2019)","ETH Zurich: doi:10.3929/ethz-b-000412154","JS1, Asia","10.1016/j.chemgeo.2019.05.005",26.494,100.312,2386,-80,NA,-204,NA,"soil"
"obs_0495","Ladd 2021 compilation (Feng et al., 2019)","ETH Zurich: doi:10.3929/ethz-b-000412154","JS12, Asia","10.1016/j.chemgeo.2019.05.005",26.5017,100.4082,1309,-64,NA,-169,NA,"soil"
"obs_0496","Ladd 2021 compilation (Feng et al., 2019)","ETH Zurich: doi:10.3929/ethz-b-000412154","JH9, Asia","10.1016/j.chemgeo.2019.05.005",26.537,100.003,3007,-90,NA,-218,NA,"soil"
"obs_0497","Ladd 2021 compilation (Feng et al., 2019)","ETH Zurich: doi:10.3929/ethz-b-000412154","JH8, Asia","10.1016/j.chemgeo.2019.05.005",26.547,100,2901,-89,NA,-221,NA,"soil"
"obs_0498","Ladd 2021 compilation (Feng et al., 2019)","ETH Zurich: doi:10.3929/ethz-b-000412154","JH2, Asia","10.1016/j.chemgeo.2019.05.005",26.549,99.961,2319,-80,NA,-198,NA,"soil"
"obs_0499","Ladd 2021 compilation (Feng et al., 2019)","ETH Zurich: doi:10.3929/ethz-b-000412154","JH5, Asia","10.1016/j.chemgeo.2019.05.005",26.558,99.982,2600,-84,NA,-206,NA,"soil"
"obs_0500","Ladd 2021 compilation (Feng et al., 2019)","ETH Zurich: doi:10.3929/ethz-b-000412154","LJ17, Asia","10.1016/j.chemgeo.2019.05.005",26.628,99.722,3918,-105,NA,-217,NA,"soil"
"obs_0501","Ladd 2021 compilation (Feng et al., 2019)","ETH Zurich: doi:10.3929/ethz-b-000412154","LJ1, Asia","10.1016/j.chemgeo.2019.05.005",26.63,99.915,2305,-80,NA,-197,NA,"soil"
"obs_0502","Ladd 2021 compilation (Feng et al., 2019)","ETH Zurich: doi:10.3929/ethz-b-000412154","TCS2017, Asia","10.1016/j.chemgeo.2019.05.005",26.631,99.718,3886,-104,NA,-220,NA,"soil"
"obs_0503","Ladd 2021 compilation (Feng et al., 2019)","ETH Zurich: doi:10.3929/ethz-b-000412154","LJ2, Asia","10.1016/j.chemgeo.2019.05.005",26.639,99.879,2400,-81,NA,-211,NA,"soil"
"obs_0504","Ladd 2021 compilation (Feng et al., 2019)","ETH Zurich: doi:10.3929/ethz-b-000412154","LJ6, Asia","10.1016/j.chemgeo.2019.05.005",26.643,99.821,2800,-87,NA,-213,NA,"soil"
"obs_0505","Ladd 2021 compilation (Feng et al., 2019)","ETH Zurich: doi:10.3929/ethz-b-000412154","LJ15, Asia","10.1016/j.chemgeo.2019.05.005",26.648,99.74,3789,-103,NA,-242,NA,"soil"
"obs_0506","Ladd 2021 compilation (Feng et al., 2019)","ETH Zurich: doi:10.3929/ethz-b-000412154","LJ13, Asia","10.1016/j.chemgeo.2019.05.005",26.648,99.776,3504,-98,NA,-226,NA,"soil"
"obs_0507","Ladd 2021 compilation (Feng et al., 2019)","ETH Zurich: doi:10.3929/ethz-b-000412154","LJ8, Asia","10.1016/j.chemgeo.2019.05.005",26.654,99.805,3011,-91,NA,-216,NA,"soil"
"obs_0508","Ladd 2021 compilation (Feng et al., 2019)","ETH Zurich: doi:10.3929/ethz-b-000412154","LJ9, Asia","10.1016/j.chemgeo.2019.05.005",26.658,99.794,3125,-93,NA,-207,NA,"soil"
"obs_0509","Ladd 2021 compilation (Freimuth et al 2019b)","ETH Zurich: doi:10.3929/ethz-b-000412154","Quiver, North America","10.1016/j.gca.2019.08.026",43.74,-74.87,539,-72,1,-179,NA,"lake sediment"
"obs_0510","Ladd 2021 compilation (Freimuth et al 2019b)","ETH Zurich: doi:10.3929/ethz-b-000412154","Wolf, North America","10.1016/j.gca.2019.08.026",44.02,-74.22,558,-73,1,-179,NA,"lake sediment"
"obs_0511","Ladd 2021 compilation (Freimuth et al 2019b)","ETH Zurich: doi:10.3929/ethz-b-000412154","Horseshoe, North America","10.1016/j.gca.2019.08.026",44.14,-74.62,524,-74,1,-188,NA,"lake sediment"
"obs_0512","Ladd 2021 compilation (Freimuth et al 2019b)","ETH Zurich: doi:10.3929/ethz-b-000412154","Heart, North America","10.1016/j.gca.2019.08.026",44.18,-73.97,665,-75,1,-186,NA,"lake sediment"
"obs_0513","Ladd 2021 compilation (Freimuth et al 2019b)","ETH Zurich: doi:10.3929/ethz-b-000412154","Sucker, North America","10.1016/j.gca.2019.08.026",44.18,-75.12,426,-74,1,-197,NA,"lake sediment"
"obs_0514","Ladd 2021 compilation (Freimuth et al 2019b)","ETH Zurich: doi:10.3929/ethz-b-000412154","Raquette, North America","10.1016/j.gca.2019.08.026",44.23,-74.47,470,-74,1,-186,NA,"lake sediment"
"obs_0515","Ladd 2021 compilation (Freimuth et al 2019b)","ETH Zurich: doi:10.3929/ethz-b-000412154","East Pine, North America","10.1016/j.gca.2019.08.026",44.34,-74.41,513,-75,1,-193,NA,"lake sediment"
"obs_0516","Ladd 2021 compilation (Freimuth et al 2019b)","ETH Zurich: doi:10.3929/ethz-b-000412154","Little Green, North America","10.1016/j.gca.2019.08.026",44.36,-74.3,521,-75,1,-190,NA,"lake sediment"
"obs_0517","Ladd 2021 compilation (Freimuth et al 2019b)","ETH Zurich: doi:10.3929/ethz-b-000412154","Moose, North America","10.1016/j.gca.2019.08.026",44.37,-74.06,475,-74,1,-190,NA,"lake sediment"
"obs_0518","Ladd 2021 compilation (Freimuth et al 2019b)","ETH Zurich: doi:10.3929/ethz-b-000412154","Hope, North America","10.1016/j.gca.2019.08.026",44.51,-74.13,523,-76,1,-190,NA,"lake sediment"
"obs_0519","Ladd 2021 compilation (Freimuth et al 2019b)","ETH Zurich: doi:10.3929/ethz-b-000412154","Debar, North America","10.1016/j.gca.2019.08.026",44.62,-74.19,483,-76,1,-196,NA,"lake sediment"
"obs_0520","Ladd 2021 compilation (Freimuth et al 2019b)","ETH Zurich: doi:10.3929/ethz-b-000412154","Chazy, North America","10.1016/j.gca.2019.08.026",44.73,-73.82,466,-76,1,-188,NA,"lake sediment"
"obs_0521","Ladd 2021 compilation (Freimuth et al., 2019a)","ETH Zurich: doi:10.3929/ethz-b-000412154","Brown's Bog, Ohio, North America","10.1016/j.orggeochem.2019.01.006",40.6818,-82.06045,291,-50,2,-176.3,NA,"lake sediment"
"obs_0523","Ladd 2021 compilation (Goldsmith et al., 2019)","ETH Zurich: doi:10.3929/ethz-b-000412154","Mitzpe ramon, Asia","10.1029/2019jg005149",30.6199,34.7867,828,-21,NA,-116,NA,"lake sediment"
"obs_0524","Ladd 2021 compilation (Goldsmith et al., 2019)","ETH Zurich: doi:10.3929/ethz-b-000412154","Arad, Asia","10.1029/2019jg005149",31.23727,35.21481,558,-21,NA,-146,NA,"lake sediment"
"obs_0525","Ladd 2021 compilation (Goldsmith et al., 2019)","ETH Zurich: doi:10.3929/ethz-b-000412154","Beer Sheva, Asia","10.1029/2019jg005149",31.24406,34.89974,353,-17,NA,-142,NA,"lake sediment"
"obs_0526","Ladd 2021 compilation (Goldsmith et al., 2019)","ETH Zurich: doi:10.3929/ethz-b-000412154","Soreq, Asia","10.1029/2019jg005149",31.75327,35.02987,400,-22,NA,-149,NA,"lake sediment"
"obs_0527","Ladd 2021 compilation (Goldsmith et al., 2019)","ETH Zurich: doi:10.3929/ethz-b-000412154","Jerusalem, Asia","10.1029/2019jg005149",31.7857,35.17076,815,-28,NA,-142,NA,"lake sediment"
"obs_0528","Ladd 2021 compilation (Goldsmith et al., 2019)","ETH Zurich: doi:10.3929/ethz-b-000412154","Alon, Asia","10.1029/2019jg005149",31.80058,35.33009,290,-20,NA,-142,NA,"lake sediment"
"obs_0529","Ladd 2021 compilation (Goldsmith et al., 2019)","ETH Zurich: doi:10.3929/ethz-b-000412154","Beit Dagan, Asia","10.1029/2019jg005149",31.96735,34.90578,50,-17,NA,-143,NA,"lake sediment"
"obs_0530","Ladd 2021 compilation (Goldsmith et al., 2019)","ETH Zurich: doi:10.3929/ethz-b-000412154","Haifa, Asia","10.1029/2019jg005149",32.79204,34.97167,102,-21,NA,-140,NA,"marine sediment"
"obs_0531","Ladd 2021 compilation (Goldsmith et al., 2019)","ETH Zurich: doi:10.3929/ethz-b-000412154","Michmanim, Asia","10.1029/2019jg005149",32.88376,35.38066,157,-22,NA,-157,NA,"lake sediment"
"obs_0532","Ladd 2021 compilation (Goldsmith et al., 2019)","ETH Zurich: doi:10.3929/ethz-b-000412154","Peki'in, Asia","10.1029/2019jg005149",32.98272,35.3158,650,-30,NA,-145,NA,"lake sediment"
"obs_0533","Ladd 2021 compilation (Goldsmith et al., 2019)","ETH Zurich: doi:10.3929/ethz-b-000412154","Har Canaan, Asia","10.1029/2019jg005149",33.02356,35.49748,858,-33,NA,-151,NA,"lake sediment"
"obs_0534","Ladd 2021 compilation (Goldsmith et al., 2019)","ETH Zurich: doi:10.3929/ethz-b-000412154","Hermon, Asia","10.1029/2019jg005149",33.27398,35.75821,1337,-42,NA,-155,NA,"lake sediment"
"obs_0535","Ladd 2021 compilation (Guenther et al 2013)","ETH Zurich: doi:10.3929/ethz-b-000412154","NC, Asia","10.1016/j.quaint.2013.07.013",30.5,90.6,4718,-139,4,-221.4,NA,"lake sediment"
"obs_0536","Ladd 2021 compilation (Guenther et al 2013)","ETH Zurich: doi:10.3929/ethz-b-000412154","KYC, Asia","10.1016/j.quaint.2013.07.013",30.6,82.05,4798,-109,10,-238.7,NA,"lake sediment"
"obs_0537","Ladd 2021 compilation (Guenther et al 2013)","ETH Zurich: doi:10.3929/ethz-b-000412154","TRC, Asia","10.1016/j.quaint.2013.07.013",30.75,86.38,4549,-112,6,-211.2,NA,"lake sediment"
"obs_0538","Ladd 2021 compilation (Guenther et al 2013)","ETH Zurich: doi:10.3929/ethz-b-000412154","TC, Asia","10.1016/j.quaint.2013.07.013",31.05,83.92,4570,-103,3,-219.1,NA,"lake sediment"
"obs_0539","Ladd 2021 compilation (Guenther et al 2013)","ETH Zurich: doi:10.3929/ethz-b-000412154","SXC, Asia","10.1016/j.quaint.2013.07.013",34.58,80.2,5070,-98,19,-196.5,NA,"lake sediment"
"obs_0540","Ladd 2021 compilation (Guenther et al 2013)","ETH Zurich: doi:10.3929/ethz-b-000412154","LMC, Asia","10.1016/j.quaint.2013.07.013",34.58,80.35,5030,-97,19,-209.2,NA,"lake sediment"
"obs_0541","Ladd 2021 compilation (Herrmann et al., 2017)","ETH Zurich: doi:10.3929/ethz-b-000412154","South Africa, Africa","10.1016/j.orggeochem.2017.03.008",-33.51,20.35,NA,-23.05159166,NA,-110,NA,"lake sediment"
"obs_0542","Ladd 2021 compilation (Herrmann et al., 2017)","ETH Zurich: doi:10.3929/ethz-b-000412154","South Africa, Africa","10.1016/j.orggeochem.2017.03.008",-32.87,18.39,NA,-14.73922902,NA,-131,NA,"lake sediment"
"obs_0543","Ladd 2021 compilation (Herrmann et al., 2017)","ETH Zurich: doi:10.3929/ethz-b-000412154","South Africa, Africa","10.1016/j.orggeochem.2017.03.008",-32.86,18.53,NA,-18.09954751,NA,-132,NA,"lake sediment"
"obs_0544","Ladd 2021 compilation (Herrmann et al., 2017)","ETH Zurich: doi:10.3929/ethz-b-000412154","South Africa, Africa","10.1016/j.orggeochem.2017.03.008",-32.79,19.22,NA,-17.87709497,NA,-121,NA,"lake sediment"
"obs_0545","Ladd 2021 compilation (Herrmann et al., 2017)","ETH Zurich: doi:10.3929/ethz-b-000412154","South Africa, Africa","10.1016/j.orggeochem.2017.03.008",-32.79,19.22,NA,-18.20250284,NA,-137,NA,"lake sediment"
"obs_0546","Ladd 2021 compilation (Herrmann et al., 2017)","ETH Zurich: doi:10.3929/ethz-b-000412154","South Africa, Africa","10.1016/j.orggeochem.2017.03.008",-32.72,18.25,NA,-12.5,NA,-131,NA,"lake sediment"
"obs_0547","Ladd 2021 compilation (Herrmann et al., 2017)","ETH Zurich: doi:10.3929/ethz-b-000412154","South Africa, Africa","10.1016/j.orggeochem.2017.03.008",-32.72,18.25,NA,-12.71676301,NA,-146,NA,"lake sediment"
"obs_0548","Ladd 2021 compilation (Herrmann et al., 2017)","ETH Zurich: doi:10.3929/ethz-b-000412154","South Africa, Africa","10.1016/j.orggeochem.2017.03.008",-32.33,20.34,NA,-25,NA,-103,NA,"lake sediment"
"obs_0549","Ladd 2021 compilation (Herrmann et al., 2017)","ETH Zurich: doi:10.3929/ethz-b-000412154","South Africa, Africa","10.1016/j.orggeochem.2017.03.008",-32.3,19.14,NA,-21.64009112,NA,-141,NA,"lake sediment"
"obs_0550","Ladd 2021 compilation (Herrmann et al., 2017)","ETH Zurich: doi:10.3929/ethz-b-000412154","South Africa, Africa","10.1016/j.orggeochem.2017.03.008",-32.22,18.22,NA,-13.72997712,NA,-138,NA,"marine sediment"
"obs_0551","Ladd 2021 compilation (Herrmann et al., 2017)","ETH Zurich: doi:10.3929/ethz-b-000412154","South Africa, Africa","10.1016/j.orggeochem.2017.03.008",-32.22,18.22,NA,-12.64367816,NA,-141,NA,"marine sediment"
"obs_0552","Ladd 2021 compilation (Herrmann et al., 2017)","ETH Zurich: doi:10.3929/ethz-b-000412154","South Africa, Africa","10.1016/j.orggeochem.2017.03.008",-32.21,20.39,NA,-25.55555556,NA,-123,NA,"lake sediment"
"obs_0553","Ladd 2021 compilation (Herrmann et al., 2017)","ETH Zurich: doi:10.3929/ethz-b-000412154","South Africa, Africa","10.1016/j.orggeochem.2017.03.008",-32.21,20.39,NA,-25.93010147,NA,-136,NA,"lake sediment"
"obs_0554","Ladd 2021 compilation (Herrmann et al., 2017)","ETH Zurich: doi:10.3929/ethz-b-000412154","South Africa, Africa","10.1016/j.orggeochem.2017.03.008",-32.18,18.24,NA,-12.48581158,NA,-130,NA,"marine sediment"
"obs_0555","Ladd 2021 compilation (Herrmann et al., 2017)","ETH Zurich: doi:10.3929/ethz-b-000412154","South Africa, Africa","10.1016/j.orggeochem.2017.03.008",-32.13,18.6,NA,-20.1793722,NA,-126,NA,"lake sediment"
"obs_0556","Ladd 2021 compilation (Herrmann et al., 2017)","ETH Zurich: doi:10.3929/ethz-b-000412154","South Africa, Africa","10.1016/j.orggeochem.2017.03.008",-32.13,18.6,NA,-20.36199095,NA,-134,NA,"lake sediment"
"obs_0557","Ladd 2021 compilation (Herrmann et al., 2017)","ETH Zurich: doi:10.3929/ethz-b-000412154","South Africa, Africa","10.1016/j.orggeochem.2017.03.008",-32.13,19.05,NA,-20.31602709,NA,-132,NA,"lake sediment"
"obs_0558","Ladd 2021 compilation (Herrmann et al., 2017)","ETH Zurich: doi:10.3929/ethz-b-000412154","South Africa, Africa","10.1016/j.orggeochem.2017.03.008",-31.56,19.89,NA,-15.73033708,NA,-124,NA,"lake sediment"
"obs_0559","Ladd 2021 compilation (Herrmann et al., 2017)","ETH Zurich: doi:10.3929/ethz-b-000412154","South Africa, Africa","10.1016/j.orggeochem.2017.03.008",-31.34,18.32,NA,-11.22334456,NA,-119,NA,"lake sediment"
"obs_0560","Ladd 2021 compilation (Herrmann et al., 2017)","ETH Zurich: doi:10.3929/ethz-b-000412154","South Africa, Africa","10.1016/j.orggeochem.2017.03.008",-31.34,18.32,NA,-11.28668172,NA,-124,NA,"lake sediment"
"obs_0561","Ladd 2021 compilation (Herrmann et al., 2017)","ETH Zurich: doi:10.3929/ethz-b-000412154","South Africa, Africa","10.1016/j.orggeochem.2017.03.008",-31.28,19.5,NA,-20.29312289,NA,-131,NA,"lake sediment"
"obs_0562","Ladd 2021 compilation (Herrmann et al., 2017)","ETH Zurich: doi:10.3929/ethz-b-000412154","South Africa, Africa","10.1016/j.orggeochem.2017.03.008",-31.26,18.36,NA,-10.03344482,NA,-112,NA,"lake sediment"
"obs_0563","Ladd 2021 compilation (Herrmann et al., 2017)","ETH Zurich: doi:10.3929/ethz-b-000412154","South Africa, Africa","10.1016/j.orggeochem.2017.03.008",-31.26,18.42,NA,-11.0864745,NA,-108,NA,"lake sediment"
"obs_0564","Ladd 2021 compilation (Herrmann et al., 2017)","ETH Zurich: doi:10.3929/ethz-b-000412154","South Africa, Africa","10.1016/j.orggeochem.2017.03.008",-31.23,19.17,NA,-16.46542261,NA,-104,NA,"lake sediment"
"obs_0565","Ladd 2021 compilation (Herrmann et al., 2017)","ETH Zurich: doi:10.3929/ethz-b-000412154","South Africa, Africa","10.1016/j.orggeochem.2017.03.008",-31.23,19.17,NA,-16.62971175,NA,-113,NA,"lake sediment"
"obs_0566","Ladd 2021 compilation (Herrmann et al., 2017)","ETH Zurich: doi:10.3929/ethz-b-000412154","South Africa, Africa","10.1016/j.orggeochem.2017.03.008",-31.18,20.9,NA,-18.68131868,NA,-107,NA,"lake sediment"
"obs_0567","Ladd 2021 compilation (Herrmann et al., 2017)","ETH Zurich: doi:10.3929/ethz-b-000412154","South Africa, Africa","10.1016/j.orggeochem.2017.03.008",-31.18,20.9,NA,-18.88888889,NA,-117,NA,"lake sediment"
"obs_0568","Ladd 2021 compilation (Herrmann et al., 2017)","ETH Zurich: doi:10.3929/ethz-b-000412154","South Africa, Africa","10.1016/j.orggeochem.2017.03.008",-31.08,18.15,NA,-12.26309922,NA,-114,NA,"lake sediment"
"obs_0569","Ladd 2021 compilation (Herrmann et al., 2017)","ETH Zurich: doi:10.3929/ethz-b-000412154","South Africa, Africa","10.1016/j.orggeochem.2017.03.008",-30.5,19.46,NA,-13.36302895,NA,-114,NA,"lake sediment"
"obs_0570","Ladd 2021 compilation (Herrmann et al., 2017)","ETH Zurich: doi:10.3929/ethz-b-000412154","South Africa, Africa","10.1016/j.orggeochem.2017.03.008",-30.46,18.29,NA,-15.46961326,NA,-109,NA,"lake sediment"
"obs_0571","Ladd 2021 compilation (Herrmann et al., 2017)","ETH Zurich: doi:10.3929/ethz-b-000412154","South Africa, Africa","10.1016/j.orggeochem.2017.03.008",-30.46,18.29,NA,-14.92537313,NA,-142,NA,"lake sediment"
"obs_0572","Ladd 2021 compilation (Herrmann et al., 2017)","ETH Zurich: doi:10.3929/ethz-b-000412154","South Africa, Africa","10.1016/j.orggeochem.2017.03.008",-30.4,20.24,NA,-26.37362637,NA,-114,NA,"lake sediment"
"obs_0573","Ladd 2021 compilation (Herrmann et al., 2017)","ETH Zurich: doi:10.3929/ethz-b-000412154","South Africa, Africa","10.1016/j.orggeochem.2017.03.008",-30.26,18.46,NA,-15.23394995,NA,-95,NA,"lake sediment"
"obs_0574","Ladd 2021 compilation (Herrmann et al., 2017)","ETH Zurich: doi:10.3929/ethz-b-000412154","South Africa, Africa","10.1016/j.orggeochem.2017.03.008",-30.24,18.46,NA,-16.07717042,NA,-82,NA,"lake sediment"
"obs_0575","Ladd 2021 compilation (Herrmann et al., 2017)","ETH Zurich: doi:10.3929/ethz-b-000412154","South Africa, Africa","10.1016/j.orggeochem.2017.03.008",-29.87,26.4,NA,-30.56768559,NA,-112,NA,"lake sediment"
"obs_0576","Ladd 2021 compilation (Herrmann et al., 2017)","ETH Zurich: doi:10.3929/ethz-b-000412154","South Africa, Africa","10.1016/j.orggeochem.2017.03.008",-29.8,25.33,NA,-33.22259136,NA,-127,NA,"lake sediment"
"obs_0577","Ladd 2021 compilation (Herrmann et al., 2017)","ETH Zurich: doi:10.3929/ethz-b-000412154","South Africa, Africa","10.1016/j.orggeochem.2017.03.008",-29.62,23.44,NA,-26.46085998,NA,-117,NA,"lake sediment"
"obs_0578","Ladd 2021 compilation (Herrmann et al., 2017)","ETH Zurich: doi:10.3929/ethz-b-000412154","South Africa, Africa","10.1016/j.orggeochem.2017.03.008",-29.57,22.2,NA,-23.88707926,NA,-101,NA,"lake sediment"
"obs_0579","Ladd 2021 compilation (Herrmann et al., 2017)","ETH Zurich: doi:10.3929/ethz-b-000412154","South Africa, Africa","10.1016/j.orggeochem.2017.03.008",-29.46,20.47,NA,-24.28256071,NA,-116,NA,"lake sediment"
"obs_0580","Ladd 2021 compilation (Herrmann et al., 2017)","ETH Zurich: doi:10.3929/ethz-b-000412154","South Africa, Africa","10.1016/j.orggeochem.2017.03.008",-29.46,20.47,NA,-24.26160338,NA,-75,NA,"lake sediment"
"obs_0581","Ladd 2021 compilation (Herrmann et al., 2017)","ETH Zurich: doi:10.3929/ethz-b-000412154","South Africa, Africa","10.1016/j.orggeochem.2017.03.008",-29.4,22.55,NA,-27.71855011,NA,-88,NA,"lake sediment"
"obs_0582","Ladd 2021 compilation (Herrmann et al., 2017)","ETH Zurich: doi:10.3929/ethz-b-000412154","South Africa, Africa","10.1016/j.orggeochem.2017.03.008",-29.31,19.26,NA,-26.88172043,NA,-95,NA,"lake sediment"
"obs_0583","Ladd 2021 compilation (Herrmann et al., 2017)","ETH Zurich: doi:10.3929/ethz-b-000412154","South Africa, Africa","10.1016/j.orggeochem.2017.03.008",-29.29,22.45,NA,-27.14440825,NA,-104,NA,"lake sediment"
"obs_0584","Ladd 2021 compilation (Herrmann et al., 2017)","ETH Zurich: doi:10.3929/ethz-b-000412154","South Africa, Africa","10.1016/j.orggeochem.2017.03.008",-29.23,21.7,NA,-23.07692308,NA,-111,NA,"lake sediment"
"obs_0585","Ladd 2021 compilation (Herrmann et al., 2017)","ETH Zurich: doi:10.3929/ethz-b-000412154","South Africa, Africa","10.1016/j.orggeochem.2017.03.008",-29.22,23.2,NA,-27.4122807,NA,-113,NA,"lake sediment"
"obs_0586","Ladd 2021 compilation (Herrmann et al., 2017)","ETH Zurich: doi:10.3929/ethz-b-000412154","South Africa, Africa","10.1016/j.orggeochem.2017.03.008",-28.58,25.3,NA,-29.47598253,NA,-111,NA,"lake sediment"
"obs_0587","Ladd 2021 compilation (Herrmann et al., 2017)","ETH Zurich: doi:10.3929/ethz-b-000412154","South Africa, Africa","10.1016/j.orggeochem.2017.03.008",-28.57,19.23,NA,-25.19167579,NA,-110,NA,"lake sediment"
"obs_0588","Ladd 2021 compilation (Herrmann et al., 2017)","ETH Zurich: doi:10.3929/ethz-b-000412154","South Africa, Africa","10.1016/j.orggeochem.2017.03.008",-28.57,27.5,NA,-31.79824561,NA,-117,NA,"lake sediment"
"obs_0589","Ladd 2021 compilation (Herrmann et al., 2017)","ETH Zurich: doi:10.3929/ethz-b-000412154","South Africa, Africa","10.1016/j.orggeochem.2017.03.008",-28.56,24.13,NA,-24.28256071,NA,-116,NA,"lake sediment"
"obs_0590","Ladd 2021 compilation (Herrmann et al., 2017)","ETH Zurich: doi:10.3929/ethz-b-000412154","South Africa, Africa","10.1016/j.orggeochem.2017.03.008",-28.5,26.36,NA,-29.96670366,NA,-126,NA,"lake sediment"
"obs_0591","Ladd 2021 compilation (Herrmann et al., 2017)","ETH Zurich: doi:10.3929/ethz-b-000412154","South Africa, Africa","10.1016/j.orggeochem.2017.03.008",-28.5,26.36,NA,-30.20134228,NA,-133,NA,"lake sediment"
"obs_0592","Ladd 2021 compilation (Herrmann et al., 2017)","ETH Zurich: doi:10.3929/ethz-b-000412154","South Africa, Africa","10.1016/j.orggeochem.2017.03.008",-28.45,24.42,NA,-26.2295082,NA,-109,NA,"lake sediment"
"obs_0593","Ladd 2021 compilation (Herrmann et al., 2017)","ETH Zurich: doi:10.3929/ethz-b-000412154","South Africa, Africa","10.1016/j.orggeochem.2017.03.008",-28.45,24.42,NA,-25.44247788,NA,-119,NA,"lake sediment"
"obs_0594","Ladd 2021 compilation (Herrmann et al., 2017)","ETH Zurich: doi:10.3929/ethz-b-000412154","South Africa, Africa","10.1016/j.orggeochem.2017.03.008",-28.44,22.31,NA,-29.50819672,NA,-112,NA,"lake sediment"
"obs_0595","Ladd 2021 compilation (Herrmann et al., 2017)","ETH Zurich: doi:10.3929/ethz-b-000412154","South Africa, Africa","10.1016/j.orggeochem.2017.03.008",-28.38,22.15,NA,-29.22077922,NA,-103,NA,"lake sediment"
"obs_0596","Ladd 2021 compilation (Herrmann et al., 2017)","ETH Zurich: doi:10.3929/ethz-b-000412154","South Africa, Africa","10.1016/j.orggeochem.2017.03.008",-27.55,28.23,NA,-29.14798206,NA,-134,NA,"lake sediment"
"obs_0597","Ladd 2021 compilation (Herrmann et al., 2017)","ETH Zurich: doi:10.3929/ethz-b-000412154","South Africa, Africa","10.1016/j.orggeochem.2017.03.008",-27.55,28.23,NA,-29.61275626,NA,-148,NA,"lake sediment"
"obs_0598","Ladd 2021 compilation (Herrmann et al., 2017)","ETH Zurich: doi:10.3929/ethz-b-000412154","South Africa, Africa","10.1016/j.orggeochem.2017.03.008",-27.55,28.23,NA,-28.60411899,NA,-151,NA,"lake sediment"
"obs_0599","Ladd 2021 compilation (Herrmann et al., 2017)","ETH Zurich: doi:10.3929/ethz-b-000412154","South Africa, Africa","10.1016/j.orggeochem.2017.03.008",-27.25,28.3,NA,-26.31578947,NA,-149,NA,"lake sediment"
"obs_0600","Ladd 2021 compilation (Herrmann et al., 2017)","ETH Zurich: doi:10.3929/ethz-b-000412154","South Africa, Africa","10.1016/j.orggeochem.2017.03.008",-27.05,28.35,NA,-24.60850112,NA,-128,NA,"lake sediment"
"obs_0601","Ladd 2021 compilation (Huang et al., 2016)","ETH Zurich: doi:10.3929/ethz-b-000412154","Tiandouyang, Asia","10.1016/j.palaeo.2016.08.011",25.9,117.47,1196,-59,NA,-192,NA,"lake sediment"
"obs_0602","Ladd 2021 compilation (Huang et al., 2016)","ETH Zurich: doi:10.3929/ethz-b-000412154","Shiwangutian, Asia","10.1016/j.palaeo.2016.08.011",26.08,110.37,1688,-62,NA,-208,NA,"lake sediment"
"obs_0603","Ladd 2021 compilation (Huang et al., 2016)","ETH Zurich: doi:10.3929/ethz-b-000412154","Wangdongyang, Asia","10.1016/j.palaeo.2016.08.011",27.67,119.63,1398,-63,NA,-203,NA,"lake sediment"
"obs_0604","Ladd 2021 compilation (Huang et al., 2016)","ETH Zurich: doi:10.3929/ethz-b-000412154","Dajiuhu, Asia","10.1016/j.palaeo.2016.08.011",31.47,110,1700,-64,NA,-204,NA,"lake sediment"
"obs_0605","Ladd 2021 compilation (Huang et al., 2016)","ETH Zurich: doi:10.3929/ethz-b-000412154","Zoige, Asia","10.1016/j.palaeo.2016.08.011",33.82,102.73,3500,-71,NA,-204,NA,"lake sediment"
"obs_0606","Ladd 2021 compilation (Huang et al., 2016)","ETH Zurich: doi:10.3929/ethz-b-000412154","Hani, Asia","10.1016/j.palaeo.2016.08.011",42.22,126.52,902,-66,NA,-222,NA,"lake sediment"
"obs_0607","Ladd 2021 compilation (Huang et al., 2016)","ETH Zurich: doi:10.3929/ethz-b-000412154","Yichun, Asia","10.1016/j.palaeo.2016.08.011",48.52,129.53,272,-91,NA,-209,NA,"lake sediment"
"obs_0608","Ladd 2021 compilation (Jaeschke et al., 2018)","ETH Zurich: doi:10.3929/ethz-b-000412154","II-Forest, Africa","10.1016/j.orggeochem.2018.06.006",7.4527,36.8704,2545,-5,NA,-140,NA,"soil"
"obs_0609","Ladd 2021 compilation (Jaeschke et al., 2018)","ETH Zurich: doi:10.3929/ethz-b-000412154","V-Grassland, Africa","10.1016/j.orggeochem.2018.06.006",7.5176,36.8758,2109,2,NA,-125,NA,"soil"
"obs_0610","Ladd 2021 compilation (Jaeschke et al., 2018)","ETH Zurich: doi:10.3929/ethz-b-000412154","V-Cropland, Africa","10.1016/j.orggeochem.2018.06.006",7.5176,36.8758,2109,2,NA,-128,NA,"soil"
"obs_0611","Ladd 2021 compilation (Jaeschke et al., 2018)","ETH Zurich: doi:10.3929/ethz-b-000412154","V-Forest, Africa","10.1016/j.orggeochem.2018.06.006",7.5176,36.8758,2109,2,NA,-134,NA,"soil"
"obs_0612","Ladd 2021 compilation (Jia et al., 2008)","ETH Zurich: doi:10.3929/ethz-b-000412154","Mt Gonnga, Asia","10.1016/j.gca.2008.08.004",29.55,101.97,3767,-98,NA,-237,NA,"lake sediment"
"obs_0613","Ladd 2021 compilation (Jia et al., 2008)","ETH Zurich: doi:10.3929/ethz-b-000412154","Mt Gonnga, Asia","10.1016/j.gca.2008.08.004",29.55,101.97,3518,-94,NA,-224,NA,"lake sediment"
"obs_0614","Ladd 2021 compilation (Jia et al., 2008)","ETH Zurich: doi:10.3929/ethz-b-000412154","Mt Gonnga, Asia","10.1016/j.gca.2008.08.004",29.55,101.97,3676,-96,NA,-241,NA,"lake sediment"
"obs_0615","Ladd 2021 compilation (Jia et al., 2008)","ETH Zurich: doi:10.3929/ethz-b-000412154","Mt Gonnga, Asia","10.1016/j.gca.2008.08.004",29.57,101.98,3209,-89,NA,-200,NA,"lake sediment"
"obs_0616","Ladd 2021 compilation (Jia et al., 2008)","ETH Zurich: doi:10.3929/ethz-b-000412154","Mt Gonnga, Asia","10.1016/j.gca.2008.08.004",29.58,101.99,3188,-89,NA,-220,NA,"lake sediment"
"obs_0617","Ladd 2021 compilation (Jia et al., 2008)","ETH Zurich: doi:10.3929/ethz-b-000412154","Mt Gonnga, Asia","10.1016/j.gca.2008.08.004",29.58,102.01,2808,-83,NA,-193,NA,"lake sediment"
"obs_0618","Ladd 2021 compilation (Jia et al., 2008)","ETH Zurich: doi:10.3929/ethz-b-000412154","Mt Gonnga, Asia","10.1016/j.gca.2008.08.004",29.58,101.99,3119,-88,NA,-207,NA,"lake sediment"
"obs_0619","Ladd 2021 compilation (Jia et al., 2008)","ETH Zurich: doi:10.3929/ethz-b-000412154","Mt Gonnga, Asia","10.1016/j.gca.2008.08.004",29.58,102.01,2920,-84,NA,-197,NA,"lake sediment"
"obs_0620","Ladd 2021 compilation (Jia et al., 2008)","ETH Zurich: doi:10.3929/ethz-b-000412154","Mt Gonnga, Asia","10.1016/j.gca.2008.08.004",29.6,102.05,2220,-74,NA,-203,NA,"lake sediment"
"obs_0621","Ladd 2021 compilation (Jia et al., 2008)","ETH Zurich: doi:10.3929/ethz-b-000412154","Mt Gonnga, Asia","10.1016/j.gca.2008.08.004",29.6,102.06,2160,-73,NA,-214,NA,"lake sediment"
"obs_0622","Ladd 2021 compilation (Jia et al., 2008)","ETH Zurich: doi:10.3929/ethz-b-000412154","Mt Gonnga, Asia","10.1016/j.gca.2008.08.004",29.6,102.07,2115,-72,NA,-185,NA,"lake sediment"
"obs_0623","Ladd 2021 compilation (Jia et al., 2008)","ETH Zurich: doi:10.3929/ethz-b-000412154","Mt Gonnga, Asia","10.1016/j.gca.2008.08.004",29.6,102.07,2005,-70,NA,-199,NA,"lake sediment"
"obs_0624","Ladd 2021 compilation (Jia et al., 2008)","ETH Zurich: doi:10.3929/ethz-b-000412154","Mt Gonnga, Asia","10.1016/j.gca.2008.08.004",29.6,102.07,2085,-72,NA,-206,NA,"lake sediment"
"obs_0625","Ladd 2021 compilation (Jia et al., 2008)","ETH Zurich: doi:10.3929/ethz-b-000412154","Mt Gonnga, Asia","10.1016/j.gca.2008.08.004",29.6,102.04,2350,-76,NA,-189,NA,"lake sediment"
"obs_0626","Ladd 2021 compilation (Jia et al., 2008)","ETH Zurich: doi:10.3929/ethz-b-000412154","Mt Gonnga, Asia","10.1016/j.gca.2008.08.004",29.61,102.11,1645,-65,NA,-181,NA,"lake sediment"
"obs_0627","Ladd 2021 compilation (Jia et al., 2008)","ETH Zurich: doi:10.3929/ethz-b-000412154","Mt Gonnga, Asia","10.1016/j.gca.2008.08.004",29.61,102.17,1220,-58,NA,-195,NA,"lake sediment"
"obs_0628","Ladd 2021 compilation (Jia et al., 2008)","ETH Zurich: doi:10.3929/ethz-b-000412154","Mt Gonnga, Asia","10.1016/j.gca.2008.08.004",29.61,102.09,1850,-68,NA,-195,NA,"lake sediment"
"obs_0629","Ladd 2021 compilation (Jia et al., 2008)","ETH Zurich: doi:10.3929/ethz-b-000412154","Mt Gonnga, Asia","10.1016/j.gca.2008.08.004",29.62,102.11,1740,-66,NA,-178,NA,"lake sediment"
"obs_0630","Ladd 2021 compilation (Jia et al., 2008)","ETH Zurich: doi:10.3929/ethz-b-000412154","Mt Gonnga, Asia","10.1016/j.gca.2008.08.004",29.63,102.14,1375,-61,NA,-169,NA,"lake sediment"
"obs_0631","Ladd 2021 compilation (Jia et al., 2008)","ETH Zurich: doi:10.3929/ethz-b-000412154","Mt Gonnga, Asia","10.1016/j.gca.2008.08.004",29.64,102.13,1470,-62,NA,-184,NA,"lake sediment"
"obs_0632","Ladd 2021 compilation (Jia et al., 2008)","ETH Zurich: doi:10.3929/ethz-b-000412154","Mt Gonnga, Asia","10.1016/j.gca.2008.08.004",29.65,102.11,1610,-64,NA,-192,NA,"lake sediment"
"obs_0633","Ladd 2021 compilation (Krull et al., 2006)","ETH Zurich: doi:10.3929/ethz-b-000412154","Queensland, Australia","10.1016/j.soilbio.2006.04.008",-23.22,143.95,191,-20,NA,-88,NA,"lake sediment"
"obs_0634","Ladd 2021 compilation (Ladd et al., SPCZ in prep)","ETH Zurich: doi:10.3929/ethz-b-000412154","Lake Dranoniveilomo, Vanua Balavu, Fiji, Tropical Pacific","10.1029/2020JG005891",-17.1976,-178.9559,NA,-21,NA,-150.8,NA,"lake sediment"
"obs_0635","Ladd 2021 compilation (Ladd et al., SPCZ in prep)","ETH Zurich: doi:10.3929/ethz-b-000412154","Oroatera Pond, Tetiaroa, French Polynesia, Tropical Pacific","10.1029/2020JG005891",-16.9958,-149.5409,NA,-25,NA,-173.5,NA,"marine sediment"
"obs_0636","Ladd 2021 compilation (Ladd et al., SPCZ in prep)","ETH Zurich: doi:10.3929/ethz-b-000412154","Lake Tagamaucia, Teveuni, Fiji, Tropical Pacific","10.1029/2020JG005891",-16.8163,-179.9399,NA,-34,NA,-170.1,NA,"lake sediment"
"obs_0637","Ladd 2021 compilation (Ladd, Maloney et al (UW))","ETH Zurich: doi:10.3929/ethz-b-000412154","ChuTol, Tropical Pacific","10.1029/2020JG005891",7.35,151.604,0,-32,NA,-153,NA,"lake sediment"
"obs_0638","Ladd 2021 compilation (Ladd, Maloney et al (UW))","ETH Zurich: doi:10.3929/ethz-b-000412154","YapGal, Tropical Pacific","10.1029/2020JG005891",9.49,138.088,0,-34,NA,-151,NA,"lake sediment"
"obs_0639","Ladd 2021 compilation (Ladd, Maloney et al (UW))","ETH Zurich: doi:10.3929/ethz-b-000412154","GuSasa, Tropical Pacific","10.1029/2020JG005891",13.44,144.683,0,-29,NA,-145,NA,"lake sediment"
"obs_0640","Ladd 2021 compilation (Leider et al., 2013)","ETH Zurich: doi:10.3929/ethz-b-000412154","Lago Alimini Grande, Europe","10.1016/j.gca.2013.04.018",40.2,18.45,719,-47,2,-159,NA,"lake sediment"
"obs_0641","Ladd 2021 compilation (Leider et al., 2013)","ETH Zurich: doi:10.3929/ethz-b-000412154","Lago Bomba, Europe","10.1016/j.gca.2013.04.018",42.01,14.36,731,-45,1,-156,NA,"lake sediment"
"obs_0642","Ladd 2021 compilation (Li et al., 2019)","ETH Zurich: doi:10.3929/ethz-b-000412154","S1, Asia","10.1016/j.orggeochem.2019.04.009",22.57,114.23,197,-43,NA,-173.5,NA,"lake sediment"
"obs_0643","Ladd 2021 compilation (Li et al., 2019)","ETH Zurich: doi:10.3929/ethz-b-000412154","S2, Asia","10.1016/j.orggeochem.2019.04.009",23.27,114.03,600,-50,NA,-179.3,NA,"lake sediment"
"obs_0644","Ladd 2021 compilation (Li et al., 2019)","ETH Zurich: doi:10.3929/ethz-b-000412154","S3, Asia","10.1016/j.orggeochem.2019.04.009",23.3,113.46,451,-47,NA,-169.9,NA,"lake sediment"
"obs_0645","Ladd 2021 compilation (Li et al., 2019)","ETH Zurich: doi:10.3929/ethz-b-000412154","S4, Asia","10.1016/j.orggeochem.2019.04.009",23.63,113.87,531,-48,NA,-171,NA,"lake sediment"
"obs_0646","Ladd 2021 compilation (Li et al., 2019)","ETH Zurich: doi:10.3929/ethz-b-000412154","S5, Asia","10.1016/j.orggeochem.2019.04.009",24.28,113.55,164,-43,NA,-169,NA,"lake sediment"
"obs_0647","Ladd 2021 compilation (Li et al., 2019)","ETH Zurich: doi:10.3929/ethz-b-000412154","S6, Asia","10.1016/j.orggeochem.2019.04.009",24.6,113.65,137,-42,NA,-170.3,NA,"lake sediment"
"obs_0648","Ladd 2021 compilation (Li et al., 2019)","ETH Zurich: doi:10.3929/ethz-b-000412154","S7, Asia","10.1016/j.orggeochem.2019.04.009",25.1,113.52,302,-44,NA,-170.6,NA,"lake sediment"
"obs_0649","Ladd 2021 compilation (Li et al., 2019)","ETH Zurich: doi:10.3929/ethz-b-000412154","S8, Asia","10.1016/j.orggeochem.2019.04.009",25.29,112.99,186,-41,NA,-170.3,NA,"lake sediment"
"obs_0650","Ladd 2021 compilation (Li et al., 2019)","ETH Zurich: doi:10.3929/ethz-b-000412154","S9, Asia","10.1016/j.orggeochem.2019.04.009",25.64,113.04,280,-41,NA,-170.6,NA,"lake sediment"
"obs_0651","Ladd 2021 compilation (Li et al., 2019)","ETH Zurich: doi:10.3929/ethz-b-000412154","S10, Asia","10.1016/j.orggeochem.2019.04.009",26.81,112.58,80,-33,NA,-169,NA,"lake sediment"
"obs_0652","Ladd 2021 compilation (Li et al., 2019)","ETH Zurich: doi:10.3929/ethz-b-000412154","S11, Asia","10.1016/j.orggeochem.2019.04.009",27.11,112.1,165,-35,NA,-164.7,NA,"lake sediment"
"obs_0653","Ladd 2021 compilation (Li et al., 2019)","ETH Zurich: doi:10.3929/ethz-b-000412154","SE02, Asia","10.1016/j.orggeochem.2019.04.009",27.83,117.73,1337,-63,NA,-205.6,NA,"lake sediment"
"obs_0654","Ladd 2021 compilation (Li et al., 2019)","ETH Zurich: doi:10.3929/ethz-b-000412154","SE04, Asia","10.1016/j.orggeochem.2019.04.009",27.84,117.76,1765,-69,NA,-211.9,NA,"lake sediment"
"obs_0655","Ladd 2021 compilation (Li et al., 2019)","ETH Zurich: doi:10.3929/ethz-b-000412154","SE01, Asia","10.1016/j.orggeochem.2019.04.009",27.88,117.74,749,-54,NA,-192,NA,"lake sediment"
"obs_0656","Ladd 2021 compilation (Li et al., 2019)","ETH Zurich: doi:10.3929/ethz-b-000412154","S12, Asia","10.1016/j.orggeochem.2019.04.009",31.05,110.92,1760,-71,NA,-196.3,NA,"lake sediment"
"obs_0657","Ladd 2021 compilation (Li et al., 2019)","ETH Zurich: doi:10.3929/ethz-b-000412154","S13, Asia","10.1016/j.orggeochem.2019.04.009",31.3,110.38,900,-57,NA,-174,NA,"lake sediment"
"obs_0658","Ladd 2021 compilation (Li et al., 2019)","ETH Zurich: doi:10.3929/ethz-b-000412154","S14, Asia","10.1016/j.orggeochem.2019.04.009",31.33,110.42,1400,-65,NA,-178.1,NA,"lake sediment"
"obs_0659","Ladd 2021 compilation (Li et al., 2019)","ETH Zurich: doi:10.3929/ethz-b-000412154","S15, Asia","10.1016/j.orggeochem.2019.04.009",31.47,110.38,1339,-64,NA,-180.1,NA,"lake sediment"
"obs_0660","Ladd 2021 compilation (Li et al., 2019)","ETH Zurich: doi:10.3929/ethz-b-000412154","X'A, Asia","10.1016/j.orggeochem.2019.04.009",34.3,108.61,588,-56,NA,-172.9,NA,"lake sediment"
"obs_0661","Ladd 2021 compilation (Li et al., 2019)","ETH Zurich: doi:10.3929/ethz-b-000412154","XY, Asia","10.1016/j.orggeochem.2019.04.009",34.94,113.38,222,-50,NA,-169.1,NA,"lake sediment"
"obs_0662","Ladd 2021 compilation (Li et al., 2019)","ETH Zurich: doi:10.3929/ethz-b-000412154","JYX, Asia","10.1016/j.orggeochem.2019.04.009",35.05,112.46,367,-53,NA,-170.4,NA,"lake sediment"
"obs_0663","Ladd 2021 compilation (Li et al., 2019)","ETH Zurich: doi:10.3929/ethz-b-000412154","TC, Asia","10.1016/j.orggeochem.2019.04.009",35.21,109,1222,-67,NA,-176.7,NA,"lake sediment"
"obs_0664","Ladd 2021 compilation (Li et al., 2019)","ETH Zurich: doi:10.3929/ethz-b-000412154","XF, Asia","10.1016/j.orggeochem.2019.04.009",35.84,111.44,455,-55,NA,-175.3,NA,"lake sediment"
"obs_0665","Ladd 2021 compilation (Li et al., 2019)","ETH Zurich: doi:10.3929/ethz-b-000412154","N02, Asia","10.1016/j.orggeochem.2019.04.009",35.89485,108.97625,622,-57,NA,-170.8,NA,"lake sediment"
"obs_0666","Ladd 2021 compilation (Li et al., 2019)","ETH Zurich: doi:10.3929/ethz-b-000412154","FX, Asia","10.1016/j.orggeochem.2019.04.009",35.96,109.73,1270,-68,NA,-161.3,NA,"lake sediment"
"obs_0667","Ladd 2021 compilation (Li et al., 2019)","ETH Zurich: doi:10.3929/ethz-b-000412154","HLS, Asia","10.1016/j.orggeochem.2019.04.009",36,110.15,897,-62,NA,-195.7,NA,"lake sediment"
"obs_0668","Ladd 2021 compilation (Li et al., 2019)","ETH Zurich: doi:10.3929/ethz-b-000412154","GLS, Asia","10.1016/j.orggeochem.2019.04.009",36.02,103.84,1999,-40,NA,-149,NA,"lake sediment"
"obs_0669","Ladd 2021 compilation (Li et al., 2019)","ETH Zurich: doi:10.3929/ethz-b-000412154","QY, Asia","10.1016/j.orggeochem.2019.04.009",36.08,107.82,1285,-66,NA,-178.8,NA,"lake sediment"
"obs_0670","Ladd 2021 compilation (Li et al., 2019)","ETH Zurich: doi:10.3929/ethz-b-000412154","ZWL, Asia","10.1016/j.orggeochem.2019.04.009",36.09,107.6,1148,-63,NA,-160,NA,"lake sediment"
"obs_0671","Ladd 2021 compilation (Li et al., 2019)","ETH Zurich: doi:10.3929/ethz-b-000412154","CZ, Asia","10.1016/j.orggeochem.2019.04.009",36.2,113.28,1028,-65,NA,-170.6,NA,"lake sediment"
"obs_0672","Ladd 2021 compilation (Li et al., 2019)","ETH Zurich: doi:10.3929/ethz-b-000412154","YA, Asia","10.1016/j.orggeochem.2019.04.009",36.37,109.56,1245,-67,NA,-166,NA,"lake sediment"
"obs_0673","Ladd 2021 compilation (Li et al., 2019)","ETH Zurich: doi:10.3929/ethz-b-000412154","JY, Asia","10.1016/j.orggeochem.2019.04.009",36.46,104.6,1720,-42,NA,-160,NA,"lake sediment"
"obs_0674","Ladd 2021 compilation (Li et al., 2019)","ETH Zurich: doi:10.3929/ethz-b-000412154","N03, Asia","10.1016/j.orggeochem.2019.04.009",36.57676667,109.4143667,1077,-63,NA,-173.9,NA,"lake sediment"
"obs_0675","Ladd 2021 compilation (Li et al., 2019)","ETH Zurich: doi:10.3929/ethz-b-000412154","JT, Asia","10.1016/j.orggeochem.2019.04.009",36.95,104.83,1743,-47,NA,-170,NA,"lake sediment"
"obs_0676","Ladd 2021 compilation (Li et al., 2019)","ETH Zurich: doi:10.3929/ethz-b-000412154","N04, Asia","10.1016/j.orggeochem.2019.04.009",37.29825,108.9454667,1427,-63,NA,-167.1,NA,"lake sediment"
"obs_0677","Ladd 2021 compilation (Li et al., 2019)","ETH Zurich: doi:10.3929/ethz-b-000412154","ZW3, Asia","10.1016/j.orggeochem.2019.04.009",37.36,104.1,1635,-43,NA,-152.1,NA,"lake sediment"
"obs_0678","Ladd 2021 compilation (Li et al., 2019)","ETH Zurich: doi:10.3929/ethz-b-000412154","ZW2, Asia","10.1016/j.orggeochem.2019.04.009",37.52,103.64,1850,-60,NA,-153.8,NA,"lake sediment"
"obs_0679","Ladd 2021 compilation (Li et al., 2019)","ETH Zurich: doi:10.3929/ethz-b-000412154","ZW1, Asia","10.1016/j.orggeochem.2019.04.009",37.64,103.14,1745,-43,NA,-155.9,NA,"lake sediment"
"obs_0680","Ladd 2021 compilation (Li et al., 2019)","ETH Zurich: doi:10.3929/ethz-b-000412154","N05, Asia","10.1016/j.orggeochem.2019.04.009",38.37526667,109.69765,1117,-58,NA,-162.4,NA,"lake sediment"
"obs_0681","Ladd 2021 compilation (Li et al., 2019)","ETH Zurich: doi:10.3929/ethz-b-000412154","ALSM1, Asia","10.1016/j.orggeochem.2019.04.009",38.97,105.66,1464,-51,NA,-148.8,NA,"lake sediment"
"obs_0682","Ladd 2021 compilation (Li et al., 2019)","ETH Zurich: doi:10.3929/ethz-b-000412154","ALSYQ1, Asia","10.1016/j.orggeochem.2019.04.009",39.01,101.2,1789,-44,NA,-147.9,NA,"lake sediment"
"obs_0683","Ladd 2021 compilation (Li et al., 2019)","ETH Zurich: doi:10.3929/ethz-b-000412154","ZY2, Asia","10.1016/j.orggeochem.2019.04.009",39.09,100.07,1604,-41,NA,-140.9,NA,"lake sediment"
"obs_0684","Ladd 2021 compilation (Li et al., 2019)","ETH Zurich: doi:10.3929/ethz-b-000412154","ALSYQ7, Asia","10.1016/j.orggeochem.2019.04.009",39.21,102.62,1443,-41,NA,-129.5,NA,"lake sediment"
"obs_0685","Ladd 2021 compilation (Li et al., 2019)","ETH Zurich: doi:10.3929/ethz-b-000412154","JQ8, Asia","10.1016/j.orggeochem.2019.04.009",39.27,99.34,1683,-41,NA,-128.1,NA,"lake sediment"
"obs_0686","Ladd 2021 compilation (Li et al., 2019)","ETH Zurich: doi:10.3929/ethz-b-000412154","N07, Asia","10.1016/j.orggeochem.2019.04.009",39.27311667,106.7305333,1160,-48,NA,-149.4,NA,"lake sediment"
"obs_0687","Ladd 2021 compilation (Li et al., 2019)","ETH Zurich: doi:10.3929/ethz-b-000412154","N06, Asia","10.1016/j.orggeochem.2019.04.009",39.37438333,108.2947333,1390,-54,NA,-163.4,NA,"lake sediment"
"obs_0688","Ladd 2021 compilation (Li et al., 2019)","ETH Zurich: doi:10.3929/ethz-b-000412154","ALSM2, Asia","10.1016/j.orggeochem.2019.04.009",39.4,105.69,1174,-48,NA,-152,NA,"lake sediment"
"obs_0689","Ladd 2021 compilation (Li et al., 2019)","ETH Zurich: doi:10.3929/ethz-b-000412154","JQ1, Asia","10.1016/j.orggeochem.2019.04.009",39.81,97.99,1749,-38,NA,-147.2,NA,"lake sediment"
"obs_0690","Ladd 2021 compilation (Li et al., 2019)","ETH Zurich: doi:10.3929/ethz-b-000412154","ALS, Asia","10.1016/j.orggeochem.2019.04.009",40.3,107.6,1142,-52,NA,-160.1,NA,"lake sediment"
"obs_0691","Ladd 2021 compilation (Li et al., 2019)","ETH Zurich: doi:10.3929/ethz-b-000412154","SEQ, Asia","10.1016/j.orggeochem.2019.04.009",40.59,110.44,1068,-53,NA,-163.2,NA,"lake sediment"
"obs_0692","Ladd 2021 compilation (Li et al., 2019)","ETH Zurich: doi:10.3929/ethz-b-000412154","DK, Asia","10.1016/j.orggeochem.2019.04.009",40.8,107.5,1078,-53,NA,-148.5,NA,"lake sediment"
"obs_0693","Ladd 2021 compilation (Li et al., 2019)","ETH Zurich: doi:10.3929/ethz-b-000412154","LC, Asia","10.1016/j.orggeochem.2019.04.009",40.92,112.9,1549,-71,NA,-172.2,NA,"lake sediment"
"obs_0694","Ladd 2021 compilation (Lu et al., 2020)","ETH Zurich: doi:10.3929/ethz-b-000412154","CB-01, Asia","10.1016/j.orggeochem.2020.104015",42.05,127.684,882,-66,NA,-195,NA,"soil"
"obs_0695","Ladd 2021 compilation (Lu et al., 2020)","ETH Zurich: doi:10.3929/ethz-b-000412154","BYQ-05, Asia","10.1016/j.orggeochem.2020.104015",42.3,118.304,696,-71,NA,-191,NA,"soil"
"obs_0696","Ladd 2021 compilation (Lu et al., 2020)","ETH Zurich: doi:10.3929/ethz-b-000412154","JY-01, Asia","10.1016/j.orggeochem.2020.104015",42.373,126.859,601,-62,NA,-190,NA,"soil"
"obs_0697","Ladd 2021 compilation (Lu et al., 2020)","ETH Zurich: doi:10.3929/ethz-b-000412154","HN-01, Asia","10.1016/j.orggeochem.2020.104015",42.627,126.253,340,-58,NA,-192,NA,"soil"
"obs_0698","Ladd 2021 compilation (Lu et al., 2020)","ETH Zurich: doi:10.3929/ethz-b-000412154","HN-03, Asia","10.1016/j.orggeochem.2020.104015",42.636,126.253,344,-59,NA,-184,NA,"soil"
"obs_0699","Ladd 2021 compilation (Lu et al., 2020)","ETH Zurich: doi:10.3929/ethz-b-000412154","LY-02, Asia","10.1016/j.orggeochem.2020.104015",42.967,124.886,255,-58,NA,-192,NA,"soil"
"obs_0700","Ladd 2021 compilation (Lu et al., 2020)","ETH Zurich: doi:10.3929/ethz-b-000412154","LY-05, Asia","10.1016/j.orggeochem.2020.104015",43.092,124.728,301,-59,NA,-190,NA,"soil"
"obs_0701","Ladd 2021 compilation (Lu et al., 2020)","ETH Zurich: doi:10.3929/ethz-b-000412154","SP-01, Asia","10.1016/j.orggeochem.2020.104015",43.208,124.136,135,-57,NA,-179,NA,"soil"
"obs_0702","Ladd 2021 compilation (Lu et al., 2020)","ETH Zurich: doi:10.3929/ethz-b-000412154","SP-02, Asia","10.1016/j.orggeochem.2020.104015",43.209,124.136,136,-57,NA,-173,NA,"soil"
"obs_0703","Ladd 2021 compilation (Lu et al., 2020)","ETH Zurich: doi:10.3929/ethz-b-000412154","KQ-01, Asia","10.1016/j.orggeochem.2020.104015",43.241,117.377,1136,-80,NA,-177,NA,"soil"
"obs_0704","Ladd 2021 compilation (Lu et al., 2020)","ETH Zurich: doi:10.3929/ethz-b-000412154","KQ-05, Asia","10.1016/j.orggeochem.2020.104015",43.241,117.377,1137,-80,NA,-186,NA,"soil"
"obs_0705","Ladd 2021 compilation (Lu et al., 2020)","ETH Zurich: doi:10.3929/ethz-b-000412154","KQ-02, Asia","10.1016/j.orggeochem.2020.104015",43.241,117.378,1135,-80,NA,-192,NA,"soil"
"obs_0706","Ladd 2021 compilation (Lu et al., 2020)","ETH Zurich: doi:10.3929/ethz-b-000412154","BYQ-01, Asia","10.1016/j.orggeochem.2020.104015",43.299,118.302,691,-73,NA,-196,NA,"soil"
"obs_0707","Ladd 2021 compilation (Lu et al., 2020)","ETH Zurich: doi:10.3929/ethz-b-000412154","PS-02, Asia","10.1016/j.orggeochem.2020.104015",43.335,125.976,298,-60,NA,-190,NA,"soil"
"obs_0708","Ladd 2021 compilation (Lu et al., 2020)","ETH Zurich: doi:10.3929/ethz-b-000412154","TL-09, Asia","10.1016/j.orggeochem.2020.104015",43.547,121.709,208,-63,NA,-177,NA,"soil"
"obs_0709","Ladd 2021 compilation (Lu et al., 2020)","ETH Zurich: doi:10.3929/ethz-b-000412154","TL-07, Asia","10.1016/j.orggeochem.2020.104015",43.624,121.787,200,-63,NA,-171,NA,"soil"
"obs_0710","Ladd 2021 compilation (Lu et al., 2020)","ETH Zurich: doi:10.3929/ethz-b-000412154","TL-03, Asia","10.1016/j.orggeochem.2020.104015",43.624,121.786,198,-63,NA,-178,NA,"soil"
"obs_0711","Ladd 2021 compilation (Lu et al., 2020)","ETH Zurich: doi:10.3929/ethz-b-000412154","KL-04, Asia","10.1016/j.orggeochem.2020.104015",43.642,120.887,262,-66,NA,-184,NA,"soil"
"obs_0712","Ladd 2021 compilation (Lu et al., 2020)","ETH Zurich: doi:10.3929/ethz-b-000412154","KL-01, Asia","10.1016/j.orggeochem.2020.104015",43.647,120.94,259,-66,NA,-177,NA,"soil"
"obs_0713","Ladd 2021 compilation (Lu et al., 2020)","ETH Zurich: doi:10.3929/ethz-b-000412154","TL-01, Asia","10.1016/j.orggeochem.2020.104015",43.751,122.602,162,-61,NA,-176,NA,"soil"
"obs_0714","Ladd 2021 compilation (Lu et al., 2020)","ETH Zurich: doi:10.3929/ethz-b-000412154","AQ-01, Asia","10.1016/j.orggeochem.2020.104015",43.838,119.959,525,-71,NA,-202,NA,"soil"
"obs_0715","Ladd 2021 compilation (Lu et al., 2020)","ETH Zurich: doi:10.3929/ethz-b-000412154","AQ-02, Asia","10.1016/j.orggeochem.2020.104015",43.839,119.959,525,-71,NA,-172,NA,"soil"
"obs_0716","Ladd 2021 compilation (Lu et al., 2020)","ETH Zurich: doi:10.3929/ethz-b-000412154","AQ-03, Asia","10.1016/j.orggeochem.2020.104015",43.839,119.959,527,-71,NA,-185,NA,"soil"
"obs_0717","Ladd 2021 compilation (Lu et al., 2020)","ETH Zurich: doi:10.3929/ethz-b-000412154","AQ-05, Asia","10.1016/j.orggeochem.2020.104015",43.839,119.959,526,-71,NA,-212,NA,"soil"
"obs_0718","Ladd 2021 compilation (McFarlin et al., 2019)","ETH Zurich: doi:10.3929/ethz-b-000412154","PLK, North America","10.1016/j.quascirev.2019.105978",63.8,-51.19,76,-107,7,-206.1,NA,"lake sediment"
"obs_0719","Ladd 2021 compilation (McFarlin et al., 2019)","ETH Zurich: doi:10.3929/ethz-b-000412154","RTL5, North America","10.1016/j.quascirev.2019.105978",66.98,-50.92,65,-135,14,-250.6,NA,"lake sediment"
"obs_0720","Ladd 2021 compilation (McFarlin et al., 2019)","ETH Zurich: doi:10.3929/ethz-b-000412154","RTL2, North America","10.1016/j.quascirev.2019.105978",67.14,-50.08,449,-148,11,-224.3,NA,"lake sediment"
"obs_0721","Ladd 2021 compilation (Mugler et al 2008)","ETH Zurich: doi:10.3929/ethz-b-000412154","Tibet 4 (CJ), Asia","10.1016/j.orggeochem.2008.02.008",30.9,90.87,4718,-139,4,-255,NA,"lake sediment"
"obs_0722","Ladd 2021 compilation (Nelson et al., 2018)","ETH Zurich: doi:10.3929/ethz-b-000412154","Sarnen, Europe","10.1016/j.gca.2018.06.005",46.869,8.219,469,-66,NA,-143,NA,"lake sediment"
"obs_0723","Ladd 2021 compilation (Nelson et al., 2018)","ETH Zurich: doi:10.3929/ethz-b-000412154","Rot, Europe","10.1016/j.gca.2018.06.005",47.07,8.314,419,-65,2,-200,NA,"lake sediment"
"obs_0724","Ladd 2021 compilation (Nelson et al., 2018)","ETH Zurich: doi:10.3929/ethz-b-000412154","Soppen, Europe","10.1016/j.gca.2018.06.005",47.09,8.081,496,-68,1,-200.6,NA,"lake sediment"
"obs_0725","Ladd 2021 compilation (Nelson et al., 2018)","ETH Zurich: doi:10.3929/ethz-b-000412154","Mauen, Europe","10.1016/j.gca.2018.06.005",47.171,8.076,522,-67,1,-200.2,NA,"lake sediment"
"obs_0726","Ladd 2021 compilation (Nelson et al., 2018)","ETH Zurich: doi:10.3929/ethz-b-000412154","Baldegg, Europe","10.1016/j.gca.2018.06.005",47.2,8.26,463,-66,2,-199.7,NA,"lake sediment"
"obs_0727","Ladd 2021 compilation (Nelson et al., 2018)","ETH Zurich: doi:10.3929/ethz-b-000412154","Greifen, Europe","10.1016/j.gca.2018.06.005",47.354,8.672,439,-66,2,-193.2,NA,"lake sediment"
"obs_0728","Ladd 2021 compilation (Peterse et al., 2009)","ETH Zurich: doi:10.3929/ethz-b-000412154","Mt Kilimanjaro, Africa","10.5194/bg-6-2799-2009",-3,37,1727,-23,NA,-114,NA,"lake sediment"
"obs_0729","Ladd 2021 compilation (Peterse et al., 2009)","ETH Zurich: doi:10.3929/ethz-b-000412154","Mt Kilimanjaro, Africa","10.5194/bg-6-2799-2009",-3,37,2239,-30,NA,-136,NA,"lake sediment"
"obs_0730","Ladd 2021 compilation (Peterse et al., 2009)","ETH Zurich: doi:10.3929/ethz-b-000412154","Mt Kilimanjaro, Africa","10.5194/bg-6-2799-2009",-3,37,2124,-29,NA,-140,NA,"lake sediment"
"obs_0731","Ladd 2021 compilation (Peterse et al., 2009)","ETH Zurich: doi:10.3929/ethz-b-000412154","Mt Kilimanjaro, Africa","10.5194/bg-6-2799-2009",-3,37,2999,-41,NA,-144,NA,"lake sediment"
"obs_0732","Ladd 2021 compilation (Peterse et al., 2009)","ETH Zurich: doi:10.3929/ethz-b-000412154","Mt Kilimanjaro, Africa","10.5194/bg-6-2799-2009",-3,37,2764,-38,NA,-149,NA,"lake sediment"
"obs_0733","Ladd 2021 compilation (Peterse et al., 2009)","ETH Zurich: doi:10.3929/ethz-b-000412154","Mt Kilimanjaro, Africa","10.5194/bg-6-2799-2009",-3,37,2068,-28,NA,-152,NA,"lake sediment"
"obs_0734","Ladd 2021 compilation (Peterse et al., 2009)","ETH Zurich: doi:10.3929/ethz-b-000412154","Mt Kilimanjaro, Africa","10.5194/bg-6-2799-2009",-3,37,1967,-27,NA,-156,NA,"lake sediment"
"obs_0735","Ladd 2021 compilation (Polissar & Freeman, 2010)","ETH Zurich: doi:10.3929/ethz-b-000412154","Laguna Potosi, South America","10.1016/j.gca.2010.06.018",-19.64,-65.69,4640,-112,NA,-206,NA,"lake sediment"
"obs_0736","Ladd 2021 compilation (Polissar & Freeman, 2010)","ETH Zurich: doi:10.3929/ethz-b-000412154","Lago Taypi Chaka Kkota, South America","10.1016/j.gca.2010.06.018",-16.2,-68.35,4300,-105,NA,-228,NA,"lake sediment"
"obs_0737","Ladd 2021 compilation (Polissar & Freeman, 2010)","ETH Zurich: doi:10.3929/ethz-b-000412154","Laguna Los Lirios, South America","10.1016/j.gca.2010.06.018",8.31,-71.82,2305,-67,NA,-164,NA,"lake sediment"
"obs_0738","Ladd 2021 compilation (Polissar & Freeman, 2010)","ETH Zurich: doi:10.3929/ethz-b-000412154","Laguna de La Pata, South America","10.1016/j.gca.2010.06.018",8.65,-70.93,3980,-91,NA,-189,NA,"lake sediment"
"obs_0739","Ladd 2021 compilation (Polissar & Freeman, 2010)","ETH Zurich: doi:10.3929/ethz-b-000412154","Laguna Misteque, South America","10.1016/j.gca.2010.06.018",8.72,-70.88,3804,-88,12,-196,NA,"lake sediment"
"obs_0740","Ladd 2021 compilation (Polissar & Freeman, 2010)","ETH Zurich: doi:10.3929/ethz-b-000412154","Laguna Michurao Alto, South America","10.1016/j.gca.2010.06.018",8.73,-70.86,3738,-87,12,-188,NA,"lake sediment"
"obs_0741","Ladd 2021 compilation (Polissar & Freeman, 2010)","ETH Zurich: doi:10.3929/ethz-b-000412154","Laguna Royal ""D"", South America","10.1016/j.gca.2010.06.018",8.73,-70.87,3764,-87,12,-199,NA,"lake sediment"
"obs_0742","Ladd 2021 compilation (Polissar & Freeman, 2010)","ETH Zurich: doi:10.3929/ethz-b-000412154","Laguna Arenales Alta, South America","10.1016/j.gca.2010.06.018",8.73,-71.19,4005,-93,12,-186,NA,"lake sediment"
"obs_0743","Ladd 2021 compilation (Polissar & Freeman, 2010)","ETH Zurich: doi:10.3929/ethz-b-000412154","Laguna Negra, South America","10.1016/j.gca.2010.06.018",8.79,-70.81,3460,-82,NA,-177,NA,"lake sediment"
"obs_0744","Ladd 2021 compilation (Polissar & Freeman, 2010)","ETH Zurich: doi:10.3929/ethz-b-000412154","Laguna Mucubaji, South America","10.1016/j.gca.2010.06.018",8.8,-70.83,3570,-84,11,-192,NA,"lake sediment"
"obs_0745","Ladd 2021 compilation (Polissar & Freeman, 2010)","ETH Zurich: doi:10.3929/ethz-b-000412154","Laguna Grande delos Patos, South America","10.1016/j.gca.2010.06.018",8.81,-70.95,4190,-95,NA,-191,NA,"lake sediment"
"obs_0746","Ladd 2021 compilation (Polissar & Freeman, 2010)","ETH Zurich: doi:10.3929/ethz-b-000412154","Laguna La Cura, South America","10.1016/j.gca.2010.06.018",8.81,-70.95,4230,-95,14,-187,NA,"lake sediment"
"obs_0747","Ladd 2021 compilation (Polissar & Freeman, 2010)","ETH Zurich: doi:10.3929/ethz-b-000412154","Laguna Verdes Baja, South America","10.1016/j.gca.2010.06.018",8.86,-70.87,4170,-94,NA,-185,NA,"lake sediment"
"obs_0748","Ladd 2021 compilation (Polissar & Freeman, 2010)","ETH Zurich: doi:10.3929/ethz-b-000412154","Laguna Verdes Medio, South America","10.1016/j.gca.2010.06.018",8.86,-70.87,4192,-94,14,-180,NA,"lake sediment"
"obs_0749","Ladd 2021 compilation (Polissar & Freeman, 2010)","ETH Zurich: doi:10.3929/ethz-b-000412154","Laguna Zapatera, North America","10.1016/j.gca.2010.06.018",11.77,-85.85,32,-32,2,-159,NA,"lake sediment"
"obs_0750","Ladd 2021 compilation (Polissar & Freeman, 2010)","ETH Zurich: doi:10.3929/ethz-b-000412154","Owens Lake, North America","10.1016/j.gca.2010.06.018",36.49,-117.89,1147,-85,4,-191,NA,"lake sediment"
"obs_0751","Ladd 2021 compilation (Polissar & Freeman, 2010)","ETH Zurich: doi:10.3929/ethz-b-000412154","Lake Crowley, North America","10.1016/j.gca.2010.06.018",37.58,-118.73,2058,-103,NA,-238,NA,"lake sediment"
"obs_0752","Ladd 2021 compilation (Polissar & Freeman, 2010)","ETH Zurich: doi:10.3929/ethz-b-000412154","Mono Lake, North America","10.1016/j.gca.2010.06.018",37.94,-119.03,1899,-99,2,-194,NA,"lake sediment"
"obs_0753","Ladd 2021 compilation (Polissar & Freeman, 2010)","ETH Zurich: doi:10.3929/ethz-b-000412154","Emerald Lake, North America","10.1016/j.gca.2010.06.018",39.07,-111.49,3093,-120,NA,-204,NA,"lake sediment"
"obs_0754","Ladd 2021 compilation (Polissar & Freeman, 2010)","ETH Zurich: doi:10.3929/ethz-b-000412154","S. Grizzly Lake, North America","10.1016/j.gca.2010.06.018",39.69,-107.33,3239,-111,NA,-206,NA,"lake sediment"
"obs_0755","Ladd 2021 compilation (Polissar & Freeman, 2010)","ETH Zurich: doi:10.3929/ethz-b-000412154","Blue (Eagle) Lake, North America","10.1016/j.gca.2010.06.018",39.75,-106.76,2536,-98,NA,-208,NA,"lake sediment"
"obs_0756","Ladd 2021 compilation (Polissar & Freeman, 2010)","ETH Zurich: doi:10.3929/ethz-b-000412154","Bison Lake, North America","10.1016/j.gca.2010.06.018",39.76,-107.34,3276,-112,NA,-206,NA,"lake sediment"
"obs_0757","Ladd 2021 compilation (Polissar & Freeman, 2010)","ETH Zurich: doi:10.3929/ethz-b-000412154","Waddell Lake, North America","10.1016/j.gca.2010.06.018",48.43,-120.82,1500,-109,NA,-217,NA,"lake sediment"
"obs_0758","Ladd 2021 compilation (Polissar & Freeman, 2010)","ETH Zurich: doi:10.3929/ethz-b-000412154","Rainy Lake, North America","10.1016/j.gca.2010.06.018",48.5,-120.73,1460,-111,NA,-210,NA,"lake sediment"
"obs_0759","Ladd 2021 compilation (Polissar & Freeman, 2010)","ETH Zurich: doi:10.3929/ethz-b-000412154","Berdeen Lake, North America","10.1016/j.gca.2010.06.018",48.71,-121.47,1561,-105,6,-200,NA,"lake sediment"
"obs_0760","Ladd 2021 compilation (Sachse et al., 2004)","ETH Zurich: doi:10.3929/ethz-b-000412154","Lago Gradnde di Monticchio, Europe","10.1016/j.gca.2004.06.004",40.92,15.61,674,-48,NA,-180,NA,"lake sediment"
"obs_0761","Ladd 2021 compilation (Sachse et al., 2004)","ETH Zurich: doi:10.3929/ethz-b-000412154","Lago di Mezzano, Europe","10.1016/j.gca.2004.06.004",42.62,11.77,466,-41,NA,-167,NA,"lake sediment"
"obs_0762","Ladd 2021 compilation (Sachse et al., 2004)","ETH Zurich: doi:10.3929/ethz-b-000412154","Lago di Massachiucoli, Europe","10.1016/j.gca.2004.06.004",43.84,10.32,18,-36,NA,-159,NA,"lake sediment"
"obs_0763","Ladd 2021 compilation (Sachse et al., 2004)","ETH Zurich: doi:10.3929/ethz-b-000412154","Grystinge, Europe","10.1016/j.gca.2004.06.004",55.56,11.68,30,-65,NA,-201,NA,"lake sediment"
"obs_0764","Ladd 2021 compilation (Sachse et al., 2004)","ETH Zurich: doi:10.3929/ethz-b-000412154","Pääjärvi, Europe","10.1016/j.gca.2004.06.004",61.06,25.09,151,-88,NA,-205,NA,"lake sediment"
"obs_0765","Ladd 2021 compilation (Sachse et al., 2004)","ETH Zurich: doi:10.3929/ethz-b-000412154","Syrjänalunen, Europe","10.1016/j.gca.2004.06.004",61.18,25.13,156,-88,NA,-207,NA,"lake sediment"
"obs_0766","Ladd 2021 compilation (Sachse et al., 2004)","ETH Zurich: doi:10.3929/ethz-b-000412154","Kiuvajärvi, Europe","10.1016/j.gca.2004.06.004",61.84,24.27,149,-89,NA,-205,NA,"lake sediment"
"obs_0767","Ladd 2021 compilation (Sachse et al., 2004)","ETH Zurich: doi:10.3929/ethz-b-000412154","Tunturilampi, Europe","10.1016/j.gca.2004.06.004",67.35,27.17,293,-99,NA,-227,NA,"lake sediment"
"obs_0768","Ladd 2021 compilation (Sachse et al., 2004)","ETH Zurich: doi:10.3929/ethz-b-000412154","Hirviiänkurunlampi, Europe","10.1016/j.gca.2004.06.004",67.37,26.86,178,-98,NA,-215,NA,"lake sediment"
"obs_0769","Ladd 2021 compilation (Sachse et al., 2004)","ETH Zurich: doi:10.3929/ethz-b-000412154","Keitjoru, Europe","10.1016/j.gca.2004.06.004",68.67,21.51,428,-114,NA,-230,NA,"lake sediment"
"obs_0770","Ladd 2021 compilation (Sachse et al., 2004)","ETH Zurich: doi:10.3929/ethz-b-000412154","Oikojärvi, Europe","10.1016/j.gca.2004.06.004",68.84,21.17,463,-115,NA,-221,NA,"lake sediment"
"obs_0771","Ladd 2021 compilation (Schwab et al., 2015)","ETH Zurich: doi:10.3929/ethz-b-000412154","OSSA, Africa","10.1016/j.orggeochem.2014.09.007",3.77,10,17,-14,NA,-152,NA,"soil"
"obs_0772","Ladd 2021 compilation (Schwab et al., 2015)","ETH Zurich: doi:10.3929/ethz-b-000412154","DEBU, Africa","10.1016/j.orggeochem.2014.09.007",4.1,8.98,70,-14,NA,-166,NA,"soil"
"obs_0773","Ladd 2021 compilation (Schwab et al., 2015)","ETH Zurich: doi:10.3929/ethz-b-000412154","BARO, Africa","10.1016/j.orggeochem.2014.09.007",4.65,9.41,304,-17,NA,-148,NA,"soil"
"obs_0774","Ladd 2021 compilation (Schwab et al., 2015)","ETH Zurich: doi:10.3929/ethz-b-000412154","TIZO, Africa","10.1016/j.orggeochem.2014.09.007",7.25,13.58,1155,-27,NA,-170,NA,"soil"
"obs_0775","Ladd 2021 compilation (Schwab et al., 2015)","ETH Zurich: doi:10.3929/ethz-b-000412154","MAMG, Africa","10.1016/j.orggeochem.2014.09.007",8.39,13.71,322,-22,NA,-181,NA,"soil"
"obs_0776","Ladd 2021 compilation (Schwab et al., 2015)","ETH Zurich: doi:10.3929/ethz-b-000412154","RHUM, Africa","10.1016/j.orggeochem.2014.09.007",10.51,13.58,1028,-33,NA,-184,NA,"soil"
"obs_0777","Ladd 2021 compilation (Schwab et al., 2015)","ETH Zurich: doi:10.3929/ethz-b-000412154","MORA, Africa","10.1016/j.orggeochem.2014.09.007",11.05,14.15,438,-23,NA,-188,NA,"soil"
"obs_0778","Ladd 2021 compilation (Wang et al., 2017)","ETH Zurich: doi:10.3929/ethz-b-000412154","Tibetan plateau, Asia","10.1016/j.orggeochem.2017.01.006",31.4,96.4,3969,-113,NA,-240,NA,"lake sediment"
"obs_0779","Ladd 2021 compilation (Wu et al., 2019)","ETH Zurich: doi:10.3929/ethz-b-000412154","Wayquecha, South America","10.1016/j.palaeo.2018.11.005",-13.19255,-71.58795,3015,-116,NA,-203,NA,"lake sediment"
"obs_0780","Ladd 2021 compilation (Wu et al., 2019)","ETH Zurich: doi:10.3929/ethz-b-000412154","San Pedro, South America","10.1016/j.palaeo.2018.11.005",-13.049,-71.537,1500,-92,NA,-181,NA,"lake sediment"
"obs_0781","Ladd 2021 compilation (Wu et al., 2019)","ETH Zurich: doi:10.3929/ethz-b-000412154","Villa Carmne, South America","10.1016/j.palaeo.2018.11.005",-12.8961,-71.4183,614,-77,NA,-184,NA,"lake sediment"
"obs_0782","Ladd 2021 compilation (Wu et al., 2019)","ETH Zurich: doi:10.3929/ethz-b-000412154","Los Amigos, South America","10.1016/j.palaeo.2018.11.005",-12.5588,-70.0993,286,-63,NA,-173,NA,"lake sediment"
"obs_0783","Ladd 2021 compilation (van der Veen et al., 2020)","ETH Zurich: doi:10.3929/ethz-b-000412154","ARU11106SoA, Asia","10.1016/j.gca.2020.09.014",26.81,87.22,225,-36,NA,-148.4,NA,"lake sediment"
"obs_0784","Ladd 2021 compilation (van der Veen et al., 2020)","ETH Zurich: doi:10.3929/ethz-b-000412154","ARU11004So, Asia","10.1016/j.gca.2020.09.014",27.35,87.19,315,-37,NA,-115.7,NA,"lake sediment"
"obs_0785","Ladd 2021 compilation (van der Veen et al., 2020)","ETH Zurich: doi:10.3929/ethz-b-000412154","ARU11011So, Asia","10.1016/j.gca.2020.09.014",27.39,87.13,412,-38,NA,-128.2,NA,"lake sediment"
"obs_0786","Ladd 2021 compilation (van der Veen et al., 2020)","ETH Zurich: doi:10.3929/ethz-b-000412154","ARU11020So, Asia","10.1016/j.gca.2020.09.014",27.47,87.15,448,-39,NA,-147.2,NA,"lake sediment"
"obs_0787","Ladd 2021 compilation (van der Veen et al., 2020)","ETH Zurich: doi:10.3929/ethz-b-000412154","ARU11034SoA, Asia","10.1016/j.gca.2020.09.014",27.52,87.2,708,-43,NA,-159.3,NA,"lake sediment"
"obs_0788","Ladd 2021 compilation (van der Veen et al., 2020)","ETH Zurich: doi:10.3929/ethz-b-000412154","ARU12136So, Asia","10.1016/j.gca.2020.09.014",27.62,87.24,2006,-63,NA,-173.3,NA,"lake sediment"
"obs_0789","Ladd 2021 compilation (van der Veen et al., 2020)","ETH Zurich: doi:10.3929/ethz-b-000412154","ARU12037So, Asia","10.1016/j.gca.2020.09.014",27.67,87.36,1080,-49,NA,-173.5,NA,"lake sediment"
"obs_0790","Ladd 2021 compilation (van der Veen et al., 2020)","ETH Zurich: doi:10.3929/ethz-b-000412154","ARU12068So, Asia","10.1016/j.gca.2020.09.014",27.75,87.41,2091,-65,NA,-178.6,NA,"lake sediment"
"obs_0791","Ladd 2021 compilation (van der Veen et al., 2020)","ETH Zurich: doi:10.3929/ethz-b-000412154","ARU12090So, Asia","10.1016/j.gca.2020.09.014",27.81,87.42,2578,-73,NA,-182.6,NA,"lake sediment"
"obs_0792","Ladd 2021 compilation (van der Veen et al., 2020)","ETH Zurich: doi:10.3929/ethz-b-000412154","ARU12099So, Asia","10.1016/j.gca.2020.09.014",27.84,87.4,2196,-67,NA,-176.4,NA,"lake sediment"
"obs_0793","Ladd 2021 compilation (van der Veen et al., 2020)","ETH Zurich: doi:10.3929/ethz-b-000412154","J9, Asia","10.1016/j.gca.2020.09.014",28.31,84.3,2500,-81,NA,-179.4,NA,"lake sediment"
"obs_0794","Ladd 2021 compilation (van der Veen et al., 2020)","ETH Zurich: doi:10.3929/ethz-b-000412154","J11, Asia","10.1016/j.gca.2020.09.014",28.4,84.15,4000,-105,NA,-228.9,NA,"lake sediment"
"obs_0795","Ladd 2021 compilation (van der Veen et al., 2020)","ETH Zurich: doi:10.3929/ethz-b-000412154","J8, Asia","10.1016/j.gca.2020.09.014",28.4,84.26,3930,-104,NA,-209.4,NA,"lake sediment"
"obs_0796","Ladd 2021 compilation (van der Veen et al., 2020)","ETH Zurich: doi:10.3929/ethz-b-000412154","AK18, Asia","10.1016/j.gca.2020.09.014",30.1,79.44,1176,-56,NA,-157.2,NA,"lake sediment"
"obs_0797","Ladd 2021 compilation (van der Veen et al., 2020)","ETH Zurich: doi:10.3929/ethz-b-000412154","AK20, Asia","10.1016/j.gca.2020.09.014",30.14,79.37,1175,-56,NA,-166.9,NA,"lake sediment"
"obs_0798","Ladd 2021 compilation (van der Veen et al., 2020)","ETH Zurich: doi:10.3929/ethz-b-000412154","AK8, Asia","10.1016/j.gca.2020.09.014",30.24,78.86,635,-49,NA,-167.1,NA,"lake sediment"
"obs_0799","Ladd 2021 compilation (van der Veen et al., 2020)","ETH Zurich: doi:10.3929/ethz-b-000412154","AK22, Asia","10.1016/j.gca.2020.09.014",30.29,79.5,1635,-62,NA,-150.8,NA,"lake sediment"
"obs_0800","Ladd 2021 compilation (van der Veen et al., 2020)","ETH Zurich: doi:10.3929/ethz-b-000412154","AK25, Asia","10.1016/j.gca.2020.09.014",30.31,79.32,927,-51,NA,-127.1,NA,"lake sediment"
"obs_0801","Ladd 2021 compilation (van der Veen et al., 2020)","ETH Zurich: doi:10.3929/ethz-b-000412154","AK29, Asia","10.1016/j.gca.2020.09.014",30.62,79.82,2628,-76,NA,-173.2,NA,"lake sediment"
"obs_0802","Ladd 2021 compilation (van der Veen et al., 2020)","ETH Zurich: doi:10.3929/ethz-b-000412154","AK28, Asia","10.1016/j.gca.2020.09.014",30.69,79.89,2897,-80,NA,-228,NA,"lake sediment"
"obs_0803","Ladd 2021 compilation (van der Veen et al., 2020)","ETH Zurich: doi:10.3929/ethz-b-000412154","AK32/33, Asia","10.1016/j.gca.2020.09.014",30.77,79.49,3155,-83,NA,-175.9,NA,"lake sediment"
"obs_0804","Ladd 2021 compilation (van der Veen et al., 2020)","ETH Zurich: doi:10.3929/ethz-b-000412154","S5, Asia","10.1016/j.gca.2020.09.014",31.36,77.38,729,-47,NA,-140.8,NA,"lake sediment"
"obs_0805","Ladd 2021 compilation (van der Veen et al., 2020)","ETH Zurich: doi:10.3929/ethz-b-000412154","S127 sp1, Asia","10.1016/j.gca.2020.09.014",31.39,76.88,475,-43,NA,-147.4,NA,"lake sediment"
"obs_0806","Ladd 2021 compilation (van der Veen et al., 2020)","ETH Zurich: doi:10.3929/ethz-b-000412154","S9, Asia","10.1016/j.gca.2020.09.014",31.4,77.64,937,-50,NA,-157.6,NA,"lake sediment"
"obs_0807","Ladd 2021 compilation (van der Veen et al., 2020)","ETH Zurich: doi:10.3929/ethz-b-000412154","S55, Asia","10.1016/j.gca.2020.09.014",31.4,78.35,3120,-83,NA,-156.1,NA,"lake sediment"
"obs_0808","Ladd 2021 compilation (van der Veen et al., 2020)","ETH Zurich: doi:10.3929/ethz-b-000412154","S60, Asia","10.1016/j.gca.2020.09.014",31.43,78.28,2770,-78,NA,-174.6,NA,"lake sediment"
"obs_0809","Ladd 2021 compilation (van der Veen et al., 2020)","ETH Zurich: doi:10.3929/ethz-b-000412154","S14, Asia","10.1016/j.gca.2020.09.014",31.45,77.55,1170,-54,NA,-179,NA,"lake sediment"
"obs_0810","Ladd 2021 compilation (van der Veen et al., 2020)","ETH Zurich: doi:10.3929/ethz-b-000412154","S26, Asia","10.1016/j.gca.2020.09.014",31.51,77.76,1238,-55,NA,-140.6,NA,"lake sediment"
"obs_0811","Ladd 2021 compilation (van der Veen et al., 2020)","ETH Zurich: doi:10.3929/ethz-b-000412154","S22, Asia","10.1016/j.gca.2020.09.014",31.52,77.7,1228,-55,NA,-163.8,NA,"lake sediment"
"obs_0812","Ladd 2021 compilation (van der Veen et al., 2020)","ETH Zurich: doi:10.3929/ethz-b-000412154","S41, Asia","10.1016/j.gca.2020.09.014",31.55,77.91,1521,-59,NA,-157.2,NA,"lake sediment"
"obs_0813","Ladd et al. 2021","Manual extraction","Lake Hut, Grande Terre, New Caledonia","10.1029/2020JG005891",-22.2609,166.9526,NA,-15,NA,-161,2,"lake sediment"
"obs_0814","Ladd et al. 2021","Manual extraction","Emaotul Lake, Efate, Vanuatu","10.1029/2020JG005891",-17.7342,168.4151,NA,-36,NA,-152,9,"lake sediment"
"obs_0815","Ladd et al. 2021","Manual extraction","Otas Lake, Efate, Vanuatu","10.1029/2020JG005891",-17.6945,168.585,NA,-34,NA,-154,NA,"marine sediment"
"obs_0816","Ladd et al. 2021","Manual extraction","Onetahi Pond, Tetiaroa, French Polynesia","10.1029/2020JG005891",-17.0207,-149.5919,NA,-25,NA,-139,NA,"marine sediment"
"obs_0817","Ladd et al. 2021","Manual extraction","Nopovois Pond, Espiritu Santo, Vanuatu","10.1029/2020JG005891",-15.497,166.7357,NA,-40,NA,-154,NA,"lake sediment"
"obs_0818","Ladd et al. 2021","Manual extraction","Vesalea Pond, Espiritu Santo, Vanuatu","10.1029/2020JG005891",-15.1589,166.6549,NA,-40,NA,-157,NA,"lake sediment"
"obs_0819","Ladd et al. 2021","Manual extraction","White Lake, Thion, Vanuatu","10.1029/2020JG005891",-15.041,167.0892,NA,-35,NA,-174,NA,"marine sediment"
"obs_0820","Ladd et al. 2021","Manual extraction","Lake Lanoto'o, Upolu, Samoa","10.1029/2020JG005891",-13.9109,-171.8274,NA,-34,NA,-159,NA,"lake sediment"
"obs_0821","Ladd et al. 2021","Manual extraction","Lake Tavara, Tetepare, Solomon Islands","10.1029/2020JG005891",-8.7029,157.4503,NA,-46,NA,-162,NA,"marine sediment"
"obs_0822","Ladd et al. 2021","Manual extraction","Sapwalap Swamp, Pohnpei, Micronesia","10.1029/2020JG005891",6.88,158.3,0,-33,NA,-150,5,"lake sediment"
"obs_0823","Ladd et al. 2021","Manual extraction","Tol Swamp, Chuuk, Micronesia","10.1029/2020JG005891",7.35,150.6,NA,-32,NA,-153,5,"marine sediment"
"obs_0824","Leider et al., 2013","Liu","Porto Cesareo","10.1016/j.gca.2013.04.018",40.24,17.91,0,-33,NA,-134,NA,"lake sediment"
"obs_0825","Leider et al., 2013","Liu","Cervaro river","10.1016/j.gca.2013.04.018",41.57,15.89,0,-35,NA,-175,NA,"lake sediment"
"obs_0826","Leider et al., 2013","Liu","Manfredonia Lido","10.1016/j.gca.2013.04.018",41.62,15.9,0,-35,NA,-159,NA,"lake sediment"
"obs_0827","Leider et al., 2013","Liu","Vomano river","10.1016/j.gca.2013.04.018",42.65,13.99,15,-38,NA,-152,NA,"lake sediment"
"obs_0828","Leider et al., 2013","Liu","Potenza river","10.1016/j.gca.2013.04.018",43.42,13.65,0,-39,NA,-164,NA,"lake sediment"
"obs_0829","Leider et al., 2013","Liu","Foflia river","10.1016/j.gca.2013.04.018",43.87,12.81,25,-41,NA,-167,NA,"lake sediment"
"obs_0830","Leider et al., 2013","Liu","Reno river","10.1016/j.gca.2013.04.018",44.55,12.14,2,-42,NA,-172,NA,"lake sediment"
"obs_0831","Leider et al., 2013","Liu","Po di Goro","10.1016/j.gca.2013.04.018",44.84,12.34,0,-43,NA,-182,NA,"lake sediment"
"obs_0832","Leider et al., 2013","Liu","Po della Donzella","10.1016/j.gca.2013.04.018",44.84,12.38,0,-43,NA,-170,NA,"lake sediment"
"obs_0833","Li et al., 2019","Ladd","N01","10.1016/j.orggeochem.2019.04.009",35.87908333,109.4126667,1106,-63.78562589,NA,-191.199,NA,"soil"
"obs_0834","Lu et al., 2020","Ladd","CB-50","10.1016/j.orggeochem.2020.104015",42.05,127.685,882,-66.60176672,NA,-190,NA,"soil"
"obs_0835","Lu et al., 2020","Ladd","FS-01","10.1016/j.orggeochem.2020.104015",42.228,127.403,701,-63.8964936,NA,-196,NA,"soil"
"obs_0836","Lu et al., 2020","Ladd","JY-04","10.1016/j.orggeochem.2020.104015",42.418,126.676,592,-62.62232344,NA,-194,NA,"soil"
"obs_0837","Lu et al., 2020","Ladd","ET-02","10.1016/j.orggeochem.2020.104015",43.64,112.298,969,-67.25821614,NA,-177,NA,"soil"
"obs_0838","Lu et al., 2020","Ladd","XM-02","10.1016/j.orggeochem.2020.104015",43.676,116.643,1181,-80.46404627,NA,-188,NA,"soil"
"obs_0839","Lu et al., 2020","Ladd","SNQ-01","10.1016/j.orggeochem.2020.104015",43.843,113.789,1162,-74.60947591,NA,-183,NA,"soil"
"obs_0840","Lu et al., 2020","Ladd","ABQ-05","10.1016/j.orggeochem.2020.104015",43.989,114.843,1122,-77.6292877,NA,-172,NA,"soil"
"obs_0841","McFarlin et al 2019","McFarlin","TUP","10.1016/j.quascirev.2019.105978",60.38,-44.3,145,-89,2,-215,3.8,"lake sediment"
"obs_0842","McFarlin et al 2019","McFarlin","T3","10.1016/j.quascirev.2019.105978",63.75,-51.35,30,-106,7,-215.5,3.9,"lake sediment"
"obs_0843","McFarlin et al 2019","McFarlin","RTL4","10.1016/j.quascirev.2019.105978",67.01,-50.67,112,-137,13,-254.9,3.8,"lake sediment"
"obs_0844","McFarlin et al. 2019","Manual extraction","LNR, Narsaq area, Greenland","10.1016/j.quascirev.2019.105978",60.38,-44.3,NA,NA,NA,-203,6,"lake sediment"
"obs_0845","McFarlin et al. 2019","Manual extraction","SCP, Narsaq area, Greenland","10.1016/j.quascirev.2019.105978",60.38,-44.3,NA,NA,NA,-211,4,"lake sediment"
"obs_0846","McFarlin et al. 2019","Manual extraction","PLK, Narsaq area, Greenland","10.1016/j.quascirev.2019.105978",60.38,-44.3,NA,NA,NA,-206,4,"lake sediment"
"obs_0847","McFarlin et al. 2019","NOAA WDS Paleoclimatology: study 27790","PIN, Narsaq area, Greenland","10.1016/j.quascirev.2019.105978",60.7,-45.1,480,-96,2,-216,6,"lake sediment"
"obs_0848","McFarlin et al. 2019","NOAA WDS Paleoclimatology: study 27790","SCP, Narsaq area, Greenland","10.1016/j.quascirev.2019.105978",60.7,-45.42,475,-96,2,-211,4,"lake sediment"
"obs_0849","McFarlin et al. 2019","NOAA WDS Paleoclimatology: study 27790","TUP, Narsaq area, Greenland","10.1016/j.quascirev.2019.105978",60.87,-45.72,NA,NA,NA,-215,4,"lake sediment"
"obs_0850","McFarlin et al. 2019","NOAA WDS Paleoclimatology: study 27790","PLK, Narsaq area, Greenland","10.1016/j.quascirev.2019.105978",60.87,-45.72,NA,NA,NA,-206,4,"lake sediment"
"obs_0851","McFarlin et al. 2019","NOAA WDS Paleoclimatology: study 27790","LNR, Narsaq area, Greenland","10.1016/j.quascirev.2019.105978",60.87,-45.72,751,-101,3,-203,6,"lake sediment"
"obs_0852","McFarlin et al. 2019","NOAA WDS Paleoclimatology: study 27790","NAR, Narsaq area, Greenland","10.1016/j.quascirev.2019.105978",60.87,-45.72,766,-101,3,-210,4,"lake sediment"
"obs_0853","McFarlin et al. 2019","NOAA WDS Paleoclimatology: study 27790","T1, Nuuk area, Greenland","10.1016/j.quascirev.2019.105978",63.76,-51.36,75,-107,7,-203,4,"lake sediment"
"obs_0854","McFarlin et al. 2019","NOAA WDS Paleoclimatology: study 27790","T2, Nuuk area, Greenland","10.1016/j.quascirev.2019.105978",63.76,-51.37,57,-106,7,-218,4,"lake sediment"
"obs_0855","McFarlin et al. 2019","Manual extraction","T1, Nuuk area, Greenland","10.1016/j.quascirev.2019.105978",64,-51.5,NA,NA,NA,-203,4,"lake sediment"
"obs_0856","McFarlin et al. 2019","Manual extraction","T2, Nuuk area, Greenland","10.1016/j.quascirev.2019.105978",64,-51.5,NA,NA,NA,-218,4,"lake sediment"
"obs_0857","McFarlin et al. 2019","Manual extraction","RTL3, Kangerlussuaq, Greenland","10.1016/j.quascirev.2019.105978",67,-51,NA,NA,NA,-232,6,"lake sediment"
"obs_0858","McFarlin et al. 2019","Manual extraction","RTL2, Kangerlussuaq, Greenland","10.1016/j.quascirev.2019.105978",67,-51,NA,NA,NA,-224,6,"lake sediment"
"obs_0859","McFarlin et al. 2019","Manual extraction","LSL, Kangerlussuaq, Greenland","10.1016/j.quascirev.2019.105978",67,-51,NA,NA,NA,-237,5,"lake sediment"
"obs_0860","McFarlin et al. 2019","Manual extraction","SHL, Kangerlussuaq, Greenland","10.1016/j.quascirev.2019.105978",67,-51,NA,NA,NA,-251,4,"lake sediment"
"obs_0861","McFarlin et al. 2019","Manual extraction","USHL, Kangerlussuaq, Greenland","10.1016/j.quascirev.2019.105978",67,-51,NA,NA,NA,-257,4,"lake sediment"
"obs_0862","McFarlin et al. 2019","Manual extraction","RTL1, Kangerlussuaq, Greenland","10.1016/j.quascirev.2019.105978",67,-51,NA,NA,NA,-240,4,"lake sediment"
"obs_0863","McFarlin et al. 2019","Manual extraction","SEC, Kangerlussuaq, Greenland","10.1016/j.quascirev.2019.105978",67,-51,NA,NA,NA,-246,4,"lake sediment"
"obs_0864","McFarlin et al. 2019","NOAA WDS Paleoclimatology: study 27790","LSL, Kangerlussuaq, Greenland","10.1016/j.quascirev.2019.105978",67.05,-50.52,124,-139,13,-237,5,"lake sediment"
"obs_0865","McFarlin et al. 2019","NOAA WDS Paleoclimatology: study 27790","RTL3, Kangerlussuaq, Greenland","10.1016/j.quascirev.2019.105978",67.06,-50.45,170,-140,13,-232,6,"lake sediment"
"obs_0866","McFarlin et al. 2019","NOAA WDS Paleoclimatology: study 27790","RTL1, Kangerlussuaq, Greenland","10.1016/j.quascirev.2019.105978",67.15,-50.08,443,-148,11,-240,4,"lake sediment"
"obs_0867","McFarlin et al. 2019","NOAA WDS Paleoclimatology: study 27790","SHL, Kangerlussuaq, Greenland","10.1016/j.quascirev.2019.105978",67.15,-50.13,335,-146,11,-251,4,"lake sediment"
"obs_0868","McFarlin et al. 2019","NOAA WDS Paleoclimatology: study 27790","USHL, Kangerlussuaq, Greenland","10.1016/j.quascirev.2019.105978",67.15,-50.13,340,-147,11,-257,4,"lake sediment"
"obs_0869","McFarlin et al. 2019","NOAA WDS Paleoclimatology: study 27790","SEC, Kangerlussuaq area, Greenland","10.1016/j.quascirev.2019.105978",76.58,-68.66,248,-181,1,-246,4,"lake sediment"
"obs_0870","McFarlin et al. 2019","NOAA WDS Paleoclimatology: study 27790","Sioraq (STR), Thule area, Greenland","10.1016/j.quascirev.2019.105978",76.67,-67.94,224,-181,1,-248,6,"lake sediment"
"obs_0871","McFarlin et al. 2019","NOAA WDS Paleoclimatology: study 27790","NS1, Thule area, Greenland","10.1016/j.quascirev.2019.105978",76.82,-67.05,455,-186,2,-235,4,"lake sediment"
"obs_0872","McFarlin et al. 2019","Manual extraction","WLL (Wax Lips Lake), Thule, Greenland","10.1016/j.quascirev.2019.105978",76.85,-68.66,NA,NA,NA,-264,7,"lake sediment"
"obs_0873","McFarlin et al. 2019","Manual extraction","STR, Thule area, Greenland","10.1016/j.quascirev.2019.105978",76.85,-68.66,NA,NA,NA,-248,6,"lake sediment"
"obs_0874","McFarlin et al. 2019","NOAA WDS Paleoclimatology: study 27790","Wax Lips Lake (WLL), Thule area, Greenland","10.1016/j.quascirev.2019.105978",76.85,-66.96,517,-187,2,-264,7,"lake sediment"
"obs_0875","Mugler et al 2008","McFarlin","Tibet_ave (NC)","10.1016/j.orggeochem.2008.02.008",30.64,90.6,4718,-139,4,-246,36.4,"lake sediment"
"obs_0876","Mugler et al 2008","McFarlin","HZM","10.1016/j.orggeochem.2008.02.008",50.12,6.88,425,-56,2,-198,1,"lake sediment"
"obs_0877","Pautler et al., 2014","Liu","Kluane Lake","10.1016/j.palaeo.2014.03.038",61.15,-138.45,748,-164,NA,-259,NA,"soil"
"obs_0878","Pautler et al., 2014","Liu","Kluane Lake","10.1016/j.palaeo.2014.03.038",61.15,-138.45,748,-164,NA,-241,NA,"soil"
"obs_0879","Pautler et al., 2014","Liu","Christie Mine, Dominion Creek","10.1016/j.palaeo.2014.03.038",63.65,-138.63,581,-163,NA,-285,NA,"soil"
"obs_0880","Pautler et al., 2014","Liu","Christie Mine, Dominion Creek","10.1016/j.palaeo.2014.03.038",63.65,-138.63,581,-163,NA,-269,NA,"soil"
"obs_0881","Pautler et al., 2014","Liu","Christie Mine, Dominion Creek","10.1016/j.palaeo.2014.03.038",63.65,-138.63,581,-163,NA,-274,NA,"soil"
"obs_0882","Pautler et al., 2014","Liu","Tatlow Camp, Quartz Creek","10.1016/j.palaeo.2014.03.038",63.82,-139.02,581,-163,NA,-259,NA,"soil"
"obs_0883","Pautler et al., 2014","Liu","Tatlow Camp, Quartz Creek","10.1016/j.palaeo.2014.03.038",63.82,-139.02,581,-163,NA,-278,NA,"soil"
"obs_0884","Pautler et al., 2014","Liu","Tatlow Camp, Quartz Creek","10.1016/j.palaeo.2014.03.038",63.82,-139.02,581,-163,NA,-274,NA,"soil"
"obs_0885","Pautler et al., 2014","Liu","Tatlow Camp, Quartz Creek","10.1016/j.palaeo.2014.03.038",63.82,-139.02,582,-163,NA,-246,NA,"soil"
"obs_0886","Pautler et al., 2014","Liu","Tatlow Camp, Quartz Creek","10.1016/j.palaeo.2014.03.038",63.82,-139.02,582,-163,NA,-261,NA,"soil"
"obs_0887","Pautler et al., 2014","Liu","Tatlow Camp, Quartz Creek","10.1016/j.palaeo.2014.03.038",63.82,-139.02,582,-163,NA,-257,NA,"soil"
"obs_0888","Pautler et al., 2014","Liu","Tatlow Camp, Quartz Creek","10.1016/j.palaeo.2014.03.038",63.82,-139.02,582,-163,NA,-262,NA,"soil"
"obs_0889","Pautler et al., 2014","Liu","Tatlow Camp, Quartz Creek","10.1016/j.palaeo.2014.03.038",63.82,-139.02,582,-163,NA,-266,NA,"soil"
"obs_0890","Pautler et al., 2014","Liu","Tatlow Camp, Quartz Creek","10.1016/j.palaeo.2014.03.038",63.82,-139.02,582,-163,NA,-263,NA,"soil"
"obs_0891","Pautler et al., 2014","Liu","Tatlow Camp, Quartz Creek","10.1016/j.palaeo.2014.03.038",63.82,-139.02,582,-163,NA,-265,NA,"soil"
"obs_0892","Pautler et al., 2014","Liu","Tatlow Camp, Quartz Creek","10.1016/j.palaeo.2014.03.038",63.82,-139.02,582,-163,NA,-268,NA,"soil"
"obs_0893","Pautler et al., 2014","Liu","Tatlow Camp, Quartz Creek","10.1016/j.palaeo.2014.03.038",63.82,-139.02,581,-163,NA,-270,NA,"soil"
"obs_0894","Pautler et al., 2014","Liu","Goldbottom Creek","10.1016/j.palaeo.2014.03.038",63.93,-138.97,689,-165,NA,-279,NA,"soil"
"obs_0895","Pautler et al., 2014","Liu","Goldbottom Creek","10.1016/j.palaeo.2014.03.038",63.93,-138.97,689,-165,NA,-274,NA,"soil"
"obs_0896","Pautler et al., 2014","Liu","Goldbottom Creek","10.1016/j.palaeo.2014.03.038",63.93,-138.97,689,-165,NA,-266,NA,"soil"
"obs_0897","Polissar and Freeman 2010","McFarlin","Bear Meadows","10.1016/j.gca.2010.06.018",40.73,-77.76,552,-65,2,-191.3,NA,"lake sediment"
"obs_0898","Roy & Sanyal 2022","Roy & Sanyal 2022 Table 2","Gangetic floodplain, India","10.1016/j.quaint.2021.09.004",25,83,NA,-57,NA,-212.0381303,4.898454279,"soil"
"obs_0899","Roy & Sanyal 2022","Roy & Sanyal 2022 Table 2","Gangetic floodplain, India","10.1016/j.quaint.2021.09.004",25,83,NA,-57,NA,-150.5190408,6.961393129,"soil"
"obs_0900","Roy & Sanyal 2022","Roy & Sanyal 2022 Table 2","Gangetic floodplain, India","10.1016/j.quaint.2021.09.004",25,83,NA,-57,NA,-170.8170185,10.1505477545497,"soil"
"obs_0901","Sachse et al 2004","McFarlin","LPM","10.1016/j.gca.2004.06.004",40.93,15.61,685,-48,1,-169,2,"lake sediment"
"obs_0902","Seki et al., 2010","Liu","Hokkaido, Japan","10.1016/j.gca.2009.10.025",44.2,142.1,560,-60,NA,-198,NA,"lake sediment"
"obs_0903","Seki et al., 2010","Liu","Hokkaido, Japan","10.1016/j.gca.2009.10.025",44.2,142.1,560,-60,NA,-211,NA,"lake sediment"
"obs_0904","Seki et al., 2010","Liu","Hokkaido, Japan","10.1016/j.gca.2009.10.025",44.2,142.1,560,-60,NA,-212,NA,"lake sediment"
"obs_0905","Seki et al., 2010","Liu","Hokkaido, Japan","10.1016/j.gca.2009.10.025",44.2,142.1,560,-60,NA,-210,NA,"lake sediment"
"obs_0906","Seki et al., 2010","Liu","Hokkaido, Japan","10.1016/j.gca.2009.10.025",44.2,142.1,560,-60,NA,-205,NA,"lake sediment"
"obs_0907","Seki et al., 2010","Liu","Hokkaido, Japan","10.1016/j.gca.2009.10.025",44.2,142.1,560,-60,NA,-186,NA,"lake sediment"
"obs_0908","Seki et al., 2010","Liu","Hokkaido, Japan","10.1016/j.gca.2009.10.025",44.2,142.1,560,-60,NA,-207,NA,"lake sediment"
"obs_0909","Seki et al., 2010","Liu","Hokkaido, Japan","10.1016/j.gca.2009.10.025",44.2,142.1,560,-60,NA,-216,NA,"lake sediment"
"obs_0910","Seki et al., 2010","Liu","Hokkaido, Japan","10.1016/j.gca.2009.10.025",44.2,142.1,560,-60,NA,-224,NA,"lake sediment"
"obs_0911","Seki et al., 2010","Liu","Hokkaido, Japan","10.1016/j.gca.2009.10.025",44.2,142.1,560,-60,NA,-218,NA,"lake sediment"
"obs_0912","Seki et al., 2010","Liu","Hokkaido, Japan","10.1016/j.gca.2009.10.025",44.2,142.1,560,-60,NA,-217,NA,"lake sediment"
"obs_0913","Seki et al., 2010","Liu","Hokkaido, Japan","10.1016/j.gca.2009.10.025",44.2,142.1,560,-60,NA,-225,NA,"lake sediment"
"obs_0914","Seki et al., 2010","Liu","Hokkaido, Japan","10.1016/j.gca.2009.10.025",44.2,142.1,560,-60,NA,-220,NA,"lake sediment"
"obs_0915","Seki et al., 2010","Liu","Hokkaido, Japan","10.1016/j.gca.2009.10.025",44.2,142.1,560,-60,NA,-221,NA,"lake sediment"
"obs_0916","Seki et al., 2010","Liu","Hokkaido, Japan","10.1016/j.gca.2009.10.025",44.2,142.1,560,-60,NA,-227,NA,"lake sediment"
"obs_0917","Seki et al., 2010","Liu","Hokkaido, Japan","10.1016/j.gca.2009.10.025",44.2,142.1,560,-60,NA,-244,NA,"lake sediment"
"obs_0918","Seki et al., 2010","Liu","Hokkaido, Japan","10.1016/j.gca.2009.10.025",44.2,142.1,560,-60,NA,-240,NA,"lake sediment"
"obs_0919","Seki et al., 2010","Liu","Hokkaido, Japan","10.1016/j.gca.2009.10.025",44.2,142.1,560,-60,NA,-219,NA,"lake sediment"
"obs_0920","Seki et al., 2010","Liu","Hokkaido, Japan","10.1016/j.gca.2009.10.025",44.2,142.1,560,-60,NA,-229,NA,"lake sediment"
"obs_0921","Seki et al., 2010","Liu","Hokkaido, Japan","10.1016/j.gca.2009.10.025",44.2,142.1,560,-60,NA,-195,NA,"lake sediment"
"obs_0922","Seki et al., 2010","Liu","Hokkaido, Japan","10.1016/j.gca.2009.10.025",44.2,142.1,560,-60,NA,-203,NA,"lake sediment"
"obs_0923","Seki et al., 2010","Liu","Hokkaido, Japan","10.1016/j.gca.2009.10.025",44.2,142.1,560,-60,NA,-208,NA,"lake sediment"
"obs_0924","Seki et al., 2010","Liu","Hokkaido, Japan","10.1016/j.gca.2009.10.025",44.2,142.1,560,-60,NA,-213,NA,"lake sediment"
"obs_0925","Seki et al., 2010","Liu","Hokkaido, Japan","10.1016/j.gca.2009.10.025",44.2,142.1,560,-60,NA,-222,NA,"lake sediment"
"obs_0926","Sisley & Wolhowe (2023)","Supplement Table S1 (soil)","Cascades transect, WA, Taylor Road and WA SR10","10.1016/j.orggeochem.2023.104572",47.2,-120.8,570,-89.2,NA,-206.2,1.8,"soil"
"obs_0927","Sisley & Wolhowe (2023)","Supplement Table S1 (soil)","Cascades transect, WA, Near Cannon Mine, Methow St, Wenatchee","10.1016/j.orggeochem.2023.104572",47.4,-120.3,390,-90.4,NA,-200.4,1.4,"soil"
"obs_0928","Sisley & Wolhowe (2023)","Supplement Table S1 (soil)","Cascades transect, WA, Rockaway Beach Park, Bainbridge Island","10.1016/j.orggeochem.2023.104572",47.6,-122.5,1,-67,NA,-208.3,3.3,"soil"
"obs_0929","Sisley & Wolhowe (2023)","Supplement Table S1 (soil)","Cascades transect, WA, Chiwawa River/Chiwawa Basin Trail","10.1016/j.orggeochem.2023.104572",48.1,-120.9,1467.4,-102.2,NA,-221.2,2.7,"soil"
"obs_0930","Sisley & Wolhowe (2023)","Supplement Table S1 (soil)","Cascades transect, WA, Suiattle River Road","10.1016/j.orggeochem.2023.104572",48.3,-121.3,349.2,-84.7,NA,-193,1.8,"soil"
"obs_0931","Sisley & Wolhowe (2023)","Supplement Table S1 (soil)","Cascades transect, WA, Leader Lake State Park","10.1016/j.orggeochem.2023.104572",48.4,-119.7,720.5,-102.4,NA,-230,3.1,"soil"
"obs_0932","Sisley & Wolhowe (2023)","Supplement Table S1 (soil)","Cascades transect, WA, Bowman Bay, Deception Pass State Park","10.1016/j.orggeochem.2023.104572",48.4,-122.7,12,-72,NA,-162.4,1.8,"soil"
"obs_0933","Sisley & Wolhowe (2023)","Supplement Table S1 (soil)","Cascades transect, WA, Thompson Ridge Road","10.1016/j.orggeochem.2023.104572",48.4,-120.3,1170,-104.9,NA,-221.3,1.2,"soil"
"obs_0934","Sisley & Wolhowe (2023)","Supplement Table S1 (soil)","Cascades transect, WA, FR 42 off Loup Loup Summit","10.1016/j.orggeochem.2023.104572",48.4,-119.9,1387,-110.4,NA,-249.9,1.5,"soil"
"obs_0935","Sisley & Wolhowe (2023)","Supplement Table S1 (soil)","Cascades transect, WA, Cascade Pass","10.1016/j.orggeochem.2023.104572",48.5,-121.1,1586.5,-106.5,NA,-202.6,2.3,"soil"
"obs_0936","Sisley & Wolhowe (2023)","Supplement Table S1 (soil)","Cascades transect, WA, Pacific Crest Trail Bridge Creek Trailhead","10.1016/j.orggeochem.2023.104572",48.5,-120.7,1400.7,-105.2,NA,-219.2,5.7,"soil"
"obs_0937","Sisley & Wolhowe (2023)","Supplement Table S1 (soil)","Cascades transect, WA, Cedar Creek Trail","10.1016/j.orggeochem.2023.104572",48.5,-120.5,1350,-106.4,NA,-258.8,1.1,"soil"
"obs_0938","Sisley & Wolhowe (2023)","Supplement Table S1 (soil)","Cascades transect, WA, Sauk Mountain Road","10.1016/j.orggeochem.2023.104572",48.5,-121.6,909,-94.4,NA,-222.8,3.7,"soil"
"obs_0939","Sisley & Wolhowe (2023)","Supplement Table S1 (soil)","Cascades transect, WA, Lookout Mountain Lookout Trail","10.1016/j.orggeochem.2023.104572",48.5,-121.3,1096,-94.1,NA,-208.4,5.5,"soil"
"obs_0940","Sisley & Wolhowe (2023)","Supplement Table S1 (soil)","Cascades transect, WA, Cutthroat Pass Trail","10.1016/j.orggeochem.2023.104572",48.5,-120.7,1688,-110.2,NA,-200.7,8.1,"soil"
"obs_0941","Sisley & Wolhowe (2023)","Supplement Table S1 (soil)","Cascades transect, WA, Eightmile Creek","10.1016/j.orggeochem.2023.104572",48.6,-120.2,885,-103.9,NA,-229.5,1,"soil"
"obs_0942","Sisley & Wolhowe (2023)","Supplement Table S1 (soil)","Cascades transect, WA, Squire's Lake Trail","10.1016/j.orggeochem.2023.104572",48.6,-122.4,163,-82.7,NA,-169.8,1.3,"soil"
"obs_0943","Sisley & Wolhowe (2023)","Supplement Table S1 (soil)","Cascades transect, WA, Hathaway Road (Prairie, WA)","10.1016/j.orggeochem.2023.104572",48.6,-122.2,174,-79.8,NA,-179.3,4.3,"soil"
"obs_0944","Sisley & Wolhowe (2023)","Supplement Table S1 (soil)","Cascades transect, WA, Medford/Scott Paper Road","10.1016/j.orggeochem.2023.104572",48.6,-122,533,-86.6,NA,-203,2.9,"soil"
"obs_0945","Sisley & Wolhowe (2023)","Supplement Table S1 (soil)","Cascades transect, WA, Easy Pass Trail","10.1016/j.orggeochem.2023.104572",48.6,-120.8,1522,-104.3,NA,-207.6,0,"soil"
"obs_0946","Sisley & Wolhowe (2023)","Supplement Table S1 (soil)","Cascades transect, WA, Goat Peak Road","10.1016/j.orggeochem.2023.104572",48.6,-120.4,1408,-108.4,NA,-256.9,0.7,"soil"
"obs_0947","Sisley & Wolhowe (2023)","Supplement Table S1 (soil)","Cascades transect, WA, Hagood Cutoff off Pine Creek Road","10.1016/j.orggeochem.2023.104572",48.6,-119.6,446,-102.7,NA,-204.1,1.3,"soil"
"obs_0948","Sisley & Wolhowe (2023)","Supplement Table S1 (soil)","Cascades transect, WA, South Fork Park, Deming","10.1016/j.orggeochem.2023.104572",48.7,-122.2,107.2,-79.9,NA,-210.5,2.9,"soil"
"obs_0949","Sisley & Wolhowe (2023)","Supplement Table S1 (soil)","Cascades transect, WA, FR 12 off Baker Lake Road, Elbow Lake Junction","10.1016/j.orggeochem.2023.104572",48.7,-121.8,895.7,-93.5,NA,-201.3,2.6,"soil"
"obs_0950","Sisley & Wolhowe (2023)","Supplement Table S1 (soil)","Cascades transect, WA, Shannon Creek Campground, N Baker Lake","10.1016/j.orggeochem.2023.104572",48.7,-121.6,240.6,-86.4,NA,-188.5,0.8,"soil"
"obs_0951","Sisley & Wolhowe (2023)","Supplement Table S1 (soil)","Cascades transect, WA, Salmon Meadows, Conconully","10.1016/j.orggeochem.2023.104572",48.7,-119.8,1354.1,-111.7,NA,-236.6,1.8,"soil"
"obs_0952","Sisley & Wolhowe (2023)","Supplement Table S1 (soil)","Cascades transect, WA, FR 12 off Baker Lake Road, Elbow Lake Junction","10.1016/j.orggeochem.2023.104572",48.7,-121.8,877,-93.5,NA,-196.6,1.3,"soil"
"obs_0953","Sisley & Wolhowe (2023)","Supplement Table S1 (soil)","Cascades transect, WA, FR 100 off Chewuch Road","10.1016/j.orggeochem.2023.104572",48.7,-120.2,1022,-106.1,NA,-231.5,3.2,"soil"
"obs_0954","Sisley & Wolhowe (2023)","Supplement Table S1 (soil)","Cascades transect, WA, Nugent's Corner River Access","10.1016/j.orggeochem.2023.104572",48.8,-122.3,75,-79.6,NA,-183.5,1.1,"soil"
"obs_0955","Sisley & Wolhowe (2023)","Supplement Table S1 (soil)","Cascades transect, WA, Heliotrope Ridge Trailhead","10.1016/j.orggeochem.2023.104572",48.8,-121.9,1118.1,-95.6,NA,-193.6,1,"soil"
"obs_0956","Sisley & Wolhowe (2023)","Supplement Table S1 (soil)","Cascades transect, WA, West Chewuch Rd b/n Andrews and Lake Creek","10.1016/j.orggeochem.2023.104572",48.8,-120.1,874,-106.8,NA,-207.8,2.1,"soil"
"obs_0957","Sisley & Wolhowe (2023)","Supplement Table S1 (soil)","Cascades transect, WA, Spectacle Lake","10.1016/j.orggeochem.2023.104572",48.8,-119.5,421,-105.3,NA,-232.9,3.7,"soil"
"obs_0958","Sisley & Wolhowe (2023)","Supplement Table S1 (soil)","Cascades transect, WA, Fancher Dam Road and Havillah Road","10.1016/j.orggeochem.2023.104572",48.8,-119.3,981.4,-111.7,NA,-224.9,1.9,"soil"
"obs_0959","Sisley & Wolhowe (2023)","Supplement Table S1 (soil)","Cascades transect, WA, Fancher Dam Road and Havillah Road","10.1016/j.orggeochem.2023.104572",48.8,-119.3,982,-111.7,NA,-257.3,1.2,"soil"
"obs_0960","Sisley & Wolhowe (2023)","Supplement Table S1 (soil)","Cascades transect, WA, Big Tree Trail, Bonaparte State Park","10.1016/j.orggeochem.2023.104572",48.9,-119,1156.4,-114.6,NA,-244.4,3,"soil"
"obs_0961","Stefanescu et al. 2023","Wyoming Data Repository doi:10.15786/20126483","T1L9 (T1L9)","10.1016/j.gca.2022.11.001",31.38868,-84.39601,54,-21,NA,-159,NA,"lake sediment"
"obs_0962","Stefanescu et al. 2023","Wyoming Data Repository doi:10.15786/20126483","Morgan (T2L11)","10.1016/j.gca.2022.11.001",31.66976,-81.81111,11,-21,NA,-136,NA,"lake sediment"
"obs_0963","Stefanescu et al. 2023","Wyoming Data Repository doi:10.15786/20126483","T1L8 (T1L8)","10.1016/j.gca.2022.11.001",32.34999,-86.20918,87,-23,NA,-162,NA,"lake sediment"
"obs_0964","Stefanescu et al. 2023","Wyoming Data Repository doi:10.15786/20126483","Turkey Hill (T2L12)","10.1016/j.gca.2022.11.001",33.55354,-80.84634,73,-26,NA,-158,NA,"lake sediment"
"obs_0965","Stefanescu et al. 2023","Wyoming Data Repository doi:10.15786/20126483","Lamar (T1L7)","10.1016/j.gca.2022.11.001",33.77759,-88.23522,110,-25,NA,-170,NA,"lake sediment"
"obs_0966","Stefanescu et al. 2023","Wyoming Data Repository doi:10.15786/20126483","Bear Creek (T1L6)","10.1016/j.gca.2022.11.001",34.71125,-90.69264,80,-29,NA,-153,NA,"lake sediment"
"obs_0967","Stefanescu et al. 2023","Wyoming Data Repository doi:10.15786/20126483","Wheatfield (T2L13)","10.1016/j.gca.2022.11.001",35.17073,-79.67573,169,-28,NA,-158,NA,"lake sediment"
"obs_0968","Stefanescu et al. 2023","Wyoming Data Repository doi:10.15786/20126483","Ferguson (T1L5)","10.1016/j.gca.2022.11.001",35.88266,-92.6309,473,-35,NA,-169,NA,"lake sediment"
"obs_0969","Stefanescu et al. 2023","Wyoming Data Repository doi:10.15786/20126483","Buffalo (T2L14)","10.1016/j.gca.2022.11.001",36.62386,-78.57864,12,-30,NA,-167,NA,"lake sediment"
"obs_0970","Stefanescu et al. 2023","Wyoming Data Repository doi:10.15786/20126483","Spring (T1L4)","10.1016/j.gca.2022.11.001",37.05976,-94.73146,245,-36,NA,-168,NA,"lake sediment"
"obs_0971","Stefanescu et al. 2023","Wyoming Data Repository doi:10.15786/20126483","T1L3 (T1L3)","10.1016/j.gca.2022.11.001",37.76569,-97.31961,405,-41,NA,-160,NA,"lake sediment"
"obs_0972","Stefanescu et al. 2023","Wyoming Data Repository doi:10.15786/20126483","Locust Shade (T2L15)","10.1016/j.gca.2022.11.001",38.53797,-77.34658,45,-38,NA,-173,NA,"lake sediment"
"obs_0973","Stefanescu et al. 2023","Wyoming Data Repository doi:10.15786/20126483","Antelope (T1L2)","10.1016/j.gca.2022.11.001",39.37553,-100.11211,725,-56,NA,-178,NA,"lake sediment"
"obs_0974","Stefanescu et al. 2023","Wyoming Data Repository doi:10.15786/20126483","Middle Creek (T2L16)","10.1016/j.gca.2022.11.001",40.27465,-76.23239,175,-49,NA,-175,NA,"lake sediment"
"obs_0975","Stefanescu et al. 2023","Wyoming Data Repository doi:10.15786/20126483","Overland (T1L1)","10.1016/j.gca.2022.11.001",40.621,-103.182,1200,-73,NA,-190,NA,"lake sediment"
"obs_0976","Stefanescu et al. 2023","Wyoming Data Repository doi:10.15786/20126483","Cody Pond (T3L29)","10.1016/j.gca.2022.11.001",41.15055,-100.75241,852,-65,NA,-165,NA,"lake sediment"
"obs_0977","Stefanescu et al. 2023","Wyoming Data Repository doi:10.15786/20126483","Norwalk (T2L24)","10.1016/j.gca.2022.11.001",41.23881,-82.58788,244,-52,NA,-189,NA,"lake sediment"
"obs_0978","Stefanescu et al. 2023","Wyoming Data Repository doi:10.15786/20126483","LaPrele Pond (T3L30)","10.1016/j.gca.2022.11.001",41.31952,-105.54942,2181,-98,NA,-224,NA,"lake sediment"
"obs_0979","Stefanescu et al. 2023","Wyoming Data Repository doi:10.15786/20126483","Libby Flats (LF15)","10.1016/j.gca.2022.11.001",41.32491,-106.28588,3192,-118,NA,-226,NA,"lake sediment"
"obs_0980","Stefanescu et al. 2023","Wyoming Data Repository doi:10.15786/20126483","Eagle (T2L25)","10.1016/j.gca.2022.11.001",41.43546,-85.57648,275,-47,NA,-164,NA,"lake sediment"
"obs_0981","Stefanescu et al. 2023","Wyoming Data Repository doi:10.15786/20126483","Cottonwood (T3L28)","10.1016/j.gca.2022.11.001",41.44972,-96.56627,370,-61,NA,-167,NA,"lake sediment"
"obs_0982","Stefanescu et al. 2023","Wyoming Data Repository doi:10.15786/20126483","Beaver Meadows (T2L23)","10.1016/j.gca.2022.11.001",41.52093,-79.11079,523,-65,NA,-175,NA,"lake sediment"
"obs_0983","Stefanescu et al. 2023","Wyoming Data Repository doi:10.15786/20126483","Mendota (T2L26)","10.1016/j.gca.2022.11.001",41.55853,-89.13097,235,-44,NA,-174,NA,"lake sediment"
"obs_0984","Stefanescu et al. 2023","Wyoming Data Repository doi:10.15786/20126483","Quarry Spring (T2L27)","10.1016/j.gca.2022.11.001",41.68668,-93.24137,241,-41,NA,-180,NA,"lake sediment"
"obs_0985","Stefanescu et al. 2023","Wyoming Data Repository doi:10.15786/20126483","T2L17 (T2L17)","10.1016/j.gca.2022.11.001",41.69247,-74.68755,479,-55,NA,-174,NA,"lake sediment"
"obs_0986","Stefanescu et al. 2023","Wyoming Data Repository doi:10.15786/20126483","Batterson (T2L21)","10.1016/j.gca.2022.11.001",41.71002,-72.78982,94,-49,NA,-187,NA,"lake sediment"
"obs_0987","Stefanescu et al. 2023","Wyoming Data Repository doi:10.15786/20126483","Blanding (T2L22)","10.1016/j.gca.2022.11.001",41.79835,-75.67582,454,-59,NA,-160,NA,"lake sediment"
"obs_0988","Stefanescu et al. 2023","Wyoming Data Repository doi:10.15786/20126483","Arms House (T2L20)","10.1016/j.gca.2022.11.001",41.95139,-70.6655,24,-46,NA,-191,NA,"lake sediment"
"obs_0989","Stefanescu et al. 2023","Wyoming Data Repository doi:10.15786/20126483","Carter’s Pond (T2L18)","10.1016/j.gca.2022.11.001",43.16463,-73.42084,151,-60,NA,-165,NA,"lake sediment"
"obs_0990","Stefanescu et al. 2023","Wyoming Data Repository doi:10.15786/20126483","Twin Ponds (T2L19)","10.1016/j.gca.2022.11.001",44.06117,-72.57968,410,-69,NA,-191,NA,"lake sediment"
"obs_0991","Struck et al. 2020","Struck et al. 2020 DataSheet1","Mongolia (site 41)","10.3389/feart.2020.00343",43.19,104.87,1453,-61,NA,-152.2,0.8,"soil"
"obs_0992","Struck et al. 2020","Struck et al. 2020 DataSheet1","Mongolia (site 42)","10.3389/feart.2020.00343",43.59,103.04,1443,-56,NA,-142.6,0.5,"soil"
"obs_0993","Struck et al. 2020","Struck et al. 2020 DataSheet1","Mongolia (site 40)","10.3389/feart.2020.00343",44.11,105.05,1358,-56,NA,-172.7,2.9,"soil"
"obs_0994","Struck et al. 2020","Struck et al. 2020 DataSheet1","Mongolia (site 39)","10.3389/feart.2020.00343",44.51,105.35,1314,-55,NA,-154.1,1.8,"soil"
"obs_0995","Struck et al. 2020","Struck et al. 2020 DataSheet1","Mongolia (site 37)","10.3389/feart.2020.00343",45.36,105.69,1342,-56,NA,-204.8,0.6,"soil"
"obs_0996","Struck et al. 2020","Struck et al. 2020 DataSheet1","Mongolia (site 36)","10.3389/feart.2020.00343",45.71,106.12,1406,-58,NA,-178.8,1.2,"soil"
"obs_0997","Struck et al. 2020","Struck et al. 2020 DataSheet1","Mongolia (site 35)","10.3389/feart.2020.00343",46.86,106.64,1376,-62,NA,-183.2,0.6,"soil"
"obs_0998","Struck et al. 2020","Struck et al. 2020 DataSheet1","Mongolia (site 34)","10.3389/feart.2020.00343",47.42,106.77,1611,-67,NA,-182.3,0.8,"soil"
"obs_0999","Struck et al. 2020","Struck et al. 2020 DataSheet1","Mongolia (site 30)","10.3389/feart.2020.00343",47.74,102.74,1366,-67,NA,-203.1,0.9,"soil"
"obs_1000","Struck et al. 2020","Struck et al. 2020 DataSheet1","Mongolia (site 31)","10.3389/feart.2020.00343",47.75,102.77,1337,-66,NA,-184.7,2.6,"soil"
"obs_1001","Struck et al. 2020","Struck et al. 2020 DataSheet1","Mongolia (site 29)","10.3389/feart.2020.00343",48.15,99.72,2065,-90,NA,-198.3,0.3,"soil"
"obs_1002","Struck et al. 2020","Struck et al. 2020 DataSheet1","Mongolia (site 28)","10.3389/feart.2020.00343",48.15,99.75,2054,-89,NA,-203.2,0.8,"soil"
"obs_1003","Struck et al. 2020","Struck et al. 2020 DataSheet1","Mongolia (site 27)","10.3389/feart.2020.00343",48.24,99.02,2235,-95,NA,-199.1,0.4,"soil"
"obs_1004","Struck et al. 2020","Struck et al. 2020 DataSheet1","Mongolia (site 26)","10.3389/feart.2020.00343",48.25,99.01,2284,-96,NA,-214.9,1.2,"soil"
"obs_1005","Struck et al. 2020","Struck et al. 2020 DataSheet1","Mongolia (site 23)","10.3389/feart.2020.00343",48.29,98.95,2528,-101,NA,-201.8,0,"soil"
"obs_1006","Struck et al. 2020","Struck et al. 2020 DataSheet1","Mongolia (site 22)","10.3389/feart.2020.00343",48.3,98.94,2441,-99,NA,-205,1.4,"soil"
"obs_1007","Struck et al. 2020","Struck et al. 2020 DataSheet1","Mongolia (site 21)","10.3389/feart.2020.00343",48.31,98.92,2343,-98,NA,-195.8,0.9,"soil"
"obs_1008","Struck et al. 2020","Struck et al. 2020 DataSheet1","Mongolia (site 17)","10.3389/feart.2020.00343",48.35,98.92,2133,-95,NA,-200.9,1.4,"soil"
"obs_1009","Struck et al. 2020","Struck et al. 2020 DataSheet1","Mongolia (site 16)","10.3389/feart.2020.00343",48.42,98.9,1948,-93,NA,-203.6,0.8,"soil"
"obs_1010","Struck et al. 2020","Struck et al. 2020 DataSheet1","Mongolia (site 2)","10.3389/feart.2020.00343",48.75,97.22,1952,-100,NA,-189.9,1.1,"soil"
"obs_1011","Struck et al. 2020","Struck et al. 2020 DataSheet1","Mongolia (site 1)","10.3389/feart.2020.00343",48.76,97.25,1895,-99,NA,-200.4,0.6,"soil"
"obs_1012","Struck et al. 2020","Struck et al. 2020 DataSheet1","Mongolia (site 12)","10.3389/feart.2020.00343",48.76,97.3,1942,-100,NA,-166.5,1.1,"soil"
"obs_1013","Struck et al. 2020","Struck et al. 2020 DataSheet1","Mongolia (site 3)","10.3389/feart.2020.00343",48.77,97.3,1859,-99,NA,-184.9,0.9,"soil"
"obs_1014","Struck et al. 2020","Struck et al. 2020 DataSheet1","Mongolia (site 4)","10.3389/feart.2020.00343",48.78,97.33,1799,-98,NA,-190.7,1.4,"soil"
"obs_1015","Struck et al. 2020","Struck et al. 2020 DataSheet1","Mongolia (site 6)","10.3389/feart.2020.00343",48.79,97.33,1797,-98,NA,-195.8,0.6,"soil"
"obs_1016","Struck et al. 2020","Struck et al. 2020 DataSheet1","Mongolia (site 10)","10.3389/feart.2020.00343",48.8,97.35,1841,-99,NA,-175.1,1.6,"soil"
"obs_1017","Struck et al. 2020","Struck et al. 2020 DataSheet1","Mongolia (site 9)","10.3389/feart.2020.00343",48.8,97.37,1852,-99,NA,-183,3,"soil"
"obs_1018","Struck et al., 2020","Ladd","UGC7","10.5194/bg-17-567-2020",47.75,102.8,1343,-81.31726361,NA,-186.1,0.6,"soil"
"obs_1019","Struck et al., 2020","Ladd","UGC3","10.5194/bg-17-567-2020",47.76,102.81,1333,-81.3180184,NA,-184.7,2.5,"soil"
"obs_1020","Struck et al., 2020","Ladd","T3","10.5194/bg-17-567-2020",48.26,98.99,2382,-107.1106057,NA,-203.3,1.3,"soil"
"obs_1021","Struck et al., 2020","Ladd","T4","10.5194/bg-17-567-2020",48.28,98.98,2475,-108.1100583,NA,-206.7,1.1,"soil"
"obs_1022","Struck et al., 2020","Ladd","T7b","10.5194/bg-17-567-2020",48.31,98.92,2343,-106.9573758,NA,-199.8,0.7,"soil"
"obs_1023","Struck et al., 2020","Ladd","TLC2","10.5194/bg-17-567-2020",48.79,97.3,1792,-101.6527473,NA,-189,0.6,"soil"
"obs_1024","Struck et al., 2020","Ladd","TLC1","10.5194/bg-17-567-2020",48.79,97.3,1796,-101.6527473,NA,-193.7,3.6,"soil"
"obs_1025","Struck et al., 2020","Ladd","TLC5","10.5194/bg-17-567-2020",48.79,97.34,1802,-101.8424994,NA,-190.7,1.1,"soil"
"obs_1026","Struck et al., 2020","Ladd","TLC9","10.5194/bg-17-567-2020",48.79,97.33,1811,-101.7950614,NA,-184.2,1.7,"soil"
"obs_1027","Struck et al., 2020","Ladd","TLC11","10.5194/bg-17-567-2020",48.79,97.34,1814,-101.8424994,NA,-193.5,2.5,"soil"
"obs_1028","Struck et al., 2020","Ladd","TLC8","10.5194/bg-17-567-2020",48.8,97.38,1808,-102.0363412,NA,-189,1,"soil"
"obs_1029","Vogts et al. 2016","PANGAEA: doi:10.1594/PANGAEA.859572","GeoB3701-1, off SW Africa","10.1016/j.orggeochem.2016.03.003",-27.9517,14.005,-1488,-18,NA,-123,2,"marine sediment"
"obs_1030","Vogts et al. 2016","PANGAEA: doi:10.1594/PANGAEA.859572","GeoB3705-3, off SW Africa","10.1016/j.orggeochem.2016.03.003",-24.3033,12.9967,-1308,-28,NA,-131,2,"marine sediment"
"obs_1031","Vogts et al. 2016","PANGAEA: doi:10.1594/PANGAEA.859572","GeoB3706-3, off SW Africa","10.1016/j.orggeochem.2016.03.003",-22.7167,12.6017,-1313,-26,NA,-130,2,"marine sediment"
"obs_1032","Vogts et al. 2016","PANGAEA: doi:10.1594/PANGAEA.859572","GeoB3715-2, off SW Africa","10.1016/j.orggeochem.2016.03.003",-18.955,11.0567,-1203,NA,NA,-129,2,"marine sediment"
"obs_1033","Vogts et al. 2016","PANGAEA: doi:10.1594/PANGAEA.859572","GeoB3713-1, off SW Africa","10.1016/j.orggeochem.2016.03.003",-15.6283,11.58,-1330,-30,NA,-133,3,"marine sediment"
"obs_1034","Vogts et al. 2016","PANGAEA: doi:10.1594/PANGAEA.859572","GeoB4917-4, off SW Africa","10.1016/j.orggeochem.2016.03.003",-11.9033,13.0733,-1300,-38,NA,-133,1,"marine sediment"
"obs_1035","Vogts et al. 2016","PANGAEA: doi:10.1594/PANGAEA.859572","GeoB4916-3, off SW Africa","10.1016/j.orggeochem.2016.03.003",-10.1733,12.6867,-1294,-35,NA,-129,0,"marine sediment"
"obs_1036","Vogts et al. 2016","PANGAEA: doi:10.1594/PANGAEA.859572","GeoB4915-2, off SW Africa","10.1016/j.orggeochem.2016.03.003",-7.75,11.8733,-1306,-30,NA,-131,2,"marine sediment"
"obs_1037","Vogts et al. 2016","PANGAEA: doi:10.1594/PANGAEA.859572","GeoB4913-3, off SW Africa","10.1016/j.orggeochem.2016.03.003",-5.5033,11.0717,-1296,-22,NA,-131,2,"marine sediment"
"obs_1038","Vogts et al. 2016","PANGAEA: doi:10.1594/PANGAEA.859572","GeoB4912-3, off SW Africa","10.1016/j.orggeochem.2016.03.003",-3.73,9.785,-1298,NA,NA,-127,2,"marine sediment"
"obs_1039","Vogts et al. 2016","PANGAEA: doi:10.1594/PANGAEA.859572","GeoB4909-3, off SW Africa","10.1016/j.orggeochem.2016.03.003",-2.0683,8.625,-1305,NA,NA,-127,2,"marine sediment"
"obs_1040","Vogts et al. 2016","PANGAEA: doi:10.1594/PANGAEA.859572","GeoB4906-4, off SW Africa","10.1016/j.orggeochem.2016.03.003",-0.69,8.3783,-1272,-20,NA,-127,2,"marine sediment"
"obs_1041","Vogts et al. 2016","PANGAEA: doi:10.1594/PANGAEA.859572","GeoB4904-6, off SW Africa","10.1016/j.orggeochem.2016.03.003",0.9617,8.88,-1349,-24,NA,-133,2,"marine sediment"
"obs_1042","Wang et al., 2017","Liu","Tibetan plateau","10.1016/j.orggeochem.2017.01.006",22.2,100.5,1400,-63,NA,-210,NA,"soil"
"obs_1043","Wang et al., 2017","Liu","Tibetan plateau","10.1016/j.orggeochem.2017.01.006",22.3,101.3,931,-56,NA,-213,NA,"soil"
"obs_1044","Wang et al., 2017","Liu","Tibetan plateau","10.1016/j.orggeochem.2017.01.006",22.7,101.3,956,-57,NA,-188.2,NA,"soil"
"obs_1045","Wang et al., 2017","Liu","Tibetan plateau","10.1016/j.orggeochem.2017.01.006",25.6,100.1,1265,-61,NA,-161,NA,"soil"
"obs_1046","Wang et al., 2017","Liu","Tibetan plateau","10.1016/j.orggeochem.2017.01.006",25.9,99.3,1745,-68,NA,-172,NA,"soil"
"obs_1047","Wang et al., 2017","Liu","Tibetan plateau","10.1016/j.orggeochem.2017.01.006",26.5,99.8,2357,-77,NA,-166,NA,"soil"
"obs_1048","Wang et al., 2017","Liu","Tibetan plateau","10.1016/j.orggeochem.2017.01.006",26.5,99.7,2635,-81,NA,-213,NA,"soil"
"obs_1049","Wang et al., 2017","Liu","Tibetan plateau","10.1016/j.orggeochem.2017.01.006",26.6,99.8,2463,-78,NA,-183,NA,"soil"
"obs_1050","Wang et al., 2017","Liu","Tibetan plateau","10.1016/j.orggeochem.2017.01.006",26.7,99.9,2459,-78,NA,-168,NA,"soil"
"obs_1051","Wang et al., 2017","Liu","Tibetan plateau","10.1016/j.orggeochem.2017.01.006",26.9,100,1881,-70,NA,-196,NA,"soil"
"obs_1052","Wang et al., 2017","Liu","Tibetan plateau","10.1016/j.orggeochem.2017.01.006",26.9,100,2500,-79,NA,-189,NA,"soil"
"obs_1053","Wang et al., 2017","Liu","Tibetan plateau","10.1016/j.orggeochem.2017.01.006",27.1,99.6,2549,-80,NA,-190,NA,"soil"
"obs_1054","Wang et al., 2017","Liu","Tibetan plateau","10.1016/j.orggeochem.2017.01.006",27.1,100.7,3075,-87,NA,-215,NA,"soil"
"obs_1055","Wang et al., 2017","Liu","Tibetan plateau","10.1016/j.orggeochem.2017.01.006",27.2,100,1971,-71,NA,-204,NA,"soil"
"obs_1056","Wang et al., 2017","Liu","Tibetan plateau","10.1016/j.orggeochem.2017.01.006",27.4,100.8,2538,-80,NA,-169,NA,"soil"
"obs_1057","Wang et al., 2017","Liu","Tibetan plateau","10.1016/j.orggeochem.2017.01.006",27.5,101.3,2233,-75,NA,-195,NA,"soil"
"obs_1058","Wang et al., 2017","Liu","Tibetan plateau","10.1016/j.orggeochem.2017.01.006",27.5,101.3,2754,-83,NA,-181,NA,"soil"
"obs_1059","Wang et al., 2017","Liu","Tibetan plateau","10.1016/j.orggeochem.2017.01.006",27.6,101,2362,-77,NA,-186,NA,"soil"
"obs_1060","Wang et al., 2017","Liu","Tibetan plateau","10.1016/j.orggeochem.2017.01.006",27.6,100.8,3340,-91,NA,-191,NA,"soil"
"obs_1061","Wang et al., 2017","Liu","Tibetan plateau","10.1016/j.orggeochem.2017.01.006",27.7,100.8,2764,-83,NA,-205,NA,"soil"
"obs_1062","Wang et al., 2017","Liu","Tibetan plateau","10.1016/j.orggeochem.2017.01.006",28.2,99.3,2248,-75,NA,-221,NA,"soil"
"obs_1063","Wang et al., 2017","Liu","Tibetan plateau","10.1016/j.orggeochem.2017.01.006",28.4,98.4,3516,-94,NA,-243,NA,"soil"
"obs_1064","Wang et al., 2017","Liu","Tibetan plateau","10.1016/j.orggeochem.2017.01.006",28.4,99,3750,-97,NA,-240,NA,"soil"
"obs_1065","Wang et al., 2017","Liu","Tibetan plateau","10.1016/j.orggeochem.2017.01.006",28.5,98.9,3300,-91,NA,-231,NA,"soil"
"obs_1066","Wang et al., 2017","Liu","Tibetan plateau","10.1016/j.orggeochem.2017.01.006",29.4,98.7,3590,-95,NA,-221,NA,"soil"
"obs_1067","Wang et al., 2017","Liu","Tibetan plateau","10.1016/j.orggeochem.2017.01.006",29.9,97.7,3818,-98,NA,-247,NA,"soil"
"obs_1068","Wang et al., 2017","Liu","Tibetan plateau","10.1016/j.orggeochem.2017.01.006",30.7,97.4,3060,-87,NA,-219,NA,"soil"
"obs_1069","Wang et al., 2017","Liu","Tibetan plateau","10.1016/j.orggeochem.2017.01.006",31.3,98,4147,-103,NA,-240,NA,"soil"
"obs_1070","Wang et al., 2017","Liu","Tibetan plateau","10.1016/j.orggeochem.2017.01.006",31.8,97.7,3978,-100,NA,-202,NA,"soil"
"obs_1071","Wang et al., 2017","Liu","Tibetan plateau","10.1016/j.orggeochem.2017.01.006",32.3,96,4226,-104,NA,-241,NA,"soil"
"obs_1072","Wang et al., 2017","Liu","Tibetan plateau","10.1016/j.orggeochem.2017.01.006",32.4,95.4,3970,-100,NA,-234,NA,"soil"
"obs_1073","Wang et al., 2017","Liu","Tibetan plateau","10.1016/j.orggeochem.2017.01.006",32.7,95.1,4154,-103,NA,-234,NA,"soil"
"obs_1074","Wang et al., 2017","Liu","Tibetan plateau","10.1016/j.orggeochem.2017.01.006",33.1,95.2,4146,-103,NA,-208,NA,"soil"
"obs_1075","Wang et al., 2023","","Huguang H2","10.1016/j.chemgeo.2023.121589",21.1,110.31,NA,NA,NA,-154,NA,"soil"
"obs_1076","Wang et al., 2023","","Huguang H3","10.1016/j.chemgeo.2023.121589",21.1,110.3,NA,NA,NA,-157,NA,"soil"
"obs_1077","Wang et al., 2023","","Huguang H1","10.1016/j.chemgeo.2023.121589",21.11,110.31,NA,NA,NA,-186,NA,"soil"
"obs_1078","Wang et al., 2023","","Techeng T3","10.1016/j.chemgeo.2023.121589",21.15,110.44,NA,NA,NA,-182,NA,"soil"
"obs_1079","Wang et al., 2023","","Techeng T4","10.1016/j.chemgeo.2023.121589",21.15,110.44,NA,NA,NA,-135,NA,"soil"
"obs_1080","Wang et al., 2023","","Techeng T5","10.1016/j.chemgeo.2023.121589",21.15,110.44,NA,NA,NA,-149,NA,"soil"
"obs_1081","Wang et al., 2023","","Techeng T1","10.1016/j.chemgeo.2023.121589",21.15,110.44,NA,NA,NA,-131,NA,"soil"
"obs_1082","Wang et al., 2023","","Techeng T6","10.1016/j.chemgeo.2023.121589",21.16,110.44,NA,NA,NA,-135,NA,"soil"
"obs_1083","Wang et al., 2023","","Gaoqiao G2","10.1016/j.chemgeo.2023.121589",21.57,109.75,NA,NA,NA,-146,NA,"soil"
"obs_1084","Wang et al., 2023","","Gaoqiao G3","10.1016/j.chemgeo.2023.121589",21.57,109.75,NA,NA,NA,-160,NA,"soil"
"obs_1085","Wang et al., 2023","","Gaoqiao G4","10.1016/j.chemgeo.2023.121589",21.57,109.75,NA,NA,NA,-178,NA,"soil"
"obs_1086","Wang et al., 2023","","Gaoqiao G6","10.1016/j.chemgeo.2023.121589",21.57,109.76,NA,NA,NA,-169,NA,"soil"
"obs_1087","Wang et al., 2023","","Gaoqiao G1","10.1016/j.chemgeo.2023.121589",21.58,109.75,NA,NA,NA,-165,NA,"soil"
"obs_1088","Xia et al 2008","McFarlin","QY","10.2343/geochemj.42.331",28.89,90.22,4855,-135,2,-199,9,"lake sediment"
"obs_1089","Xia et al 2008","McFarlin","KLK","10.2343/geochemj.42.331",37.28,96.88,2812,-36,1,-126,8,"lake sediment"
"obs_1090","Xia et al 2008","McFarlin","XQ","10.2343/geochemj.42.331",37.47,95.49,3163,-43,4,-139,7,"lake sediment"
"obs_1091","Nieto-Moreno et al. 2016","","Andes, NW Argentina, AR11_S25 (Hillslope)","10.1016/j.epsl.2016.07.049",-26.1113,-67.428,3553,NA,NA,-128.9,1.2,"soil"
"obs_1092","Nieto-Moreno et al. 2016","","Andes, NW Argentina, AR11_S24 (Hillslope)","10.1016/j.epsl.2016.07.049",-26.6317,-66.933,3574,NA,NA,-123.1,0.5,"soil"
"obs_1093","Nieto-Moreno et al. 2016","","Andes, NW Argentina, AR13_016 (Hillslope)","10.1016/j.epsl.2016.07.049",-26.7044,-65.7998,3100,NA,NA,-163.5,1.9,"soil"
"obs_1094","Nieto-Moreno et al. 2016","","Andes, NW Argentina, AR11_S16 (Hillslope)","10.1016/j.epsl.2016.07.049",-26.736,-65.7861,3064,NA,NA,-143.6,4.9,"soil"
"obs_1095","Nieto-Moreno et al. 2016","","Andes, NW Argentina, AR11_S14 (Hillslope)","10.1016/j.epsl.2016.07.049",-26.8138,-65.7158,2593,NA,NA,-148.6,6.9,"soil"
"obs_1096","Nieto-Moreno et al. 2016","","Andes, NW Argentina, AR11_S12 (Hillslope)","10.1016/j.epsl.2016.07.049",-26.9461,-65.6656,1920,NA,NA,-136.3,6.6,"soil"
"obs_1097","Nieto-Moreno et al. 2016","","Andes, NW Argentina, AR11_S10 (Hillslope)","10.1016/j.epsl.2016.07.049",-26.9979,-65.6628,1535,NA,NA,-129.6,2.2,"soil"
"obs_1098","Nieto-Moreno et al. 2016","","Andes, NW Argentina, AR11_S07 (Hillslope)","10.1016/j.epsl.2016.07.049",-27.0948,-65.6182,774,NA,NA,-119.1,3.6,"soil"
"obs_1099","Nieto-Moreno et al. 2016","","Andes, NW Argentina, AR11_S04 (Hillslope)","10.1016/j.epsl.2016.07.049",-27.5134,-64.9011,290,NA,NA,-106.9,0.5,"soil"
"obs_1100","Nieto-Moreno et al. 2016","","Andes, NW Argentina, AR13_080 (Valley)","10.1016/j.epsl.2016.07.049",-23.694,-65.648,4130,NA,NA,-145.2,1.5,"soil"
"obs_1101","Nieto-Moreno et al. 2016","","Andes, NW Argentina, AR13_085 (Valley)","10.1016/j.epsl.2016.07.049",-23.5856,-65.4063,2458,NA,NA,-125.4,1.2,"soil"
"obs_1102","Nieto-Moreno et al. 2016","","Andes, NW Argentina, AR13_087 (Valley)","10.1016/j.epsl.2016.07.049",-23.8283,-65.4729,2166,NA,NA,-134.5,2,"soil"
"obs_1103","Nieto-Moreno et al. 2016","","Andes, NW Argentina, AR13_089 (Valley)","10.1016/j.epsl.2016.07.049",-23.9691,-65.4503,1983,NA,NA,-128.3,2.5,"soil"
"obs_1104","Nieto-Moreno et al. 2016","","Andes, NW Argentina, AR13_090 (Valley)","10.1016/j.epsl.2016.07.049",-24.0274,-65.4398,1676,NA,NA,-113.6,1.8,"soil"
"obs_1105","Nieto-Moreno et al. 2016","","Andes, NW Argentina, AR13_092 (Valley)","10.1016/j.epsl.2016.07.049",-24.1193,-65.406,1478,NA,NA,-130,1.4,"soil"
"obs_1106","Nieto-Moreno et al. 2016","","Andes, NW Argentina, AR13_094 (Valley)","10.1016/j.epsl.2016.07.049",-24.1777,-65.3547,1348,NA,NA,-113.8,3.6,"soil"
"obs_1107","Nieto-Moreno et al. 2016","","Andes, NW Argentina, ST13_015 (Valley)","10.1016/j.epsl.2016.07.049",-24.2384,-65.1918,1076,NA,NA,-129.1,5.4,"soil"
"obs_1108","Nieto-Moreno et al. 2016","","Andes, NW Argentina, ST13_019 (Valley)","10.1016/j.epsl.2016.07.049",-24.2682,-64.917,586,NA,NA,-110.4,2.8,"soil"
"obs_1109","Nieto-Moreno et al. 2016","","Andes, NW Argentina, ST13_022 (Valley)","10.1016/j.epsl.2016.07.049",-23.7116,-64.5354,313,NA,NA,-110.3,4.4,"soil"
"obs_1110","Repasch et al. 2020","","Rio Bermejo, Argentina (Embarcacion)","10.1594/PANGAEA.925616",-23.3326,-63.9966,NA,NA,NA,-133.82,1.28,"fluvial sediment"
"obs_1111","Repasch et al. 2020","","Rio Bermejo, Argentina (Reserva Natural Formosa)","10.1594/PANGAEA.925616",-24.2417,-61.9421,NA,NA,NA,-152.38,0.63,"fluvial sediment"
"obs_1112","Repasch et al. 2020","","Rio Bermejo, Argentina (Villa Rio Bermejito)","10.1594/PANGAEA.925616",-25.6312,-60.2553,NA,NA,NA,-131.38,0.02,"fluvial sediment"
"obs_1113","Repasch et al. 2020","","Rio Bermejo, Argentina (Bermejo at Rio Paraguay)","10.1594/PANGAEA.925616",-26.8283,-58.3976,NA,NA,NA,-119.04,3.25,"fluvial sediment"
"obs_1114","Repasch et al. 2020","","Rio Bermejo, Argentina (Reserva Natural Formosa)","10.1594/PANGAEA.925616",-23.7518,-63.0528,NA,NA,NA,-94.52,0.91,"fluvial sediment"
"obs_1115","Repasch et al. 2020","","Rio Bermejo, Argentina (Pozo Sarmiento)","10.1594/PANGAEA.925616",-23.1442,-64.1989,NA,NA,NA,-154.95,2.24,"fluvial sediment"
"obs_1116","Repasch et al. 2020","","Rio Bermejo, Argentina (Reserva Natural Formosa)","10.1594/PANGAEA.925616",-24.3048,-61.8352,NA,NA,NA,-114.61,0.54,"fluvial sediment"
"obs_1117","Repasch et al. 2020","","Rio Bermejo, Argentina (El Colgado)","10.1594/PANGAEA.925616",-23.7519,-63.0523,NA,NA,NA,-128.99,0.5,"fluvial sediment"
"obs_1118","Repasch et al. 2020","","Rio Bermejo, Argentina (Puerto lavalle)","10.1594/PANGAEA.925616",-25.6516,-60.1375,NA,NA,NA,-140.87,0.99,"fluvial sediment"
"obs_1119","Repasch et al. 2020","","Rio Bermejo, Argentina (El Colorado)","10.1594/PANGAEA.925616",-26.3322,-59.3606,NA,NA,NA,-165.52,1.67,"fluvial sediment"
"obs_1120","Repasch et al. 2020","","Rio Bermejo, Argentina (Reserva Natural Formosa)","10.1594/PANGAEA.925616",-24.4142,-61.692,NA,NA,NA,-173.88,0.11,"fluvial sediment"
"obs_1121","Repasch et al. 2020","","Rio Bermejo, Argentina (RSF-RB confluence)","10.1594/PANGAEA.925616",-23.2482,-64.1356,NA,NA,NA,-139.17,0.83,"fluvial sediment"
"obs_1122","Repasch et al. 2020","","Rio Bermejo, Argentina (Reserva Natural Formosa)","10.1594/PANGAEA.925616",-24.2417,-61.9421,NA,NA,NA,-124.26,0.58,"fluvial sediment"
"obs_1123","Repasch et al. 2020","","Rio Bermejo, Argentina (Bermejo at Rio Paraguay)","10.1594/PANGAEA.925616",-26.8283,-58.3976,NA,NA,NA,-148.1,0.2,"fluvial sediment"
"obs_1124","Repasch et al. 2020","","Rio Bermejo, Argentina (Grl Mansilla)","10.1594/PANGAEA.925616",-26.6601,-58.6327,NA,NA,NA,-147.3,2.1,"fluvial sediment"
"obs_1125","Repasch et al. 2020","","Rio Bermejo, Argentina (El Colorado)","10.1594/PANGAEA.925616",-26.3337,-59.3629,NA,NA,NA,-126.2,0.1,"fluvial sediment"
"obs_1126","Repasch et al. 2020","","Rio Bermejo, Argentina (El Colorado)","10.1594/PANGAEA.925616",-26.3337,-59.3629,NA,NA,NA,-137.8,1.1,"fluvial sediment"
"obs_1127","Repasch et al. 2020","","Rio Bermejo, Argentina (Reserva Natural Formosa)","10.1594/PANGAEA.925616",-25.6514,-60.1277,NA,NA,NA,-134.2,0.4,"fluvial sediment"
"obs_1128","Repasch et al. 2020","","Rio Bermejo, Argentina (Puente Lavalle)","10.1594/PANGAEA.925616",-25.6514,-60.1277,NA,NA,NA,-125.2,0.8,"fluvial sediment"
"obs_1129","Repasch et al. 2020","","Rio Bermejo, Argentina (Villa Rio Bermejito)","10.1594/PANGAEA.925616",-25.6312,-60.2553,NA,NA,NA,-149.7,0.8,"fluvial sediment"
"obs_1130","Repasch et al. 2020","","Rio Bermejo, Argentina (Reserva Natural Formosa)","10.1594/PANGAEA.925616",-24.305,-61.8344,NA,NA,NA,-146.3,0.8,"fluvial sediment"
"obs_1131","Repasch et al. 2020","","Rio Bermejo, Argentina (Reserva Natural Formosa)","10.1594/PANGAEA.925616",-24.305,-61.8344,NA,NA,NA,-137.4,0.7,"fluvial sediment"
"obs_1132","Repasch et al. 2020","","Rio Bermejo, Argentina (Reserva Natural Formosa)","10.1594/PANGAEA.925616",-24.2651,-61.8825,NA,NA,NA,-139.5,3,"fluvial sediment"
"obs_1133","Repasch et al. 2020","","Rio Bermejo, Argentina (Reserva Natural Formosa)","10.1594/PANGAEA.925616",-24.2651,-61.8825,NA,NA,NA,-118.8,1,"fluvial sediment"
"obs_1134","Repasch et al. 2020","","Rio Bermejo, Argentina (Reserva Natural Formosa)","10.1594/PANGAEA.925616",-24.2417,-61.9421,NA,NA,NA,-141.3,0.1,"fluvial sediment"
"obs_1135","Repasch et al. 2020","","Rio Bermejo, Argentina (Reserva Natural Formosa)","10.1594/PANGAEA.925616",-24.0963,-61.9422,NA,NA,NA,-184.2,1,"fluvial sediment"
"obs_1136","Repasch et al. 2020","","Rio Bermejo, Argentina (Reserva Natural Formosa)","10.1594/PANGAEA.925616",-24.0963,-61.9422,NA,NA,NA,-131.7,1.5,"fluvial sediment"
