Reference,Compilation,Location,Latitude (°N),Longitude (°E),Elevation (m),δ²H n-C29 (‰ VSMOW),δ²H n-C29 SD (±‰),Sample Type,Plant Species or Type,Functional Type,δ²H Precipitation (‰ VSMOW),δ²H Precipitation SD (±‰),Apparent Fractionation ε (‰),MAP (mm/yr),MAT (°C),Vegetation Zone,Notes,DOI,Data Source,Origin,Audit Flags
Aichner et al 2019,McFarlin,"Karakul, Tajikistan",39.018,73.233,3915.0,-161.0,3.3,Lake sediment,,,-126.0,5.0,-40.0,,,,,,,User compilation,REVIEW: ε anomalous (-40‰)
"Bai et al., 2011",Liu,Mt Kunlun,36.55,77.08,4550.0,-192.0,,Soil,,,-86.0,,-116.0,,,,,,,User compilation,OK
"Bai et al., 2011",Liu,Mt Kunlun,36.57,77.0,4850.0,-197.0,,Soil,,,-91.0,,-116.6,,,,,,,User compilation,OK
"Bai et al., 2011",Liu,Mt Kunlun,36.58,77.01,4760.0,-198.0,,Soil,,,-89.0,,-119.6,,,,,,,User compilation,OK
"Bai et al., 2014",Liu,Mt Qilian,35.77,103.96,2960.0,-199.0,,Soil,,,-58.0,,-149.7,,,,,,,User compilation,OK
"Bai et al., 2014",Liu,Mt Qilian,35.78,103.95,3330.0,-216.0,,Soil,,,-62.0,,-164.2,,,,,,,User compilation,OK
"Bai et al., 2014",Liu,Mt Qilian,37.53,101.83,3869.0,-163.0,,Soil,,,-71.0,,-99.0,,,,,,,User compilation,OK
"Bai et al., 2014",Liu,Mt Qilian,37.62,101.9,2690.0,-148.0,,Soil,,,-53.0,,-100.3,,,,,,,User compilation,OK
"Bai et al., 2014",Liu,Mt Qilian,37.69,101.88,2765.0,-161.0,,Soil,,,-54.0,,-113.1,,,,,,,User compilation,OK
"Bai et al., 2014",Liu,Mt Qilian,39.31,97.72,3514.0,-168.0,,Soil,,,-64.0,,-111.1,,,,,,,User compilation,OK
"Bai et al., 2014",Liu,Mt Qilian,39.32,97.85,2970.0,-162.0,,Soil,,,-54.0,,-114.2,,,,,,,User compilation,OK
"Bai et al., 2014",Liu,Mt Qilian,39.33,97.74,3874.0,-166.0,,Soil,,,-64.0,,-109.0,,,,,,,User compilation,OK
"Bai et al., 2014",Liu,Mt Qilian,39.34,97.79,3221.0,-165.0,,Soil,,,-54.0,,-117.3,,,,,,,User compilation,OK
"Bai et al., 2014",Liu,Mt Qilian,39.34,97.79,4005.0,-166.0,,Soil,,,-64.0,,-109.0,,,,,,,User compilation,OK
"Chikaraishi and Naraoka, 2006",Liu,Gunma Prefecture,36.47,138.87,70.0,-166.0,,Soil,,,-60.0,,-112.8,,,,,,,User compilation,OK
"Chikaraishi and Naraoka, 2006",Liu,Gunma Prefecture,36.47,138.87,70.0,-168.0,,Soil,,,-60.0,,-114.9,,,,,,,User compilation,OK
"Chikaraishi and Naraoka, 2006",Liu,Gunma Prefecture,36.47,138.87,70.0,-167.0,,Soil,,,-60.0,,-113.8,,,,,,,User compilation,OK
Corcoran et al. 2022,Corcoran et al. 2022 NSF PAR preprint + Elsevier supplementary (mmc1.xlsx),"Falkland Islands, East Falkland, Mt. Usborne",-51.7022,-58.8155,520.0,-184.7,,Lake surface sediment,Surface lake sediment,Lake sediment,-67.0,,-126.2,630.0,5.5,Subantarctic grassland/heath (peat-dominated),Surface sediment (top 0.5 cm) from Tarn 4,10.1016/j.orggeochem.2022.104404,Corcoran et al. 2022 NSF PAR preprint + Elsevier supplementary (mmc1.xlsx),Computer v6,VERIFIED: Values match supplement Table S1
Corcoran et al. 2022,Corcoran et al. 2022 NSF PAR preprint + Elsevier supplementary (mmc1.xlsx),"Falkland Islands, East Falkland, Mt. Usborne",-51.7022,-58.8155,520.0,-181.2,,Lake surface sediment,Surface lake sediment,Lake sediment,-67.0,,-122.4,630.0,5.5,Subantarctic grassland/heath (peat-dominated),Surface sediment (top 0.5 cm) from Tarn 4,10.1016/j.orggeochem.2022.104404,Corcoran et al. 2022 NSF PAR preprint + Elsevier supplementary (mmc1.xlsx),Computer v6,VERIFIED: Values match supplement Table S1
Corcoran et al. 2022,Corcoran et al. 2022 NSF PAR preprint + Elsevier supplementary (mmc1.xlsx),"Falkland Islands, East Falkland, Mt. Usborne",-51.7022,-58.8155,520.0,-178.8,,Lake surface sediment,Surface lake sediment,Lake sediment,-67.0,,-119.8,630.0,5.5,Subantarctic grassland/heath (peat-dominated),Surface sediment (top 0.5 cm) from Tarn 4,10.1016/j.orggeochem.2022.104404,Corcoran et al. 2022 NSF PAR preprint + Elsevier supplementary (mmc1.xlsx),Computer v6,VERIFIED: Values match supplement Table S1
Corcoran et al. 2022,Corcoran et al. 2022 NSF PAR preprint + Elsevier supplementary (mmc1.xlsx),"Falkland Islands, East Falkland, Mt. Usborne",-51.6959,-58.8276,600.0,-184.9,,Lake surface sediment,Surface lake sediment,Lake sediment,-67.0,,-126.4,630.0,5.5,Subantarctic grassland/heath (peat-dominated),Surface sediment (top 0.5 cm) from Tarn 2,10.1016/j.orggeochem.2022.104404,Corcoran et al. 2022 NSF PAR preprint + Elsevier supplementary (mmc1.xlsx),Computer v6,VERIFIED: Values match supplement Table S1
Corcoran et al. 2022,Corcoran et al. 2022 NSF PAR preprint + Elsevier supplementary (mmc1.xlsx),"Falkland Islands, East Falkland, Mt. Usborne",-51.6959,-58.8276,600.0,-180.3,,Lake surface sediment,Surface lake sediment,Lake sediment,-67.0,,-121.4,630.0,5.5,Subantarctic grassland/heath (peat-dominated),Surface sediment (top 0.5 cm) from Tarn 2,10.1016/j.orggeochem.2022.104404,Corcoran et al. 2022 NSF PAR preprint + Elsevier supplementary (mmc1.xlsx),Computer v6,VERIFIED: Values match supplement Table S1
Daniels et al 2017,McFarlin,I4,68.58,-149.58,778.0,-264.0,,Lake sediment,,,-151.0,6.0,-133.1,,,,,,,User compilation,OK
Daniels et al 2017,McFarlin,I6HW,68.58,-149.62,808.0,-263.0,,Lake sediment,,,-151.0,6.0,-131.9,,,,,,,User compilation,OK
Daniels et al 2017,McFarlin,I5,68.59,-149.59,778.0,-268.0,,Lake sediment,,,-151.0,6.0,-137.8,,,,,,,User compilation,OK
Daniels et al 2017,McFarlin,I6,68.6,-149.59,800.0,-265.0,,Lake sediment,,,-151.0,6.0,-134.3,,,,,,,User compilation,OK
Daniels et al 2017,McFarlin,I8,68.61,-149.58,748.0,-260.0,,Lake sediment,,,-150.0,6.0,-129.4,,,,,,,User compilation,OK
Daniels et al 2017,McFarlin,S7,68.63,-149.64,742.0,-261.0,,Lake sediment,,,-150.0,6.0,-130.6,,,,,,,User compilation,OK
Daniels et al 2017,McFarlin,N2,68.64,-149.62,732.0,-253.0,,Lake sediment,,,-149.0,6.0,-122.2,,,,,,,User compilation,OK
Daniels et al 2017,McFarlin,FOG1,68.68,-149.08,773.0,-257.0,,Lake sediment,,,-151.0,6.0,-124.9,,,,,,,User compilation,OK
Daniels et al. 2017,Manual extraction,"I1, Toolik area, Alaska",68.569,-149.588,792.5,-260.0,,Lake sediment,Arctic tundra,Tundra,-166.0,6.0,-112.7,,,Arctic tundra,,10.1016/j.gca.2017.06.028,Manual extraction,Both,OK
Daniels et al. 2017,Manual extraction,"I3, Toolik area, Alaska",68.575,-149.581,778.0,-265.0,,Lake sediment,Arctic tundra,Tundra,-166.0,6.0,-118.7,,,Arctic tundra,,10.1016/j.gca.2017.06.028,Manual extraction,Both,OK
Daniels et al. 2017,Manual extraction,"I7, Toolik area, Alaska",68.601,-149.593,748.0,-269.0,,Lake sediment,Arctic tundra,Tundra,-166.0,6.0,-123.5,,,Arctic tundra,,10.1016/j.gca.2017.06.028,Manual extraction,Both,OK
Daniels et al. 2017,Manual extraction,"ISWAMP, Toolik area, Alaska",68.611,-149.597,741.0,-273.0,,Lake sediment,Arctic tundra,Tundra,-166.0,6.0,-128.3,,,Arctic tundra,Most depleted in Toolik set,10.1016/j.gca.2017.06.028,Manual extraction,Both,OK
Daniels et al. 2017,Manual extraction,"E1, Toolik area, Alaska",68.626,-149.554,777.0,-259.0,,Lake sediment,Arctic tundra,Tundra,-166.0,6.0,-111.5,,,Arctic tundra,,10.1016/j.gca.2017.06.028,Manual extraction,Both,OK
Daniels et al. 2017,Manual extraction,"N1, Toolik area, Alaska",68.64,-149.604,730.0,-255.0,,Lake sediment,Arctic tundra,Tundra,-166.0,6.0,-106.7,,,Arctic tundra,,10.1016/j.gca.2017.06.028,Manual extraction,Both,OK
Daniels et al. 2017,Manual extraction,"E5, Toolik area, Alaska",68.643,-149.458,800.0,-261.0,,Lake sediment,Arctic tundra,Tundra,-166.0,7.0,-113.9,,,Arctic tundra,Precip d2H = weighted mean annual,10.1016/j.gca.2017.06.028,Manual extraction,Both,OK
Daniels et al. 2017,Manual extraction,"E6, Toolik area, Alaska",68.644,-149.439,794.0,-266.0,,Lake sediment,Arctic tundra,Tundra,-166.0,6.0,-119.9,,,Arctic tundra,,10.1016/j.gca.2017.06.028,Manual extraction,Both,OK
Daniels et al. 2017,Manual extraction,"FOG2, Toolik area, Alaska",68.679,-149.089,776.0,-259.0,,Lake sediment,Arctic tundra,Tundra,-166.0,6.0,-111.5,,,Arctic tundra,,10.1016/j.gca.2017.06.028,Manual extraction,Both,OK
Daniels et al. 2017,Manual extraction,"FOG4, Toolik area, Alaska",68.68,-149.072,760.0,-264.0,,Lake sediment,Arctic tundra,Tundra,-166.0,6.0,-117.5,,,Arctic tundra,,10.1016/j.gca.2017.06.028,Manual extraction,Both,OK
Douglas et al 2012,McFarlin,Santa Lucia,14.12,-87.09,1405.0,-135.1,1.0,Soil,,,-43.0,3.0,-96.2,,,,,,,User compilation,OK
Douglas et al 2012,McFarlin,Gaungolo,14.26,-87.24,829.0,-165.8,1.0,Soil,,,-35.0,1.0,-135.5,,,,,,,User compilation,OK
Douglas et al 2012,McFarlin,El Chile,14.35,-86.85,1380.0,-158.1,4.0,Soil,,,-43.0,4.0,-120.3,,,,,,,User compilation,OK
Douglas et al 2012,McFarlin,Comayagua,14.45,-87.65,563.0,-166.8,1.0,Soil,,,-32.0,2.0,-139.3,,,,,,,User compilation,OK
Douglas et al 2012,McFarlin,Rio Jalan,14.45,-86.81,765.0,-157.9,2.0,Soil,,,-33.0,2.0,-129.2,,,,,,,User compilation,OK
Douglas et al 2012,McFarlin,Rio Rosario,14.48,-86.98,891.0,-153.7,2.0,Soil,,,-36.0,2.0,-122.1,,,,,,,User compilation,OK
Douglas et al 2012,McFarlin,Taulabe,14.71,-87.97,557.0,-152.7,2.0,Soil,,,-32.0,2.0,-124.7,,,,,,,User compilation,OK
Douglas et al 2012,McFarlin,Copan,14.84,-89.15,613.0,-156.4,1.0,Soil,,,-34.0,1.0,-126.7,,,,,,,User compilation,OK
Douglas et al 2012,McFarlin,Rio Blanco,14.89,-89.03,707.0,-160.5,1.0,Soil,,,-36.0,1.0,-129.1,,,,,,,User compilation,OK
Douglas et al 2012,McFarlin,Pena Blanca,14.94,-88.03,655.0,-160.0,1.0,Soil,,,-33.0,1.0,-131.3,,,,,,,User compilation,OK
Douglas et al 2012,McFarlin,La Entrada,15.1,-88.71,426.0,-147.9,2.0,Soil,,,-31.0,2.0,-120.6,,,,,,,User compilation,OK
Douglas et al 2012,McFarlin,La Barca,15.12,-87.94,56.0,-155.3,1.0,Soil,,,-24.0,4.0,-134.5,,,,,,,User compilation,OK
Douglas et al 2012,McFarlin,Izabal Rio Oscuro,15.38,-89.33,4.0,-154.0,1.0,Soil,,,-25.0,4.0,-132.3,,,,,,,User compilation,OK
Douglas et al 2012,McFarlin,Naco,15.41,-88.14,97.0,-148.3,1.0,Soil,,,-25.0,4.0,-126.5,,,,,,,User compilation,OK
Douglas et al 2012,McFarlin,Izabal Centro,15.52,-89.15,4.0,-165.2,,Soil,,,-24.0,4.0,-144.7,,,,,,,User compilation,OK
Douglas et al 2012,McFarlin,El Golfete,15.72,-88.89,0.0,-151.1,1.0,Soil,,,-24.0,4.0,-130.2,,,,,,,User compilation,OK
Douglas et al 2012,McFarlin,Puente Cienega,15.74,-89.07,75.0,-155.0,2.0,Soil,,,-25.0,4.0,-133.3,,,,,,,User compilation,OK
Douglas et al 2012,McFarlin,Peten Itza,16.93,-89.89,109.0,-159.5,4.0,Soil,,,-25.0,7.0,-137.9,,,,,,,User compilation,OK
Douglas et al 2012,McFarlin,Yaxha,17.07,-89.41,130.0,-142.9,3.0,Soil,,,-25.0,7.0,-120.9,,,,,,,User compilation,OK
Douglas et al 2012,McFarlin,Cuerpo Uno [e],17.49,-90.39,115.0,-147.9,1.0,Soil,,,-26.0,8.0,-125.2,,,,,,,User compilation,OK
Douglas et al 2012,McFarlin,La Corona [e],17.52,-90.37,151.0,-148.0,1.0,Soil,,,-26.0,8.0,-125.3,,,,,,,User compilation,OK
Douglas et al 2012,McFarlin,Chichancanab,19.88,-88.77,10.0,-128.5,2.0,Soil,,,-20.0,8.0,-110.7,,,,,,,User compilation,OK
Douglas et al 2012,McFarlin,Hobonil,20.0,-89.03,44.0,-126.5,1.0,Soil,,,-21.0,8.0,-107.8,,,,,,,User compilation,OK
Douglas et al 2012,McFarlin,Cepeda Peraza,20.16,-89.24,50.0,-136.7,1.0,Soil,,,-21.0,8.0,-118.2,,,,,,,User compilation,OK
Douglas et al 2012,McFarlin,Ticul,20.35,-89.5,10.0,-143.0,1.0,Soil,,,-20.0,8.0,-125.5,,,,,,,User compilation,OK
Douglas et al 2012,McFarlin,Canana,20.49,-89.17,13.0,-137.7,1.0,Soil,,,-18.0,5.0,-121.9,,,,,,,User compilation,OK
Douglas et al 2012,McFarlin,Yaalchak [e],20.6,-89.71,6.0,-142.9,1.0,Soil,,,-20.0,7.0,-125.4,,,,,,,User compilation,OK
Douglas et al 2012,McFarlin,Xoche [e],20.66,-89.37,16.0,-153.0,1.0,Soil,,,-18.0,5.0,-137.5,,,,,,,User compilation,OK
Douglas et al 2012,McFarlin,Dzitya,21.07,-89.69,5.0,-128.5,1.0,Soil,,,-18.0,4.0,-112.5,,,,,,,User compilation,OK
"Feng et al., 2019",Ladd,JS13,26.4786,100.4194,1246.0,-202.0,,Soil,,,-73.08368901,,-139.1,,,,,,,User compilation,OK
"Feng et al., 2019",Ladd,JS2,26.487,100.323,2290.0,-203.0,,Soil,,,-79.00912049,,-134.6,,,,,,,User compilation,OK
"Feng et al., 2019",Ladd,JS7,26.489,100.353,1794.0,-177.0,,Soil,,,-76.81151062,,-108.5,,,,,,,User compilation,OK
"Feng et al., 2019",Ladd,JH1,26.54,99.958,2263.0,-205.0,,Soil,,,-82.67067436,,-133.4,,,,,,,User compilation,OK
"Feng et al., 2019",Ladd,JH6,26.54,99.992,2701.0,-209.0,,Soil,,,-86.00246992,,-134.6,,,,,,,User compilation,OK
"Feng et al., 2019",Ladd,JH3,26.555,99.968,2412.0,-210.0,,Soil,,,-83.49885263,,-138.0,,,,,,,User compilation,OK
"Feng et al., 2019",Ladd,LJ4,26.635,99.836,2615.0,-214.0,,Soil,,,-87.32545894,,-138.8,,,,,,,User compilation,OK
"Feng et al., 2019",Ladd,LJ14,26.637,99.752,3608.0,-242.0,,Soil,,,-94.63215983,,-162.8,,,,,,,User compilation,OK
"Feng et al., 2019",Ladd,LJ3,26.64,99.85,2509.0,-214.0,,Soil,,,-86.49041781,,-139.6,,,,,,,User compilation,OK
"Feng et al., 2019",Ladd,LJ11,26.658,99.783,3303.0,-237.0,,Soil,,,-89.65413298,,-161.9,,,,,,,User compilation,OK
"Feng et al., 2019",Ladd,LJ10,26.659,99.788,3224.0,-242.0,,Soil,,,-89.07249616,,-167.9,,,,,,,User compilation,OK
Freimuth et al. 2019,Manual extraction,"Adirondack lakes, NY, USA (12-lake mean)",44.0,-74.5,,-188.0,6.0,Lake sediment,Mixed temperate forest,Temperate forest,,,-123.0,,,Temperate deciduous/mixed forest,Mean of 12 lakes; range -179 to -197,10.1016/j.gca.2019.08.026,Manual extraction,Computer v6,"Missing: elevation, d2H_precip"
Garcin et al. 2012,Manual extraction,"Ossa, Cameroon",3.7686,10.0049,17.0,-147.0,4.0,Lake sediment,Guinea-Congolia forest,Tropical forest,-12.6,1.0,-136.1,2900.0,26.3,Guinea-Congolia,,10.1016/j.gca.2011.11.039,Manual extraction,Both,OK
Garcin et al. 2012,Manual extraction,"Debundscha, Cameroon",4.1034,8.9805,70.0,-153.0,5.0,Lake sediment,Guinea-Congolia forest,Tropical forest,-8.4,0.0,-145.8,11700.0,25.7,Guinea-Congolia,,10.1016/j.gca.2011.11.039,Manual extraction,Both,OK
Garcin et al. 2012,Manual extraction,"Barombi Mbo, Cameroon",4.6544,9.4086,304.0,-164.0,1.0,Lake sediment,Guinea-Congolia forest,Tropical forest,-15.8,3.0,-150.6,2550.0,24.9,Guinea-Congolia,,10.1016/j.gca.2011.11.039,Manual extraction,Both,OK
Garcin et al. 2012,Manual extraction,"Manengouba F., Cameroon",5.0364,9.8284,1911.0,-185.0,4.0,Lake sediment,Transition zone vegetation,Montane forest,-38.8,10.0,-152.1,2700.0,16.0,Transition zone,,10.1016/j.gca.2011.11.039,Manual extraction,Both,OK
Garcin et al. 2012,Manual extraction,"Baleng, Cameroon",5.5503,10.4211,1376.0,-150.0,1.0,Lake sediment,Transition zone vegetation,Mixed forest/savanna,-19.8,9.0,-132.8,1850.0,20.5,Transition zone,,10.1016/j.gca.2011.11.039,Manual extraction,Both,OK
Garcin et al. 2012,Manual extraction,"Assom, Cameroon",6.6245,12.9816,896.0,-154.0,3.0,Lake sediment,Transition zone vegetation,Mixed forest/savanna,-14.9,8.0,-141.2,1740.0,23.0,Transition zone,,10.1016/j.gca.2011.11.039,Manual extraction,Both,OK
Garcin et al. 2012,Manual extraction,"Tabere, Cameroon",7.1307,13.694,1161.0,-167.0,1.0,Lake sediment,Transition zone vegetation,Mixed forest/savanna,-15.6,5.0,-153.8,1450.0,21.7,Transition zone,,10.1016/j.gca.2011.11.039,Manual extraction,Both,OK
Garcin et al. 2012,Manual extraction,"Tizong, Cameroon",7.2533,13.5769,1155.0,-155.0,1.0,Lake sediment,Transition zone vegetation,Mixed forest/savanna,-15.6,4.0,-141.6,1450.0,21.9,Transition zone,,10.1016/j.gca.2011.11.039,Manual extraction,Both,OK
Garcin et al. 2012,Manual extraction,"Mamguiewa, Cameroon",8.3909,13.7089,322.0,-156.0,8.0,Lake sediment,Transition zone vegetation,Mixed forest/savanna,-17.9,10.0,-140.6,1560.0,26.3,Transition zone,,10.1016/j.gca.2011.11.039,Manual extraction,Both,OK
Garcin et al. 2012,Manual extraction,"Rhumsiki, Cameroon",10.5082,13.5838,1028.0,-167.0,3.0,Lake sediment,Sudano-Sahelian vegetation,Savanna/grassland,-26.0,5.0,-144.8,970.0,22.7,Sudano-Sahelian,,10.1016/j.gca.2011.11.039,Manual extraction,Both,OK
Garcin et al. 2012,Manual extraction,"Mora, Cameroon",11.0547,14.1457,438.0,-170.0,3.0,Lake sediment,Sudano-Sahelian vegetation,Savanna/grassland,-27.6,3.0,-146.4,540.0,27.2,Sudano-Sahelian,,10.1016/j.gca.2011.11.039,Manual extraction,Both,OK
"Garcin et al., 2012",Ladd,MANE,5.03,9.83,1911.0,-184.83,,Lake sediment,,,-36.60037978,,-153.9,,,,,,,User compilation,OK
Gaviria-Lugo et al. 2023,Manual extraction,"Chile, humid zone (mean)",-38.0,-73.0,,-185.0,,Soil/river sediment,Humid zone vegetation,Temperate forest,,,-121.0,,,Humid,Mean of humid-zone sites; epsilon approx constant,10.5194/bg-20-4433-2023,Manual extraction,Computer v6,"Missing: elevation, d2H_precip"
Gaviria-Lugo et al. 2023,Manual extraction,"Chile, semiarid zone (mean)",-32.0,-71.0,,-140.0,,Soil/river sediment,Semiarid vegetation,Mediterranean scrub,,,-121.0,,,Semiarid,Mean of semiarid sites,10.5194/bg-20-4433-2023,Manual extraction,Computer v6,"Missing: elevation, d2H_precip"
Gaviria-Lugo et al. 2023,Manual extraction,"Chile, hyperarid zone (mean)",-24.0,-70.0,,-90.0,,Soil/river sediment,Hyperarid vegetation,Desert,,,-86.0,,,Hyperarid,Mean of hyperarid sites; epsilon less negative due to evapotranspiration,10.5194/bg-20-4433-2023,Manual extraction,Computer v6,"Missing: elevation, d2H_precip"
"Gaviria-Lugo et al., 2023",,Maullin B,-41.4787,-73.2756,,-185.2,0.7,Soil,,,-50.0,1.5,-142.3,,,,,,,User compilation,Missing: elevation
"Gaviria-Lugo et al., 2023",,Rio Maullin,-41.474,-73.2726,,-168.4,9.1,Soil,,,-53.8,1.4,-121.1,,,,,,,User compilation,Missing: elevation
"Gaviria-Lugo et al., 2023",,Maullin A,-41.474,-73.2726,,-173.9,7.9,Soil,,,-50.0,1.5,-130.4,,,,,,,User compilation,Missing: elevation
"Gaviria-Lugo et al., 2023",,GeoB7194-1_1-2 cm,-41.4175,-74.4337,,-164.1,4.5,Soil,,,,,,,,,,,,User compilation,"Missing: elevation, d2H_precip"
"Gaviria-Lugo et al., 2023",,Rio Llico,-41.2269,-73.753,,-171.2,5.0,Soil,,,-54.8,1.6,-123.1,,,,,,,User compilation,Missing: elevation
"Gaviria-Lugo et al., 2023",,Bueno,-40.3326,-73.4128,,-163.8,3.2,Soil,,,-57.8,0.8,-112.5,,,,,,,User compilation,Missing: elevation
"Gaviria-Lugo et al., 2023",,Rio Bueno,-40.29,-73.5354,,-165.1,0.2,Soil,,,-61.1,1.0,-110.8,,,,,,,User compilation,Missing: elevation
"Gaviria-Lugo et al., 2023",,GeoB7214-1_1-2 cm,-39.875,-74.1672,,-155.9,1.6,Soil,,,,,,,,,,,,User compilation,"Missing: elevation, d2H_precip"
"Gaviria-Lugo et al., 2023",,Rio CalleCalle,-39.7902,-73.1749,,-170.0,2.3,Soil,,,-63.5,1.0,-113.7,,,,,,,User compilation,Missing: elevation
"Gaviria-Lugo et al., 2023",,CalleCalle,-39.7885,-72.9681,,-160.8,1.9,Soil,,,-55.0,0.4,-112.0,,,,,,,User compilation,Missing: elevation
"Gaviria-Lugo et al., 2023",,GeoB7212-1_1-2 cm,-39.7,-74.38,,-153.8,2.9,Soil,,,,,,,,,,,,User compilation,"Missing: elevation, d2H_precip"
"Gaviria-Lugo et al., 2023",,Rio Cruces,-39.5493,-72.8419,,-160.4,6.1,Soil,,,-57.3,0.5,-109.4,,,,,,,User compilation,Missing: elevation
"Gaviria-Lugo et al., 2023",,Rio Tolten,-39.0747,-73.1397,,-179.1,0.2,Soil,,,-61.8,1.2,-125.0,,,,,,,User compilation,Missing: elevation
"Gaviria-Lugo et al., 2023",,GeoB7207-1_1-2 cm,-39.07,-74.37,,-166.3,4.1,Soil,,,,,,,,,,,,User compilation,"Missing: elevation, d2H_precip"
"Gaviria-Lugo et al., 2023",,GeoB7209-2_1-2 cm,-38.9913,-74.1642,,-161.5,5.9,Soil,,,,,,,,,,,,User compilation,"Missing: elevation, d2H_precip"
"Gaviria-Lugo et al., 2023",,Rio Imperial,-38.7287,-73.1267,,-163.4,1.4,Soil,,,-54.5,0.9,-115.2,,,,,,,User compilation,Missing: elevation
"Gaviria-Lugo et al., 2023",,GeoB7198-1_1-2 cm,-38.17,-74.39,,-150.6,2.6,Soil,,,,,,,,,,,,User compilation,"Missing: elevation, d2H_precip"
"Gaviria-Lugo et al., 2023",,Estero Los Gringos,-37.8035,-72.9371,,-173.6,0.1,Soil,,,-57.4,2.3,-123.3,,,,,,,User compilation,Missing: elevation
"Gaviria-Lugo et al., 2023",,BioBio B,-37.3473,-72.885,,-164.2,2.2,Soil,,,-38.7,1.4,-130.6,,,,,,,User compilation,Missing: elevation
"Gaviria-Lugo et al., 2023",,Rio BioBio,-37.1131,-72.9647,,-158.1,1.8,Soil,,,-54.9,1.7,-109.2,,,,,,,User compilation,Missing: elevation
"Gaviria-Lugo et al., 2023",,BioBio A,-37.1126,-72.9619,,-178.7,1.3,Soil,,,-34.3,1.4,-149.5,,,,,,,User compilation,Missing: elevation
"Gaviria-Lugo et al., 2023",,GeoB7162-4_1-2 cm,-36.5427,-73.6672,,-164.8,0.3,Soil,,,,,,,,,,,,User compilation,"Missing: elevation, d2H_precip"
"Gaviria-Lugo et al., 2023",,GeoB7167-4_1-2 cm,-36.45,-73.91,,-149.8,2.7,Soil,,,,,,,,,,,,User compilation,"Missing: elevation, d2H_precip"
"Gaviria-Lugo et al., 2023",,Rio Itata,-36.3999,-72.7762,,-175.4,0.2,Soil,,,-47.3,1.2,-134.5,,,,,,,User compilation,Missing: elevation
"Gaviria-Lugo et al., 2023",,GeoB7160-4_1-2 cm,-36.0385,-73.0735,,-168.0,2.2,Soil,,,,,,,,,,,,User compilation,"Missing: elevation, d2H_precip"
"Gaviria-Lugo et al., 2023",,Rio Chovellen,-35.9254,-72.623,,-158.0,3.0,Soil,,,-42.7,0.9,-120.4,,,,,,,User compilation,Missing: elevation
"Gaviria-Lugo et al., 2023",,GeoB7157-1_1-2 cm,-35.78,-73.59,,-164.2,3.3,Soil,,,,,,,,,,,,User compilation,"Missing: elevation, d2H_precip"
"Gaviria-Lugo et al., 2023",,Rio Maule,-35.3882,-72.2978,,-155.2,0.7,Soil,,,-51.5,1.8,-109.3,,,,,,,User compilation,Missing: elevation
"Gaviria-Lugo et al., 2023",,GeoB3355-4_1-2 cm,-35.2183,-73.1167,,-162.8,1.1,Soil,,,,,,,,,,,,User compilation,"Missing: elevation, d2H_precip"
"Gaviria-Lugo et al., 2023",,GeoB3352-2_1-2 cm,-35.2167,-73.3167,,-166.3,0.5,Soil,,,,,,,,,,,,User compilation,"Missing: elevation, d2H_precip"
"Gaviria-Lugo et al., 2023",,Rapel,-34.5693,-71.6361,,-170.0,0.1,Soil,,,-44.0,0.8,-131.8,,,,,,,User compilation,Missing: elevation
"Gaviria-Lugo et al., 2023",,GeoB7152-1_1-2 cm,-33.8,-72.1102,,-167.8,0.4,Soil,,,,,,,,,,,,User compilation,"Missing: elevation, d2H_precip"
"Gaviria-Lugo et al., 2023",,Rio Maipo,-33.7738,-71.5272,,-167.2,6.8,Soil,,,-63.3,2.8,-110.9,,,,,,,User compilation,Missing: elevation
"Gaviria-Lugo et al., 2023",,SanAntonio-Maipo,-33.7736,-71.5246,,-182.7,1.1,Soil,,,-44.1,0.6,-145.0,,,,,,,User compilation,Missing: elevation
"Gaviria-Lugo et al., 2023",,GeoB3311-2_1-2 cm,-33.6067,-72.0467,,-157.3,4.2,Soil,,,,,,,,,,,,User compilation,"Missing: elevation, d2H_precip"
"Gaviria-Lugo et al., 2023",,Cajon del Maipo,-33.5814,-70.3586,,-164.7,0.6,Soil,,,-69.7,2.6,-102.1,,,,,,,User compilation,Missing: elevation
"Gaviria-Lugo et al., 2023",,GeoB3303-1_1-2 cm,-33.2067,-72.2,,-158.0,5.0,Soil,,,,,,,,,,,,User compilation,"Missing: elevation, d2H_precip"
"Gaviria-Lugo et al., 2023",,Rio Aconcagua,-32.9196,-71.3959,,-168.6,4.5,Soil,,,-65.4,3.2,-110.4,,,,,,,User compilation,Missing: elevation
"Gaviria-Lugo et al., 2023",,Quebrada La Campana,-32.9082,-71.0994,,-170.0,1.7,Soil,,,-53.4,1.3,-123.2,,,,,,,User compilation,Missing: elevation
"Gaviria-Lugo et al., 2023",,GeoB3304-3_1-2 cm,-32.89,-72.1933,,-153.8,2.9,Soil,,,,,,,,,,,,User compilation,"Missing: elevation, d2H_precip"
"Gaviria-Lugo et al., 2023",,Rio Choapa,-31.5922,-71.5382,,-158.7,2.3,Soil,,,-59.7,2.9,-105.3,,,,,,,User compilation,Missing: elevation
"Gaviria-Lugo et al., 2023",,GeoB7144-1_1-2 cm,-31.16,-71.97,,-151.9,0.2,Soil,,,,,,,,,,,,User compilation,"Missing: elevation, d2H_precip"
"Gaviria-Lugo et al., 2023",,Rio Limari,-30.6585,-71.5072,,-165.4,2.8,Soil,,,-59.7,3.4,-112.4,,,,,,,User compilation,Missing: elevation
"Gaviria-Lugo et al., 2023",,GeoB7138-1_1-2 cm,-30.13,-71.87,,-154.6,5.2,Soil,,,,,,,,,,,,User compilation,"Missing: elevation, d2H_precip"
"Gaviria-Lugo et al., 2023",,Talca B,-30.0548,-71.0894,,-153.5,2.4,Soil,,,-42.6,0.9,-115.8,,,,,,,User compilation,Missing: elevation
"Gaviria-Lugo et al., 2023",,Talca A,-30.0545,-71.094,,-160.9,0.1,Soil,,,-42.6,0.9,-123.6,,,,,,,User compilation,Missing: elevation
"Gaviria-Lugo et al., 2023",,Rio Elqui,-29.9459,-71.1293,,-154.7,8.0,Soil,,,-70.2,5.2,-90.9,,,,,,,User compilation,Missing: elevation
"Gaviria-Lugo et al., 2023",,GeoB7134-1_1-2 cm,-29.72,-71.77,,-153.2,3.6,Soil,,,,,,,,,,,,User compilation,"Missing: elevation, d2H_precip"
"Gaviria-Lugo et al., 2023",,GeoB7135-1_1-2 cm,-29.6667,-71.6758,,-155.6,1.3,Soil,,,,,,,,,,,,User compilation,"Missing: elevation, d2H_precip"
"Gaviria-Lugo et al., 2023",,Choros,-29.3332,-71.2311,,-103.0,1.7,Soil,,,-40.2,1.0,-65.4,,,,,,,User compilation,NOTE: ε outside typical range (-65‰); Missing: elevation
"Gaviria-Lugo et al., 2023",,Quebrada Los Choros,-29.3302,-71.2364,,-151.6,6.5,Soil,,,-54.7,2.8,-102.5,,,,,,,User compilation,Missing: elevation
"Gaviria-Lugo et al., 2023",,Rio Huasco,-28.4873,-71.1486,,-158.2,7.0,Soil,,,-69.5,5.2,-95.3,,,,,,,User compilation,Missing: elevation
"Gaviria-Lugo et al., 2023",,GeoB7130-1_1-2 cm,-28.42,-71.613,,-152.1,5.5,Soil,,,,,,,,,,,,User compilation,"Missing: elevation, d2H_precip"
"Gaviria-Lugo et al., 2023",,GeoB7129-1_1-2 cm,-28.4168,-71.33,,-155.8,10.8,Soil,,,,,,,,,,,,User compilation,"Missing: elevation, d2H_precip"
"Gaviria-Lugo et al., 2023",,GeoB7127-1_1-2 cm,-28.3837,-71.4712,,-151.6,1.4,Soil,,,,,,,,,,,,User compilation,"Missing: elevation, d2H_precip"
"Gaviria-Lugo et al., 2023",,Quebrada Totoral,-27.8321,-71.0816,,-151.5,2.0,Soil,,,-48.9,3.3,-107.9,,,,,,,User compilation,Missing: elevation
"Gaviria-Lugo et al., 2023",,GeoB3374-1_1-2 cm,-27.4733,-71.1717,,-144.9,9.0,Soil,,,,,,,,,,,,User compilation,"Missing: elevation, d2H_precip"
"Gaviria-Lugo et al., 2023",,GeoB3377-1_1-2 cm,-27.4667,-71.525,,-146.2,13.4,Soil,,,,,,,,,,,,User compilation,"Missing: elevation, d2H_precip"
"Gaviria-Lugo et al., 2023",,GeoB3376-2_1-2 cm,-27.4667,-71.3617,,-144.7,14.6,Soil,,,,,,,,,,,,User compilation,"Missing: elevation, d2H_precip"
"Gaviria-Lugo et al., 2023",,Rio Copiapo,-27.3281,-70.9136,,-148.9,5.1,Soil,,,-62.6,5.0,-92.1,,,,,,,User compilation,Missing: elevation
"Gaviria-Lugo et al., 2023",,GeoB7123-2_1-2 cm,-27.29,-71.05,,-150.9,5.0,Soil,,,,,,,,,,,,User compilation,"Missing: elevation, d2H_precip"
"Gaviria-Lugo et al., 2023",,Quebrada Pto Flamenco,-26.5626,-70.6589,,-118.7,0.6,Soil,,,-40.2,2.9,-81.8,,,,,,,User compilation,Missing: elevation
"Gaviria-Lugo et al., 2023",,Rio Salado,-26.3366,-70.5699,,-138.8,0.5,Soil,,,-47.8,3.1,-95.6,,,,,,,User compilation,Missing: elevation
"Gaviria-Lugo et al., 2023",,Rio Pan de Azucar,-26.1487,-70.6527,,-126.2,2.2,Soil,,,-50.8,3.2,-79.4,,,,,,,User compilation,Missing: elevation
"Gaviria-Lugo et al., 2023",,Quebrada Salitrosa,-26.1116,-70.5561,,-89.9,0.6,Soil,,,-29.1,2.6,-62.6,,,,,,,User compilation,NOTE: ε outside typical range (-63‰); Missing: elevation
"Gaviria-Lugo et al., 2023",,GeoB7116-1_1-2 cm,-26.0002,-70.9998,,-118.9,2.7,Soil,,,,,,,,,,,,User compilation,"Missing: elevation, d2H_precip"
"Gaviria-Lugo et al., 2023",,GeoB7118-1_1-2 cm,-25.9997,-70.8092,,-108.5,3.5,Soil,,,,,,,,,,,,User compilation,"Missing: elevation, d2H_precip"
Gensel et al. 2022,,"Mkhuze Wetland, South Africa (MK32-1)",-27.9267,32.4894,,-130.0,,Surface sediment,,,,,,,,,"Mkhuze River & Lake St. Lucia, surface sediment (0-10cm)",10.5194/bg-19-2881-2022,PANGAEA 935586,Gap-fill v8,OK
Gensel et al. 2022,,"Mkhuze Wetland, South Africa (MK31-1)",-27.9225,32.4869,,-132.2,,Surface sediment,,,,,,,,,"Mkhuze River & Lake St. Lucia, surface sediment (0-10cm)",10.5194/bg-19-2881-2022,PANGAEA 935586,Gap-fill v8,OK
Gensel et al. 2022,,"Mkhuze Wetland, South Africa (MK29-1)",-27.913,32.486,,-130.6,,Surface sediment,,,,,,,,,"Mkhuze River & Lake St. Lucia, surface sediment (0-10cm)",10.5194/bg-19-2881-2022,PANGAEA 935586,Gap-fill v8,OK
Gensel et al. 2022,,"Mkhuze Wetland, South Africa (MK26-1)",-27.8995,32.4834,,-142.4,2.9,Surface sediment,,,,,,,,,"Mkhuze River & Lake St. Lucia, surface sediment (0-10cm)",10.5194/bg-19-2881-2022,PANGAEA 935586,Gap-fill v8,OK
Gensel et al. 2022,,"Mkhuze Wetland, South Africa (MK25-1)",-27.8948,32.4832,,-134.0,,Surface sediment,,,,,,,,,"Mkhuze River & Lake St. Lucia, surface sediment (0-10cm)",10.5194/bg-19-2881-2022,PANGAEA 935586,Gap-fill v8,OK
Gensel et al. 2022,,"Mkhuze Wetland, South Africa (MK08-2)",-27.8896,32.483,,-148.5,1.0,Surface sediment,,,,,,,,,"Mkhuze River & Lake St. Lucia, surface sediment (0-10cm)",10.5194/bg-19-2881-2022,PANGAEA 935586,Gap-fill v8,OK
Gensel et al. 2022,,"Mkhuze Wetland, South Africa (MK08-4)",-27.8863,32.4838,,-148.6,,Surface sediment,,,,,,,,,"Mkhuze River & Lake St. Lucia, surface sediment (0-10cm)",10.5194/bg-19-2881-2022,PANGAEA 935586,Gap-fill v8,OK
Gensel et al. 2022,,"Mkhuze Wetland, South Africa (MK18-1)",-27.878,32.4834,,-146.7,0.2,Surface sediment,,,,,,,,,"Mkhuze River & Lake St. Lucia, surface sediment (0-10cm)",10.5194/bg-19-2881-2022,PANGAEA 935586,Gap-fill v8,OK
Gensel et al. 2022,,"Mkhuze Wetland, South Africa (MK16-1)",-27.87,32.4845,,-153.4,0.3,Surface sediment,,,,,,,,,"Mkhuze River & Lake St. Lucia, surface sediment (0-10cm)",10.5194/bg-19-2881-2022,PANGAEA 935586,Gap-fill v8,OK
Gensel et al. 2022,,"Mkhuze Wetland, South Africa (MK15-1)",-27.865,32.484,,-152.9,0.6,Surface sediment,,,,,,,,,"Mkhuze River & Lake St. Lucia, surface sediment (0-10cm)",10.5194/bg-19-2881-2022,PANGAEA 935586,Gap-fill v8,OK
Gensel et al. 2022,,"Mkhuze Wetland, South Africa (MK14-1)",-27.8567,32.4785,,-157.9,0.3,Surface sediment,,,,,,,,,"Mkhuze River & Lake St. Lucia, surface sediment (0-10cm)",10.5194/bg-19-2881-2022,PANGAEA 935586,Gap-fill v8,OK
Gensel et al. 2022,,"Mkhuze Wetland, South Africa (MK24-4)",-27.8561,32.4793,,-154.2,0.3,Surface sediment,,,,,,,,,"Mkhuze River & Lake St. Lucia, surface sediment (0-10cm)",10.5194/bg-19-2881-2022,PANGAEA 935586,Gap-fill v8,OK
Gensel et al. 2022,,"Mkhuze Wetland, South Africa (MK23-1)",-27.8526,32.4749,,-133.8,0.4,Surface sediment,,,,,,,,,"Mkhuze River & Lake St. Lucia, surface sediment (0-10cm)",10.5194/bg-19-2881-2022,PANGAEA 935586,Gap-fill v8,OK
Gensel et al. 2022,,"Mkhuze Wetland, South Africa (MK07-5_1)",-27.8412,32.4784,,-157.1,,Surface sediment,,,,,,,,,"Mkhuze River & Lake St. Lucia, surface sediment (0-10cm)",10.5194/bg-19-2881-2022,PANGAEA 935586,Gap-fill v8,OK
Gensel et al. 2022,,"Mkhuze Wetland, South Africa (MK07-5_2)",-27.8412,32.4784,,-164.8,0.0,Surface sediment,,,,,,,,,"Mkhuze River & Lake St. Lucia, surface sediment (0-10cm)",10.5194/bg-19-2881-2022,PANGAEA 935586,Gap-fill v8,OK
Gensel et al. 2022,,"Mkhuze Wetland, South Africa (MK21-1)",-27.746,32.5021,,-138.5,0.2,Surface sediment,,,,,,,,,"Mkhuze River & Lake St. Lucia, surface sediment (0-10cm)",10.5194/bg-19-2881-2022,PANGAEA 935586,Gap-fill v8,OK
Gensel et al. 2022,,"Mkhuze Wetland, South Africa (MK22-1)",-27.746,32.5021,,-150.9,0.1,Surface sediment,,,,,,,,,"Mkhuze River & Lake St. Lucia, surface sediment (0-10cm)",10.5194/bg-19-2881-2022,PANGAEA 935586,Gap-fill v8,OK
Gensel et al. 2022,,"Mkhuze Wetland, South Africa (MK20-1)",-27.7254,32.4868,,-155.0,0.3,Surface sediment,,,,,,,,,"Mkhuze River & Lake St. Lucia, surface sediment (0-10cm)",10.5194/bg-19-2881-2022,PANGAEA 935586,Gap-fill v8,OK
Gensel et al. 2022,,"Mkhuze Wetland, South Africa (MK20-2)",-27.7254,32.4868,,-146.5,0.2,Surface sediment,,,,,,,,,"Mkhuze River & Lake St. Lucia, surface sediment (0-10cm)",10.5194/bg-19-2881-2022,PANGAEA 935586,Gap-fill v8,OK
Gensel et al. 2022,,"Mkhuze Wetland, South Africa (MK10-1)",-27.6962,32.4746,,-160.3,0.1,Surface sediment,,,,,,,,,"Mkhuze River & Lake St. Lucia, surface sediment (0-10cm)",10.5194/bg-19-2881-2022,PANGAEA 935586,Gap-fill v8,OK
Gensel et al. 2022,,"Mkhuze Wetland, South Africa (MK12-1)",-27.6961,32.4679,,-149.5,0.8,Surface sediment,,,,,,,,,"Mkhuze River & Lake St. Lucia, surface sediment (0-10cm)",10.5194/bg-19-2881-2022,PANGAEA 935586,Gap-fill v8,OK
Gensel et al. 2022,,"Mkhuze Wetland, South Africa (MK03-1)",-27.6628,32.4199,,-138.9,,Surface sediment,,,,,,,,,"Mkhuze River & Lake St. Lucia, surface sediment (0-10cm)",10.5194/bg-19-2881-2022,PANGAEA 935586,Gap-fill v8,OK
Gensel et al. 2022,,"Mkhuze Wetland, South Africa (MK03-2)",-27.6628,32.4199,,-160.4,1.0,Surface sediment,,,,,,,,,"Mkhuze River & Lake St. Lucia, surface sediment (0-10cm)",10.5194/bg-19-2881-2022,PANGAEA 935586,Gap-fill v8,OK
Gensel et al. 2022,,"Mkhuze Wetland, South Africa (MK03-3)",-27.6628,32.4199,,-145.7,,Surface sediment,,,,,,,,,"Mkhuze River & Lake St. Lucia, surface sediment (0-10cm)",10.5194/bg-19-2881-2022,PANGAEA 935586,Gap-fill v8,OK
Gensel et al. 2022,,"Mkhuze Wetland, South Africa (MK02-3)",-27.6548,32.4031,,-143.9,0.1,Surface sediment,,,,,,,,,"Mkhuze River & Lake St. Lucia, surface sediment (0-10cm)",10.5194/bg-19-2881-2022,PANGAEA 935586,Gap-fill v8,OK
Gensel et al. 2022,,"Mkhuze Wetland, South Africa (MK01-10)",-27.5987,32.3021,,-131.5,0.2,Surface sediment,,,,,,,,,"Mkhuze River & Lake St. Lucia, surface sediment (0-10cm)",10.5194/bg-19-2881-2022,PANGAEA 935586,Gap-fill v8,OK
Gensel et al. 2022,,"Mkhuze Wetland, South Africa (MK06-1)",-27.5918,32.2185,,-147.4,0.3,Surface sediment,,,,,,,,,"Mkhuze River & Lake St. Lucia, surface sediment (0-10cm)",10.5194/bg-19-2881-2022,PANGAEA 935586,Gap-fill v8,OK
Gensel et al. 2022,,"Mkhuze Wetland, South Africa (MK05-1)",-27.5839,32.1471,,-143.3,0.2,Surface sediment,,,,,,,,,"Mkhuze River & Lake St. Lucia, surface sediment (0-10cm)",10.5194/bg-19-2881-2022,PANGAEA 935586,Gap-fill v8,OK
Hren & Brandon 2026,Hren & Brandon 2026 Zenodo: 17209981,"Yunnan, drainage: Mekong",22.19287,100.527905,1400.0,-209.0,2.475,Soil,,soil,-81.993,,-138.4,,13.65,Yunnan,Outside primary study area - flagged in model analysis; Drainage: Mekong,10.1029/2025PA005167,Hren & Brandon 2026 Zenodo: 17209981,Computer v6,OK
Hren & Brandon 2026,Hren & Brandon 2026 Zenodo: 17209981,"Yunnan, drainage: Mekong",22.341296,101.270996,931.0,-212.0,2.475,Soil,,soil,-28.308,,-189.0,,16.34,Yunnan,Outside primary study area - flagged in model analysis; Drainage: Mekong,10.1029/2025PA005167,Hren & Brandon 2026 Zenodo: 17209981,Computer v6,NOTE: ε outside typical range (-189‰)
Hren & Brandon 2026,Hren & Brandon 2026 Zenodo: 17209981,"Yunnan, drainage: Mekong",22.71668,101.32093,956.0,-188.0,2.475,Soil,,soil,-31.696,,-161.4,,16.0,Yunnan,Outside primary study area - flagged in model analysis; Drainage: Mekong,10.1029/2025PA005167,Hren & Brandon 2026 Zenodo: 17209981,Computer v6,OK
Hren & Brandon 2026,Hren & Brandon 2026 Zenodo: 17209981,"Yunnan, drainage: Mekong",25.597,100.0586,1265.0,-160.0,3.5,Soil,,soil,-57.647,,-108.6,,12.36,Yunnan,Outside primary study area - flagged in model analysis; Drainage: Mekong,10.1029/2025PA005167,Hren & Brandon 2026 Zenodo: 17209981,Computer v6,OK
Hren & Brandon 2026,Hren & Brandon 2026 Zenodo: 17209981,"Yunnan, drainage: Mekong",25.937,99.3351,1745.0,-172.0,3.5,Soil,,soil,-58.771,,-120.3,,11.61,Yunnan,Outside primary study area - flagged in model analysis; Drainage: Mekong,10.1029/2025PA005167,Hren & Brandon 2026 Zenodo: 17209981,Computer v6,OK
Hren & Brandon 2026,Hren & Brandon 2026 Zenodo: 17209981,"Yunnan, drainage: Mekong",26.486,99.6988,2635.0,-212.0,2.475,Soil,,soil,-63.725,,-158.4,,7.07,Yunnan,Outside primary study area - flagged in model analysis; Drainage: Mekong,10.1029/2025PA005167,Hren & Brandon 2026 Zenodo: 17209981,Computer v6,OK
Hren & Brandon 2026,Hren & Brandon 2026 Zenodo: 17209981,"Yunnan, drainage: Mekong",26.524,99.7771,2357.0,-166.0,2.475,Soil,,soil,-64.572,,-108.4,,8.59,Yunnan,Outside primary study area - flagged in model analysis; Drainage: Mekong,10.1029/2025PA005167,Hren & Brandon 2026 Zenodo: 17209981,Computer v6,OK
Hren & Brandon 2026,Hren & Brandon 2026 Zenodo: 17209981,"Yunnan, drainage: Mekong",26.595,99.8465,2463.0,-183.0,3.5,Soil,,soil,-63.978,,-127.2,,7.9,Yunnan,Outside primary study area - flagged in model analysis; Drainage: Mekong,10.1029/2025PA005167,Hren & Brandon 2026 Zenodo: 17209981,Computer v6,OK
Hren & Brandon 2026,Hren & Brandon 2026 Zenodo: 17209981,"Yunnan, drainage: Mekong",26.667,99.932,2459.0,-167.0,3.5,Soil,,soil,-90.325,,-84.3,,8.1,Yunnan,Outside primary study area - flagged in model analysis; Drainage: Mekong,10.1029/2025PA005167,Hren & Brandon 2026 Zenodo: 17209981,Computer v6,OK
Hren & Brandon 2026,Hren & Brandon 2026 Zenodo: 17209981,"Yunnan, drainage: Yangtze",26.8637,100.0371,2500.0,-188.0,3.5,Soil,,soil,-64.811,,-131.7,,8.15,Yunnan,Outside primary study area - flagged in model analysis; Drainage: Yangtze,10.1029/2025PA005167,Hren & Brandon 2026 Zenodo: 17209981,Computer v6,OK
Hren & Brandon 2026,Hren & Brandon 2026 Zenodo: 17209981,"Yunnan, drainage: Yangtze",26.882,100.0011,1881.0,-195.0,2.475,Soil,,soil,-68.031,,-136.2,,11.12,Yunnan,Outside primary study area - flagged in model analysis; Drainage: Yangtze,10.1029/2025PA005167,Hren & Brandon 2026 Zenodo: 17209981,Computer v6,OK
Hren & Brandon 2026,Hren & Brandon 2026 Zenodo: 17209981,"Yunnan, drainage: Yangtze",27.073,99.5562,2549.0,-190.0,2.475,Soil,,soil,-85.94,,-113.8,,7.18,Yunnan,Outside primary study area - flagged in model analysis; Drainage: Yangtze,10.1029/2025PA005167,Hren & Brandon 2026 Zenodo: 17209981,Computer v6,OK
Hren & Brandon 2026,Hren & Brandon 2026 Zenodo: 17209981,"Yunnan, drainage: Yangtze",27.1409,100.6678,3075.0,-215.0,3.5,Soil,,soil,-60.819,,-164.2,,5.04,Yunnan,Outside primary study area - flagged in model analysis; Drainage: Yangtze,10.1029/2025PA005167,Hren & Brandon 2026 Zenodo: 17209981,Computer v6,OK
Hren & Brandon 2026,Hren & Brandon 2026 Zenodo: 17209981,"Yunnan, drainage: Yangtze",27.223472,100.025806,1970.0,-203.0,2.475,Soil,,soil,-73.388,,-139.9,,10.15,Yunnan,Outside primary study area - flagged in model analysis; Drainage: Yangtze,10.1029/2025PA005167,Hren & Brandon 2026 Zenodo: 17209981,Computer v6,OK
Hren & Brandon 2026,Hren & Brandon 2026 Zenodo: 17209981,"Yunnan, drainage: Yangtze",27.399,100.8425,2538.0,-169.0,2.475,Soil,,soil,-65.785,,-110.5,,7.77,Yunnan,Outside primary study area - flagged in model analysis; Drainage: Yangtze,10.1029/2025PA005167,Hren & Brandon 2026 Zenodo: 17209981,Computer v6,OK
Hren & Brandon 2026,Hren & Brandon 2026 Zenodo: 17209981,"Yunnan, drainage: Yangtze",27.4581,101.2959,2754.0,-181.0,3.5,Soil,,soil,-65.567,,-123.5,,6.94,Yunnan,Outside primary study area - flagged in model analysis; Drainage: Yangtze,10.1029/2025PA005167,Hren & Brandon 2026 Zenodo: 17209981,Computer v6,OK
Hren & Brandon 2026,Hren & Brandon 2026 Zenodo: 17209981,"Yunnan, drainage: Yangtze",27.4987,101.334,2233.0,-194.0,2.475,Soil,,soil,-67.781,,-135.4,,9.24,Yunnan,Outside primary study area - flagged in model analysis; Drainage: Yangtze,10.1029/2025PA005167,Hren & Brandon 2026 Zenodo: 17209981,Computer v6,OK
Hren & Brandon 2026,Hren & Brandon 2026 Zenodo: 17209981,"Himalaya, drainage: Brahmaputra",27.6314,85.9625,1660.0,-161.0,2.475,Soil,,soil,-53.157,,-113.9,,8.99,Himalayan,Drainage: Brahmaputra; Ref: Floodplain gravel,10.1029/2025PA005167,Hren & Brandon 2026 Zenodo: 17209981,Computer v6,OK
Hren & Brandon 2026,Hren & Brandon 2026 Zenodo: 17209981,"Yunnan, drainage: Yangtze",27.6323,100.8164,3340.0,-191.0,2.475,Soil,,soil,-66.051,,-133.8,,4.01,Yunnan,Outside primary study area - flagged in model analysis; Drainage: Yangtze,10.1029/2025PA005167,Hren & Brandon 2026 Zenodo: 17209981,Computer v6,OK
Hren & Brandon 2026,Hren & Brandon 2026 Zenodo: 17209981,"Himalaya, drainage: Brahmaputra",27.6397,84.1091,160.0,-157.0,2.021,Soil,,soil,-42.018,,-120.0,,19.71,Himalayan,Drainage: Brahmaputra; Ref: Xia et al. [2008]; C from Mügler et al. [2008]; D from Aichner et al. [2010],10.1029/2025PA005167,Hren & Brandon 2026 Zenodo: 17209981,Computer v6,OK
Hren & Brandon 2026,Hren & Brandon 2026 Zenodo: 17209981,"Yunnan, drainage: Yangtze",27.64441333,100.9693,2362.0,-185.0,2.021,Soil,,soil,-68.434,,-125.1,,8.01,Yunnan,Outside primary study area - flagged in model analysis; Drainage: Yangtze,10.1029/2025PA005167,Hren & Brandon 2026 Zenodo: 17209981,Computer v6,OK
Hren & Brandon 2026,Hren & Brandon 2026 Zenodo: 17209981,"Yunnan, drainage: Yangtze",27.7433,100.7687,2764.0,-205.0,2.021,Soil,,soil,-70.684,,-144.5,,6.86,Yunnan,Outside primary study area - flagged in model analysis; Drainage: Yangtze,10.1029/2025PA005167,Hren & Brandon 2026 Zenodo: 17209981,Computer v6,OK
Hren & Brandon 2026,Hren & Brandon 2026 Zenodo: 17209981,"Himalaya, drainage: Brahmaputra",27.8,85.0,416.0,-151.0,2.021,Soil,,soil,-53.502,,-103.0,,18.33,Himalayan,Drainage: Brahmaputra; Ref: Xia et al. [2008]; C from Mügler et al. [2008]; D from Aichner et al. [2010],10.1029/2025PA005167,Hren & Brandon 2026 Zenodo: 17209981,Computer v6,OK
Hren & Brandon 2026,Hren & Brandon 2026 Zenodo: 17209981,"Himalaya, drainage: Brahmaputra",27.9656,85.9669,1960.0,-190.0,2.475,Soil,,soil,-78.225,,-121.3,,9.82,Himalayan,Drainage: Brahmaputra; Ref: The red brown soil +gravel,10.1029/2025PA005167,Hren & Brandon 2026 Zenodo: 17209981,Computer v6,OK
Hren & Brandon 2026,Hren & Brandon 2026 Zenodo: 17209981,"Himalaya, drainage: Brahmaputra",27.9658,85.9792,1690.0,-162.0,2.475,Soil,,soil,-76.582,,-92.5,,6.92,Himalayan,Drainage: Brahmaputra; Ref: Floodplain gravel,10.1029/2025PA005167,Hren & Brandon 2026 Zenodo: 17209981,Computer v6,OK
Hren & Brandon 2026,Hren & Brandon 2026 Zenodo: 17209981,"Himalaya, drainage: Brahmaputra",27.9664,85.9653,1770.0,-174.0,2.475,Soil,,soil,-78.468,,-103.7,,10.29,Himalayan,Drainage: Brahmaputra; Ref: yellow brown soil+gravel,10.1029/2025PA005167,Hren & Brandon 2026 Zenodo: 17209981,Computer v6,OK
Hren & Brandon 2026,Hren & Brandon 2026 Zenodo: 17209981,"Himalaya, drainage: Brahmaputra",27.9744,85.9717,1850.0,-166.0,2.475,Soil,,soil,-78.878,,-94.6,,10.14,Himalayan,Drainage: Brahmaputra; Ref: gravel,10.1029/2025PA005167,Hren & Brandon 2026 Zenodo: 17209981,Computer v6,OK
Hren & Brandon 2026,Hren & Brandon 2026 Zenodo: 17209981,"Himalaya, drainage: Brahmaputra",27.9747,85.9761,2130.0,-189.0,2.475,Soil,,soil,-78.482,,-119.9,,9.02,Himalayan,Drainage: Brahmaputra; Ref: gravel,10.1029/2025PA005167,Hren & Brandon 2026 Zenodo: 17209981,Computer v6,OK
Hren & Brandon 2026,Hren & Brandon 2026 Zenodo: 17209981,"Himalaya, drainage: Brahmaputra",27.9767,85.9764,2060.0,-156.0,2.475,Soil,,soil,-78.765,,-83.8,,9.17,Himalayan,Drainage: Brahmaputra; Ref: The red brown soil,10.1029/2025PA005167,Hren & Brandon 2026 Zenodo: 17209981,Computer v6,OK
Hren & Brandon 2026,Hren & Brandon 2026 Zenodo: 17209981,"Himalaya, drainage: Brahmaputra",27.9831,85.9686,2210.0,-183.0,2.475,Soil,,soil,-79.522,,-112.4,,9.57,Himalayan,Drainage: Brahmaputra; Ref: The red brown soil +gravel,10.1029/2025PA005167,Hren & Brandon 2026 Zenodo: 17209981,Computer v6,OK
Hren & Brandon 2026,Hren & Brandon 2026 Zenodo: 17209981,"Himalaya, drainage: Brahmaputra",27.9942,85.9819,2330.0,-205.0,2.475,Soil,,soil,-80.206,,-135.7,,9.18,Himalayan,Drainage: Brahmaputra; Ref: soil,10.1029/2025PA005167,Hren & Brandon 2026 Zenodo: 17209981,Computer v6,OK
Hren & Brandon 2026,Hren & Brandon 2026 Zenodo: 17209981,"Himalaya, drainage: Brahmaputra",28.0042,85.9775,2570.0,-190.0,2.475,Soil,,soil,-80.386,,-119.2,,7.79,Himalayan,Drainage: Brahmaputra; Ref: Floodplain gravel,10.1029/2025PA005167,Hren & Brandon 2026 Zenodo: 17209981,Computer v6,OK
Hren & Brandon 2026,Hren & Brandon 2026 Zenodo: 17209981,"Himalaya, drainage: Brahmaputra",28.0294,85.9853,2800.0,-193.0,2.475,Soil,,soil,-81.789,,-121.1,,5.81,Himalayan,Drainage: Brahmaputra; Ref: Floodplain gravel,10.1029/2025PA005167,Hren & Brandon 2026 Zenodo: 17209981,Computer v6,OK
Hren & Brandon 2026,Hren & Brandon 2026 Zenodo: 17209981,"Himalaya, drainage: Brahmaputra",28.0378,85.9892,3090.0,-214.0,2.475,Soil,,soil,-82.276,,-143.5,,5.29,Himalayan,Drainage: Brahmaputra; Ref: The red  soil,10.1029/2025PA005167,Hren & Brandon 2026 Zenodo: 17209981,Computer v6,OK
Hren & Brandon 2026,Hren & Brandon 2026 Zenodo: 17209981,"Himalaya, drainage: Brahmaputra",28.0403,85.9881,2920.0,-211.0,2.475,Soil,,soil,-82.432,,-140.1,,5.3,Himalayan,Drainage: Brahmaputra; Ref: The red brown soil,10.1029/2025PA005167,Hren & Brandon 2026 Zenodo: 17209981,Computer v6,OK
Hren & Brandon 2026,Hren & Brandon 2026 Zenodo: 17209981,"Himalaya, drainage: Brahmaputra",28.0653,86.0025,3280.0,-219.0,2.475,Soil,,soil,-82.781,,-148.5,,2.65,Himalayan,Drainage: Brahmaputra; Ref: yellow brown soil,10.1029/2025PA005167,Hren & Brandon 2026 Zenodo: 17209981,Computer v6,OK
Hren & Brandon 2026,Hren & Brandon 2026 Zenodo: 17209981,"Himalaya, drainage: Brahmaputra",28.0881,86.0008,3360.0,-216.0,2.475,Soil,,soil,-85.738,,-142.5,,3.13,Himalayan,Drainage: Brahmaputra; Ref: The red brown soil,10.1029/2025PA005167,Hren & Brandon 2026 Zenodo: 17209981,Computer v6,OK
Hren & Brandon 2026,Hren & Brandon 2026 Zenodo: 17209981,"Himalaya, drainage: Brahmaputra",28.1194,85.9923,3485.0,-183.0,2.021,Soil,,soil,-87.951,,-104.2,,1.12,Himalayan,Drainage: Brahmaputra; Ref: Xia et al. [2008]; C from Mügler et al. [2008]; D from Aichner et al. [2010],10.1029/2025PA005167,Hren & Brandon 2026 Zenodo: 17209981,Computer v6,OK
Hren & Brandon 2026,Hren & Brandon 2026 Zenodo: 17209981,"Himalaya, drainage: Brahmaputra",28.1256,85.9889,3607.0,-210.0,2.475,Soil,,soil,-88.92,,-132.9,,1.62,Himalayan,Drainage: Brahmaputra; Ref: The red brown soil,10.1029/2025PA005167,Hren & Brandon 2026 Zenodo: 17209981,Computer v6,OK
Hren & Brandon 2026,Hren & Brandon 2026 Zenodo: 17209981,"Himalaya, drainage: Brahmaputra",28.1431,85.9831,3795.0,-210.0,2.475,Soil,,soil,-89.777,,-132.1,,0.41,Himalayan,Drainage: Brahmaputra; Ref: Floodplain gravel,10.1029/2025PA005167,Hren & Brandon 2026 Zenodo: 17209981,Computer v6,OK
Hren & Brandon 2026,Hren & Brandon 2026 Zenodo: 17209981,"Himalaya, drainage: Brahmaputra",28.1778,85.9847,3820.0,-199.0,2.475,Soil,,soil,-91.725,,-118.1,,-0.62,Himalayan,Drainage: Brahmaputra; Ref: grit,10.1029/2025PA005167,Hren & Brandon 2026 Zenodo: 17209981,Computer v6,OK
Hren & Brandon 2026,Hren & Brandon 2026 Zenodo: 17209981,"Himalaya, drainage: Brahmaputra",28.22,86.0011,3920.0,-197.0,2.475,Soil,,soil,-96.641,,-111.1,,0.07,Himalayan,Drainage: Brahmaputra; Ref: grit,10.1029/2025PA005167,Hren & Brandon 2026 Zenodo: 17209981,Computer v6,OK
Hren & Brandon 2026,Hren & Brandon 2026 Zenodo: 17209981,"Yunnan, drainage: Yangtze",28.239528,99.278222,2247.0,-220.0,2.475,Soil,,soil,-96.701,,-136.5,,8.36,Yunnan,Outside primary study area - flagged in model analysis; Drainage: Yangtze,10.1029/2025PA005167,Hren & Brandon 2026 Zenodo: 17209981,Computer v6,OK
Hren & Brandon 2026,Hren & Brandon 2026 Zenodo: 17209981,"Himalaya, drainage: Brahmaputra",28.2639,83.7339,850.0,-177.0,2.021,Soil,,soil,-69.135,,-115.9,,15.71,Himalayan,Drainage: Brahmaputra; Ref: Xia et al. [2008]; C from Mügler et al. [2008]; D from Aichner et al. [2010],10.1029/2025PA005167,Hren & Brandon 2026 Zenodo: 17209981,Computer v6,OK
Hren & Brandon 2026,Hren & Brandon 2026 Zenodo: 17209981,"Himalaya, drainage: Brahmaputra",28.3028,86.0367,4150.0,-226.0,2.475,Soil,,soil,-103.536,,-136.6,,-1.68,Himalayan,Drainage: Brahmaputra; Ref: Floodplain gravel,10.1029/2025PA005167,Hren & Brandon 2026 Zenodo: 17209981,Computer v6,OK
Hren & Brandon 2026,Hren & Brandon 2026 Zenodo: 17209981,"Himalaya, drainage: Brahmaputra",28.3675,86.0983,4340.0,-217.0,2.475,Soil,,soil,-107.145,,-123.0,,-2.83,Himalayan,Drainage: Brahmaputra; Ref: Floodplain gravel,10.1029/2025PA005167,Hren & Brandon 2026 Zenodo: 17209981,Computer v6,OK
Hren & Brandon 2026,Hren & Brandon 2026 Zenodo: 17209981,"Yunnan, drainage: Mekong",28.416856,98.963267,3750.0,-240.0,2.475,Soil,,soil,-99.233,,-156.3,,0.48,Yunnan,Outside primary study area - flagged in model analysis; Drainage: Mekong,10.1029/2025PA005167,Hren & Brandon 2026 Zenodo: 17209981,Computer v6,OK
Hren & Brandon 2026,Hren & Brandon 2026 Zenodo: 17209981,"Himalaya, drainage: Brahmaputra",28.4386,86.1561,4497.0,-228.0,2.475,Soil,,soil,-110.476,,-132.1,,-4.03,Himalayan,Drainage: Brahmaputra; Ref: grit,10.1029/2025PA005167,Hren & Brandon 2026 Zenodo: 17209981,Computer v6,OK
Hren & Brandon 2026,Hren & Brandon 2026 Zenodo: 17209981,"Himalaya, drainage: Brahmaputra",28.442784,98.427243,3516.0,-243.0,2.475,Soil,,soil,-100.563,,-158.4,,5.15,Himalayan,Outside primary study area - flagged in model analysis; Drainage: Brahmaputra,10.1029/2025PA005167,Hren & Brandon 2026 Zenodo: 17209981,Computer v6,OK
Hren & Brandon 2026,Hren & Brandon 2026 Zenodo: 17209981,"Yunnan, drainage: Mekong",28.455253,98.869416,3300.0,-230.0,2.475,Soil,,soil,-101.193,,-143.3,,3.0,Yunnan,Outside primary study area - flagged in model analysis; Drainage: Mekong,10.1029/2025PA005167,Hren & Brandon 2026 Zenodo: 17209981,Computer v6,OK
Hren & Brandon 2026,Hren & Brandon 2026 Zenodo: 17209981,"Himalaya, drainage: Brahmaputra",28.4677,97.0338,1514.0,-179.0,2.475,Soil,,soil,-107.258,,-80.4,,12.93,Himalayan,Drainage: Brahmaputra,10.1029/2025PA005167,Hren & Brandon 2026 Zenodo: 17209981,Computer v6,OK
Hren & Brandon 2026,Hren & Brandon 2026 Zenodo: 17209981,"Himalaya, drainage: Brahmaputra",28.4756,86.1639,4658.0,-216.0,2.475,Soil,,soil,-112.504,,-116.6,,-4.71,Himalayan,Drainage: Brahmaputra; Ref: grit,10.1029/2025PA005167,Hren & Brandon 2026 Zenodo: 17209981,Computer v6,OK
Hren & Brandon 2026,Hren & Brandon 2026 Zenodo: 17209981,"Himalaya, drainage: Brahmaputra",28.485,86.1572,4758.0,-224.0,2.475,Soil,,soil,-112.066,,-126.1,,-5.23,Himalayan,Drainage: Brahmaputra; Ref: Floodplain gravel,10.1029/2025PA005167,Hren & Brandon 2026 Zenodo: 17209981,Computer v6,OK
Hren & Brandon 2026,Hren & Brandon 2026 Zenodo: 17209981,"Himalaya, drainage: Brahmaputra",28.4889,86.1481,4852.0,-239.0,2.475,Soil,,soil,-112.712,,-142.3,,-5.3,Himalayan,Drainage: Brahmaputra; Ref: Floodplain gravel,10.1029/2025PA005167,Hren & Brandon 2026 Zenodo: 17209981,Computer v6,OK
Hren & Brandon 2026,Hren & Brandon 2026 Zenodo: 17209981,"Himalaya, drainage: Brahmaputra",28.5114,97.0788,1468.0,-186.0,2.475,Soil,,soil,-107.562,,-87.9,,11.89,Himalayan,Drainage: Brahmaputra,10.1029/2025PA005167,Hren & Brandon 2026 Zenodo: 17209981,Computer v6,OK
Hren & Brandon 2026,Hren & Brandon 2026 Zenodo: 17209981,"Himalaya, drainage: Brahmaputra",28.5164,86.1672,5145.0,-218.0,2.475,Soil,,soil,-114.989,,-116.4,,-7.23,Himalayan,Drainage: Brahmaputra; Ref: Floodplain gravel,10.1029/2025PA005167,Hren & Brandon 2026 Zenodo: 17209981,Computer v6,OK
Hren & Brandon 2026,Hren & Brandon 2026 Zenodo: 17209981,"Himalaya, drainage: Brahmaputra",28.5725,97.0924,1628.0,-171.0,2.475,Soil,,soil,-109.72,,-68.8,,11.26,Himalayan,Drainage: Brahmaputra,10.1029/2025PA005167,Hren & Brandon 2026 Zenodo: 17209981,Computer v6,NOTE: ε outside typical range (-69‰)
Hren & Brandon 2026,Hren & Brandon 2026 Zenodo: 17209981,"Himalaya, drainage: Brahmaputra",28.6009,97.208,1832.0,-181.0,2.475,Soil,,soil,-109.673,,-80.1,,10.42,Himalayan,Drainage: Brahmaputra,10.1029/2025PA005167,Hren & Brandon 2026 Zenodo: 17209981,Computer v6,OK
Hren & Brandon 2026,Hren & Brandon 2026 Zenodo: 17209981,"Himalaya, drainage: Brahmaputra",28.6202,97.345,2200.0,-180.0,2.475,Soil,,soil,-108.783,,-79.9,,9.02,Himalayan,Drainage: Brahmaputra,10.1029/2025PA005167,Hren & Brandon 2026 Zenodo: 17209981,Computer v6,OK
Hren & Brandon 2026,Hren & Brandon 2026 Zenodo: 17209981,"Himalaya, drainage: Brahmaputra",28.7722,87.2478,4545.0,-240.0,2.475,Soil,,soil,-121.811,,-134.6,,-3.98,Himalayan,Drainage: Brahmaputra; Ref: Floodplain gravel,10.1029/2025PA005167,Hren & Brandon 2026 Zenodo: 17209981,Computer v6,OK
Hren & Brandon 2026,Hren & Brandon 2026 Zenodo: 17209981,"Himalaya, drainage: Brahmaputra",28.8375,97.4897,2614.0,-195.0,2.475,Soil,,soil,-115.503,,-89.9,,6.33,Himalayan,Drainage: Brahmaputra,10.1029/2025PA005167,Hren & Brandon 2026 Zenodo: 17209981,Computer v6,OK
Hren & Brandon 2026,Hren & Brandon 2026 Zenodo: 17209981,drainage: Brahmaputra,28.89,90.23,4855.0,-199.0,2.475,Soil,,soil,-106.037,,-104.0,,-6.1,,Lake sediment - flagged in model analysis; Drainage: Brahmaputra; Ref: Xia et al. [2008]; C from Mügler et al. [2008]; D from Aichner et al. [2010],10.1029/2025PA005167,Hren & Brandon 2026 Zenodo: 17209981,Computer v6,OK
Hren & Brandon 2026,Hren & Brandon 2026 Zenodo: 17209981,"Himalaya, drainage: Brahmaputra",28.8933,90.1672,5046.0,-249.0,2.475,Soil,,soil,-110.043,,-156.1,,-7.05,Himalayan,Drainage: Brahmaputra; Ref: Floodplain gravel,10.1029/2025PA005167,Hren & Brandon 2026 Zenodo: 17209981,Computer v6,OK
Hren & Brandon 2026,Hren & Brandon 2026 Zenodo: 17209981,"Himalaya, drainage: Brahmaputra",28.9441,97.4256,2758.0,-197.0,2.475,Soil,,soil,-120.394,,-87.1,,5.5,Himalayan,Drainage: Brahmaputra,10.1029/2025PA005167,Hren & Brandon 2026 Zenodo: 17209981,Computer v6,OK
Hren & Brandon 2026,Hren & Brandon 2026 Zenodo: 17209981,"Himalaya, drainage: Brahmaputra",28.9908,97.402,2891.0,-203.0,2.475,Soil,,soil,-122.506,,-91.7,,5.71,Himalayan,Drainage: Brahmaputra,10.1029/2025PA005167,Hren & Brandon 2026 Zenodo: 17209981,Computer v6,OK
Hren & Brandon 2026,Hren & Brandon 2026 Zenodo: 17209981,drainage: Brahmaputra,29.0322,90.4704,4445.0,-187.0,2.475,Lake sediment,,lake sed,-113.556,0.0,-82.9,,-3.23,Lacustrine,Lake sediment - flagged in model analysis; Drainage: Brahmaputra; Ref: Xia et al. [2008]; C from Mügler et al. [2008]; D from Aichner et al. [2010],10.1029/2025PA005167,Hren & Brandon 2026 Zenodo: 17209981,Both,OK
Hren & Brandon 2026,Hren & Brandon 2026 Zenodo: 17209981,"Himalaya, drainage: Brahmaputra",29.0378,97.3622,2931.0,-179.0,2.475,Soil,,soil,-122.978,,-63.9,,4.58,Himalayan,Drainage: Brahmaputra,10.1029/2025PA005167,Hren & Brandon 2026 Zenodo: 17209981,Computer v6,NOTE: ε outside typical range (-64‰)
Hren & Brandon 2026,Hren & Brandon 2026 Zenodo: 17209981,"Himalaya, drainage: Brahmaputra",29.0952,97.2759,3190.0,-214.0,2.475,Soil,,soil,-123.144,,-103.6,,3.99,Himalayan,Drainage: Brahmaputra,10.1029/2025PA005167,Hren & Brandon 2026 Zenodo: 17209981,Computer v6,OK
Hren & Brandon 2026,Hren & Brandon 2026 Zenodo: 17209981,"Himalaya, drainage: Brahmaputra",29.1517,88.595,4040.0,-211.0,2.475,Soil,,soil,-115.568,,-107.9,,-0.43,Himalayan,Drainage: Brahmaputra; Ref: yellow brown soil+gravel,10.1029/2025PA005167,Hren & Brandon 2026 Zenodo: 17209981,Computer v6,OK
Hren & Brandon 2026,Hren & Brandon 2026 Zenodo: 17209981,"Himalaya, drainage: Brahmaputra",29.1711,97.201,3433.0,-209.0,2.475,Soil,,soil,-123.007,,-98.1,,3.02,Himalayan,Drainage: Brahmaputra,10.1029/2025PA005167,Hren & Brandon 2026 Zenodo: 17209981,Computer v6,OK
Hren & Brandon 2026,Hren & Brandon 2026 Zenodo: 17209981,"Himalaya, drainage: Brahmaputra",29.2078,90.6178,4780.0,-264.0,2.475,Soil,,soil,-113.134,,-170.1,,-2.91,Himalayan,Drainage: Brahmaputra; Ref: yellow brown soil,10.1029/2025PA005167,Hren & Brandon 2026 Zenodo: 17209981,Computer v6,NOTE: ε outside typical range (-170‰)
Hren & Brandon 2026,Hren & Brandon 2026 Zenodo: 17209981,"Himalaya, drainage: Brahmaputra",29.2289,90.6372,4006.0,-221.0,2.475,Soil,,soil,-114.624,,-120.1,,-1.17,Himalayan,Drainage: Brahmaputra; Ref: grit,10.1029/2025PA005167,Hren & Brandon 2026 Zenodo: 17209981,Computer v6,OK
Hren & Brandon 2026,Hren & Brandon 2026 Zenodo: 17209981,"Himalaya, drainage: Brahmaputra",29.2667,90.6231,3609.0,-207.0,2.475,Soil,,soil,-117.405,,-101.5,,1.66,Himalayan,Drainage: Brahmaputra; Ref: grit,10.1029/2025PA005167,Hren & Brandon 2026 Zenodo: 17209981,Computer v6,OK
Hren & Brandon 2026,Hren & Brandon 2026 Zenodo: 17209981,"Himalaya, drainage: Brahmaputra",29.3143,96.9948,4616.0,-241.0,2.475,Soil,,soil,-118.313,,-139.2,,-4.04,Himalayan,Drainage: Brahmaputra,10.1029/2025PA005167,Hren & Brandon 2026 Zenodo: 17209981,Computer v6,OK
Hren & Brandon 2026,Hren & Brandon 2026 Zenodo: 17209981,"Himalaya, drainage: Brahmaputra",29.3176,97.0302,4803.0,-253.0,2.475,Soil,,soil,-119.126,,-152.0,,-5.41,Himalayan,Drainage: Brahmaputra,10.1029/2025PA005167,Hren & Brandon 2026 Zenodo: 17209981,Computer v6,OK
Hren & Brandon 2026,Hren & Brandon 2026 Zenodo: 17209981,"Himalaya, drainage: Brahmaputra",29.3198,97.1707,3732.0,-190.0,2.475,Soil,,soil,-123.722,,-75.6,,0.1,Himalayan,Drainage: Brahmaputra,10.1029/2025PA005167,Hren & Brandon 2026 Zenodo: 17209981,Computer v6,OK
Hren & Brandon 2026,Hren & Brandon 2026 Zenodo: 17209981,"Himalaya, drainage: Brahmaputra",29.3255,97.0399,4700.0,-262.0,2.475,Soil,,soil,-118.503,,-162.8,,-4.78,Himalayan,Drainage: Brahmaputra,10.1029/2025PA005167,Hren & Brandon 2026 Zenodo: 17209981,Computer v6,OK
Hren & Brandon 2026,Hren & Brandon 2026 Zenodo: 17209981,"Himalaya, drainage: Brahmaputra",29.3279,97.1352,3911.0,-194.0,2.475,Soil,,soil,-122.846,,-81.1,,-0.9,Himalayan,Drainage: Brahmaputra,10.1029/2025PA005167,Hren & Brandon 2026 Zenodo: 17209981,Computer v6,OK
Hren & Brandon 2026,Hren & Brandon 2026 Zenodo: 17209981,"Himalaya, drainage: Brahmaputra",29.3296,97.055,4488.0,-228.0,2.475,Soil,,soil,-119.989,,-122.7,,-3.95,Himalayan,Drainage: Brahmaputra,10.1029/2025PA005167,Hren & Brandon 2026 Zenodo: 17209981,Computer v6,OK
Hren & Brandon 2026,Hren & Brandon 2026 Zenodo: 17209981,"Himalaya, drainage: Brahmaputra",29.3296,97.055,4488.0,-223.0,2.475,Soil,,soil,-119.989,,-117.1,,-3.95,Himalayan,Drainage: Brahmaputra,10.1029/2025PA005167,Hren & Brandon 2026 Zenodo: 17209981,Computer v6,OK
Hren & Brandon 2026,Hren & Brandon 2026 Zenodo: 17209981,"Himalaya, drainage: Brahmaputra",29.3326,97.0727,4200.0,-238.0,2.475,Soil,,soil,-121.001,,-133.1,,-2.8,Himalayan,Drainage: Brahmaputra,10.1029/2025PA005167,Hren & Brandon 2026 Zenodo: 17209981,Computer v6,OK
Hren & Brandon 2026,Hren & Brandon 2026 Zenodo: 17209981,"Himalaya, drainage: Brahmaputra",29.3351,97.0604,4333.0,-223.0,2.475,Soil,,soil,-121.207,,-115.8,,-2.65,Himalayan,Drainage: Brahmaputra,10.1029/2025PA005167,Hren & Brandon 2026 Zenodo: 17209981,Computer v6,OK
Hren & Brandon 2026,Hren & Brandon 2026 Zenodo: 17209981,"Himalaya, drainage: Brahmaputra",29.3415,96.9256,4590.0,-215.0,2.475,Soil,,soil,-116.769,,-111.2,,-3.76,Himalayan,Drainage: Brahmaputra,10.1029/2025PA005167,Hren & Brandon 2026 Zenodo: 17209981,Computer v6,OK
Hren & Brandon 2026,Hren & Brandon 2026 Zenodo: 17209981,"Yunnan, drainage: Yangtze",29.37175,98.678028,3589.0,-220.0,2.475,Soil,,soil,-107.728,,-125.8,,1.75,Yunnan,Outside primary study area - flagged in model analysis; Drainage: Yangtze,10.1029/2025PA005167,Hren & Brandon 2026 Zenodo: 17209981,Computer v6,OK
Hren & Brandon 2026,Hren & Brandon 2026 Zenodo: 17209981,"Himalaya, drainage: Brahmaputra",29.3902,96.8516,4196.0,-241.0,2.475,Soil,,soil,-119.651,,-137.8,,-1.33,Himalayan,Drainage: Brahmaputra,10.1029/2025PA005167,Hren & Brandon 2026 Zenodo: 17209981,Computer v6,OK
Hren & Brandon 2026,Hren & Brandon 2026 Zenodo: 17209981,"Himalaya, drainage: Brahmaputra",29.4797,96.6523,3922.0,-204.0,2.475,Soil,,soil,-113.734,,-101.8,,-0.52,Himalayan,Drainage: Brahmaputra,10.1029/2025PA005167,Hren & Brandon 2026 Zenodo: 17209981,Computer v6,OK
Hren & Brandon 2026,Hren & Brandon 2026 Zenodo: 17209981,"Himalaya, drainage: Brahmaputra",29.5005,96.7307,3921.0,-215.0,2.475,Soil,,soil,-116.763,,-111.2,,-0.11,Himalayan,Drainage: Brahmaputra,10.1029/2025PA005167,Hren & Brandon 2026 Zenodo: 17209981,Computer v6,OK
Hren & Brandon 2026,Hren & Brandon 2026 Zenodo: 17209981,"Himalaya, drainage: Brahmaputra",29.5343,96.523,3682.0,-197.0,2.475,Soil,,soil,-106.223,,-101.6,,-3.61,Himalayan,Drainage: Brahmaputra,10.1029/2025PA005167,Hren & Brandon 2026 Zenodo: 17209981,Computer v6,OK
Hren & Brandon 2026,Hren & Brandon 2026 Zenodo: 17209981,"Himalaya, drainage: Brahmaputra",29.5363,96.5,3596.0,-200.0,2.475,Soil,,soil,-109.352,,-101.8,,0.32,Himalayan,Drainage: Brahmaputra,10.1029/2025PA005167,Hren & Brandon 2026 Zenodo: 17209981,Computer v6,OK
Hren & Brandon 2026,Hren & Brandon 2026 Zenodo: 17209981,"Himalaya, drainage: Brahmaputra",29.5363,96.5,3596.0,-201.0,2.475,Soil,,soil,-109.352,,-102.9,,0.32,Himalayan,Drainage: Brahmaputra,10.1029/2025PA005167,Hren & Brandon 2026 Zenodo: 17209981,Computer v6,OK
Hren & Brandon 2026,Hren & Brandon 2026 Zenodo: 17209981,"Himalaya, drainage: Brahmaputra",29.6035,96.3903,3395.0,-200.0,2.475,Soil,,soil,-107.959,,-103.2,,-1.68,Himalayan,Drainage: Brahmaputra,10.1029/2025PA005167,Hren & Brandon 2026 Zenodo: 17209981,Computer v6,OK
Hren & Brandon 2026,Hren & Brandon 2026 Zenodo: 17209981,"Himalaya, drainage: Brahmaputra",29.6275,96.2753,3231.0,-181.0,2.475,Soil,,soil,-110.517,,-79.2,,3.98,Himalayan,Drainage: Brahmaputra,10.1029/2025PA005167,Hren & Brandon 2026 Zenodo: 17209981,Computer v6,OK
Hren & Brandon 2026,Hren & Brandon 2026 Zenodo: 17209981,drainage: Brahmaputra,29.654,96.716,4431.0,-193.0,2.475,Lake sediment,,lake sed,-114.634,7.0,-88.5,,-3.3,Lacustrine,Lake sediment - flagged in model analysis; Drainage: Brahmaputra; Ref: Xia et al. [2008]; C from Mügler et al. [2008]; D from Aichner et al. [2010],10.1029/2025PA005167,Hren & Brandon 2026 Zenodo: 17209981,Both,OK
Hren & Brandon 2026,Hren & Brandon 2026 Zenodo: 17209981,"Himalaya, drainage: Brahmaputra",29.6967,92.2256,4348.0,-228.0,2.475,Soil,,soil,-122.308,,-120.4,,-3.43,Himalayan,Drainage: Brahmaputra,10.1029/2025PA005167,Hren & Brandon 2026 Zenodo: 17209981,Computer v6,OK
Hren & Brandon 2026,Hren & Brandon 2026 Zenodo: 17209981,"Himalaya, drainage: Brahmaputra",29.7224,96.1323,3075.0,-204.0,2.475,Soil,,soil,-110.051,,-105.6,,4.9,Himalayan,Drainage: Brahmaputra,10.1029/2025PA005167,Hren & Brandon 2026 Zenodo: 17209981,Computer v6,OK
Hren & Brandon 2026,Hren & Brandon 2026 Zenodo: 17209981,"Himalaya, drainage: Brahmaputra",29.7368,94.2869,3052.0,-212.0,2.475,Soil,,soil,-100.836,,-123.6,,5.16,Himalayan,Drainage: Brahmaputra,10.1029/2025PA005167,Hren & Brandon 2026 Zenodo: 17209981,Computer v6,OK
Hren & Brandon 2026,Hren & Brandon 2026 Zenodo: 17209981,"Himalaya, drainage: Brahmaputra",29.7488,91.9488,3995.0,-230.0,2.475,Soil,,soil,-126.169,,-118.8,,-0.81,Himalayan,Drainage: Brahmaputra,10.1029/2025PA005167,Hren & Brandon 2026 Zenodo: 17209981,Computer v6,OK
Hren & Brandon 2026,Hren & Brandon 2026 Zenodo: 17209981,"Himalaya, drainage: Brahmaputra",29.774,92.3269,4713.0,-233.0,2.475,Soil,,soil,-122.507,,-125.9,,-4.84,Himalayan,Drainage: Brahmaputra,10.1029/2025PA005167,Hren & Brandon 2026 Zenodo: 17209981,Computer v6,OK
Hren & Brandon 2026,Hren & Brandon 2026 Zenodo: 17209981,"Himalaya, drainage: Brahmaputra",29.804,95.8247,2816.0,-198.0,2.475,Soil,,soil,-103.884,,-105.0,,6.26,Himalayan,Drainage: Brahmaputra,10.1029/2025PA005167,Hren & Brandon 2026 Zenodo: 17209981,Computer v6,OK
Hren & Brandon 2026,Hren & Brandon 2026 Zenodo: 17209981,"Himalaya, drainage: Brahmaputra",29.82,93.764,3190.0,-207.0,2.475,Soil,,soil,-116.107,,-102.8,,4.25,Himalayan,Drainage: Brahmaputra,10.1029/2025PA005167,Hren & Brandon 2026 Zenodo: 17209981,Computer v6,OK
Hren & Brandon 2026,Hren & Brandon 2026 Zenodo: 17209981,"Himalaya, drainage: Brahmaputra",29.8305,92.3437,4968.0,-233.0,2.475,Soil,,soil,-125.693,,-122.7,,-6.71,Himalayan,Drainage: Brahmaputra,10.1029/2025PA005167,Hren & Brandon 2026 Zenodo: 17209981,Computer v6,OK
Hren & Brandon 2026,Hren & Brandon 2026 Zenodo: 17209981,"Himalaya, drainage: Brahmaputra",29.8379,92.3237,4802.0,-244.0,2.475,Soil,,soil,-125.853,,-135.2,,-6.13,Himalayan,Drainage: Brahmaputra,10.1029/2025PA005167,Hren & Brandon 2026 Zenodo: 17209981,Computer v6,OK
Hren & Brandon 2026,Hren & Brandon 2026 Zenodo: 17209981,"Himalaya, drainage: Brahmaputra",29.8501,93.6851,3211.0,-217.0,2.475,Soil,,soil,-116.271,,-114.0,,4.08,Himalayan,Drainage: Brahmaputra,10.1029/2025PA005167,Hren & Brandon 2026 Zenodo: 17209981,Computer v6,OK
Hren & Brandon 2026,Hren & Brandon 2026 Zenodo: 17209981,"Himalaya, drainage: Brahmaputra",29.871,92.6397,4028.0,-224.0,2.475,Soil,,soil,-125.156,,-113.0,,-1.34,Himalayan,Drainage: Brahmaputra,10.1029/2025PA005167,Hren & Brandon 2026 Zenodo: 17209981,Computer v6,OK
Hren & Brandon 2026,Hren & Brandon 2026 Zenodo: 17209981,"Himalaya, drainage: Brahmaputra",29.8734,92.5322,,-220.0,2.475,Soil,,soil,-125.112,,-108.5,,-2.41,Himalayan,Drainage: Brahmaputra,10.1029/2025PA005167,Hren & Brandon 2026 Zenodo: 17209981,Computer v6,Missing: elevation
Hren & Brandon 2026,Hren & Brandon 2026 Zenodo: 17209981,"Himalaya, drainage: Brahmaputra",29.8734,92.5322,4186.0,-223.0,2.475,Soil,,soil,-125.112,,-111.9,,-2.41,Himalayan,Drainage: Brahmaputra,10.1029/2025PA005167,Hren & Brandon 2026 Zenodo: 17209981,Computer v6,OK
Hren & Brandon 2026,Hren & Brandon 2026 Zenodo: 17209981,"Himalaya, drainage: Brahmaputra",29.879528,97.652389,3818.0,-246.0,2.475,Soil,,soil,-116.23,,-146.8,,-0.97,Himalayan,Outside primary study area - flagged in model analysis; Drainage: Brahmaputra,10.1029/2025PA005167,Hren & Brandon 2026 Zenodo: 17209981,Computer v6,OK
Hren & Brandon 2026,Hren & Brandon 2026 Zenodo: 17209981,"Himalaya, drainage: Brahmaputra",29.8949,93.362,3371.0,-206.0,2.475,Soil,,soil,-119.204,,-98.5,,2.63,Himalayan,Drainage: Brahmaputra,10.1029/2025PA005167,Hren & Brandon 2026 Zenodo: 17209981,Computer v6,OK
Hren & Brandon 2026,Hren & Brandon 2026 Zenodo: 17209981,"Himalaya, drainage: Brahmaputra",29.9022,93.188,3439.0,-196.0,2.475,Soil,,soil,-123.019,,-83.2,,2.51,Himalayan,Drainage: Brahmaputra,10.1029/2025PA005167,Hren & Brandon 2026 Zenodo: 17209981,Computer v6,OK
Hren & Brandon 2026,Hren & Brandon 2026 Zenodo: 17209981,"Himalaya, drainage: Brahmaputra",29.9044,92.7501,3883.0,-222.0,2.475,Soil,,soil,-125.877,,-110.0,,-1.23,Himalayan,Drainage: Brahmaputra,10.1029/2025PA005167,Hren & Brandon 2026 Zenodo: 17209981,Computer v6,OK
Hren & Brandon 2026,Hren & Brandon 2026 Zenodo: 17209981,"Himalaya, drainage: Brahmaputra",29.9128,92.364,4437.0,-231.0,2.475,Soil,,soil,-127.137,,-119.0,,-3.49,Himalayan,Drainage: Brahmaputra,10.1029/2025PA005167,Hren & Brandon 2026 Zenodo: 17209981,Computer v6,OK
Hren & Brandon 2026,Hren & Brandon 2026 Zenodo: 17209981,"Himalaya, drainage: Brahmaputra",30.033,92.9286,3644.0,-223.0,2.475,Soil,,soil,-128.422,,-108.5,,1.14,Himalayan,Drainage: Brahmaputra,10.1029/2025PA005167,Hren & Brandon 2026 Zenodo: 17209981,Computer v6,OK
Hren & Brandon 2026,Hren & Brandon 2026 Zenodo: 17209981,"Himalaya, drainage: Brahmaputra",30.1066,90.5447,4236.0,-211.0,2.021,Soil,,soil,-130.345,,-92.7,,-2.57,Himalayan,Drainage: Brahmaputra; Ref: Xia et al. [2008]; C from Mügler et al. [2008]; D from Aichner et al. [2010],10.1029/2025PA005167,Hren & Brandon 2026 Zenodo: 17209981,Computer v6,OK
Hren & Brandon 2026,Hren & Brandon 2026 Zenodo: 17209981,"Himalaya, drainage: Brahmaputra",30.6047,91.5218,4595.0,-241.0,2.021,Soil,,soil,-131.788,,-125.8,,-4.17,Himalayan,Drainage: Brahmaputra; Ref: Xia et al. [2008]; C from Mügler et al. [2008]; D from Aichner et al. [2010],10.1029/2025PA005167,Hren & Brandon 2026 Zenodo: 17209981,Computer v6,OK
Hren & Brandon 2026,Hren & Brandon 2026 Zenodo: 17209981,drainage: Brahmaputra,30.645,90.6372,4718.0,-246.0,2.475,Lake sediment,,lake sed,-96.033,,-165.9,,-4.74,Lacustrine,Lake sediment - flagged in model analysis; Drainage: Brahmaputra; Ref: Xia et al. [2008]; C from Mügler et al. [2008]; D from Aichner et al. [2010],10.1029/2025PA005167,Hren & Brandon 2026 Zenodo: 17209981,Computer v6,OK
Hren & Brandon 2026,Hren & Brandon 2026 Zenodo: 17209981,"Yunnan, drainage: Mekong",30.682583,97.435833,3060.0,-219.0,2.475,Soil,,soil,-116.616,,-115.9,,3.91,Yunnan,Drainage: Mekong,10.1029/2025PA005167,Hren & Brandon 2026 Zenodo: 17209981,Computer v6,OK
Hren & Brandon 2026,Hren & Brandon 2026 Zenodo: 17209981,"Himalaya, drainage: Brahmaputra",30.9643,91.6556,4731.0,-214.0,2.021,Soil,,soil,-98.507,,-128.1,,-4.99,Himalayan,Drainage: Brahmaputra; Ref: Xia et al. [2008]; C from Mügler et al. [2008]; D from Aichner et al. [2010],10.1029/2025PA005167,Hren & Brandon 2026 Zenodo: 17209981,Computer v6,OK
Hren & Brandon 2026,Hren & Brandon 2026 Zenodo: 17209981,"Himalaya, drainage: Brahmaputra",31.3265,91.8806,4518.0,-209.0,2.021,Soil,,soil,-99.618,,-121.5,,-3.54,Himalayan,Drainage: Brahmaputra; Ref: Xia et al. [2008]; C from Mügler et al. [2008]; D from Aichner et al. [2010],10.1029/2025PA005167,Hren & Brandon 2026 Zenodo: 17209981,Computer v6,OK
Hren & Brandon 2026,Hren & Brandon 2026 Zenodo: 17209981,"Yunnan, drainage: Yangtze",31.330972,98.034944,4147.0,-240.0,2.475,Soil,,soil,-125.575,,-130.9,,-1.38,Yunnan,Outside primary study area - flagged in model analysis; Drainage: Yangtze,10.1029/2025PA005167,Hren & Brandon 2026 Zenodo: 17209981,Computer v6,OK
Hren & Brandon 2026,Hren & Brandon 2026 Zenodo: 17209981,"Yunnan, drainage: Mekong",31.448472,96.408472,3969.0,-239.0,2.475,Soil,,soil,-113.783,,-141.3,,-0.48,Yunnan,Drainage: Mekong,10.1029/2025PA005167,Hren & Brandon 2026 Zenodo: 17209981,Computer v6,OK
Hren & Brandon 2026,Hren & Brandon 2026 Zenodo: 17209981,"Himalaya, drainage: Brahmaputra",31.753,91.7813,4690.0,-204.0,2.021,Soil,,soil,-97.37,,-118.1,,-4.97,Himalayan,Drainage: Brahmaputra; Ref: Xia et al. [2008]; C from Mügler et al. [2008]; D from Aichner et al. [2010],10.1029/2025PA005167,Hren & Brandon 2026 Zenodo: 17209981,Computer v6,OK
Hren & Brandon 2026,Hren & Brandon 2026 Zenodo: 17209981,"Yunnan, drainage: Mekong",31.806583,97.741056,3978.0,-202.0,2.475,Soil,,soil,-126.265,,-86.7,,-0.3,Yunnan,Outside primary study area - flagged in model analysis; Drainage: Mekong,10.1029/2025PA005167,Hren & Brandon 2026 Zenodo: 17209981,Computer v6,OK
Hren & Brandon 2026,Hren & Brandon 2026 Zenodo: 17209981,drainage: Brahmaputra,32.098,89.528,4724.0,-194.0,2.475,Lake sediment,,lake sed,-89.571,5.0,-114.7,,-4.46,Lacustrine,Lake sediment - flagged in model analysis; Drainage: Brahmaputra; Ref: Xia et al. [2008]; C from Mügler et al. [2008]; D from Aichner et al. [2010],10.1029/2025PA005167,Hren & Brandon 2026 Zenodo: 17209981,Both,OK
Hren & Brandon 2026,Hren & Brandon 2026 Zenodo: 17209981,"Yunnan, drainage: Mekong",32.337194,95.956167,4226.0,-240.0,2.475,Soil,,soil,-114.174,,-142.0,,-2.66,Yunnan,Drainage: Mekong,10.1029/2025PA005167,Hren & Brandon 2026 Zenodo: 17209981,Computer v6,OK
Hren & Brandon 2026,Hren & Brandon 2026 Zenodo: 17209981,"Yunnan, drainage: Mekong",32.419278,95.42675,3970.0,-234.0,2.475,Soil,,soil,-118.989,,-130.5,,-1.14,Yunnan,Drainage: Mekong,10.1029/2025PA005167,Hren & Brandon 2026 Zenodo: 17209981,Computer v6,OK
Hren & Brandon 2026,Hren & Brandon 2026 Zenodo: 17209981,"Yunnan, drainage: Mekong",32.732306,95.139417,4154.0,-234.0,2.475,Soil,,soil,-104.022,,-145.1,,-2.39,Yunnan,Drainage: Mekong,10.1029/2025PA005167,Hren & Brandon 2026 Zenodo: 17209981,Computer v6,OK
Hren & Brandon 2026,Hren & Brandon 2026 Zenodo: 17209981,"Central Tibet, drainage: Yangtze",32.8828,91.9178,5201.0,-203.0,2.021,Soil,,soil,-118.5,,-95.9,,-8.05,Central Tibetan Plateau,Drainage: Yangtze; Ref: Xia et al. [2008]; C from Mügler et al. [2008]; D from Aichner et al. [2010],10.1029/2025PA005167,Hren & Brandon 2026 Zenodo: 17209981,Computer v6,OK
Hren & Brandon 2026,Hren & Brandon 2026 Zenodo: 17209981,"Central Tibet, drainage: Yangtze",32.9209,91.9726,5155.0,-194.0,2.021,Soil,,soil,-117.889,,-86.3,,-7.37,Central Tibetan Plateau,Drainage: Yangtze; Ref: Xia et al. [2008]; C from Mügler et al. [2008]; D from Aichner et al. [2010],10.1029/2025PA005167,Hren & Brandon 2026 Zenodo: 17209981,Computer v6,OK
Hren & Brandon 2026,Hren & Brandon 2026 Zenodo: 17209981,"Himalaya, drainage: Brahmaputra",33.01291666666667,91.67001666666668,5085.0,-216.0,2.475,Soil,,soil,-123.645,,-105.4,,-7.05,Himalayan,Drainage: Brahmaputra,10.1029/2025PA005167,Hren & Brandon 2026 Zenodo: 17209981,Computer v6,OK
Hren & Brandon 2026,Hren & Brandon 2026 Zenodo: 17209981,"Central Tibet, drainage: Yangtze",33.014833333333335,91.99106666666668,5123.0,-203.0,2.475,Soil,,soil,-113.917,,-100.5,,-7.14,Central Tibetan Plateau,Drainage: Yangtze,10.1029/2025PA005167,Hren & Brandon 2026 Zenodo: 17209981,Computer v6,OK
Hren & Brandon 2026,Hren & Brandon 2026 Zenodo: 17209981,"Central Tibet, drainage: Yangtze",33.02251666666667,91.9948,5117.0,-196.0,2.475,Soil,,soil,-113.11,,-93.5,,-7.25,Central Tibetan Plateau,Drainage: Yangtze,10.1029/2025PA005167,Hren & Brandon 2026 Zenodo: 17209981,Computer v6,OK
Hren & Brandon 2026,Hren & Brandon 2026 Zenodo: 17209981,"Central Tibet, drainage: Yangtze",33.03115,92.00521666666668,5143.0,-224.0,2.475,Soil,,soil,-111.743,,-126.4,,-7.58,Central Tibetan Plateau,Drainage: Yangtze,10.1029/2025PA005167,Hren & Brandon 2026 Zenodo: 17209981,Computer v6,OK
Hren & Brandon 2026,Hren & Brandon 2026 Zenodo: 17209981,"Central Tibet, drainage: Yangtze",33.040683333333334,92.03295,5233.0,-209.0,2.475,Soil,,soil,-108.491,,-112.7,,-8.05,Central Tibetan Plateau,Drainage: Yangtze,10.1029/2025PA005167,Hren & Brandon 2026 Zenodo: 17209981,Computer v6,OK
Hren & Brandon 2026,Hren & Brandon 2026 Zenodo: 17209981,"Central Tibet, drainage: Yangtze",33.0892,91.79065,4951.0,-189.0,2.475,Soil,,soil,-113.874,,-84.8,,-6.25,Central Tibetan Plateau,Drainage: Yangtze,10.1029/2025PA005167,Hren & Brandon 2026 Zenodo: 17209981,Computer v6,OK
Hren & Brandon 2026,Hren & Brandon 2026 Zenodo: 17209981,"Yunnan, drainage: Mekong",33.119111,95.194417,4145.0,-208.0,2.475,Soil,,soil,-117.401,,-102.7,,-2.21,Yunnan,Drainage: Mekong,10.1029/2025PA005167,Hren & Brandon 2026 Zenodo: 17209981,Computer v6,OK
Hren & Brandon 2026,Hren & Brandon 2026 Zenodo: 17209981,"Central Tibet, drainage: Yangtze",33.1538,91.8597,4869.0,-182.0,2.021,Soil,,soil,-106.371,,-84.6,,-5.74,Central Tibetan Plateau,Drainage: Yangtze; Ref: Xia et al. [2008]; C from Mügler et al. [2008]; D from Aichner et al. [2010],10.1029/2025PA005167,Hren & Brandon 2026 Zenodo: 17209981,Computer v6,OK
Hren & Brandon 2026,Hren & Brandon 2026 Zenodo: 17209981,"Central Tibet, drainage: Yangtze",33.323166666666665,91.896,4810.0,-199.0,2.475,Soil,,soil,-94.275,,-115.6,,-5.25,Central Tibetan Plateau,Drainage: Yangtze,10.1029/2025PA005167,Hren & Brandon 2026 Zenodo: 17209981,Computer v6,OK
Hren & Brandon 2026,Hren & Brandon 2026 Zenodo: 17209981,"Central Tibet, drainage: Yangtze",33.602,92.0748,4712.0,-175.0,2.021,Soil,,soil,-92.368,,-91.0,,-4.9,Central Tibetan Plateau,Drainage: Yangtze; Ref: Xia et al. [2008]; C from Mügler et al. [2008]; D from Aichner et al. [2010],10.1029/2025PA005167,Hren & Brandon 2026 Zenodo: 17209981,Computer v6,OK
Hren & Brandon 2026,Hren & Brandon 2026 Zenodo: 17209981,"Central Tibet, drainage: Yangtze",33.78596666666667,92.27781666666668,4624.0,-200.0,2.475,Soil,,soil,-91.572,,-119.4,,-4.07,Central Tibetan Plateau,Drainage: Yangtze,10.1029/2025PA005167,Hren & Brandon 2026 Zenodo: 17209981,Computer v6,OK
Hren & Brandon 2026,Hren & Brandon 2026 Zenodo: 17209981,drainage: Yangtze,33.99,97.455,4581.0,-205.0,2.475,Lake sediment,,lake sed,-104.651,4.0,-112.1,,-3.77,Lacustrine,Lake sediment - flagged in model analysis; Drainage: Yangtze; Ref: Xia et al. [2008]; C from Mügler et al. [2008]; D from Aichner et al. [2010],10.1029/2025PA005167,Hren & Brandon 2026 Zenodo: 17209981,Both,OK
Hren & Brandon 2026,Hren & Brandon 2026 Zenodo: 17209981,drainage: Yangtze,34.0,,4540.0,-180.0,2.475,Lake sediment,,lake sed,,,,,,Lacustrine,Lake sediment - flagged in model analysis; Drainage: Yangtze; Ref: Xia et al. [2008]; C from Mügler et al. [2008]; D from Aichner et al. [2010],10.1029/2025PA005167,Hren & Brandon 2026 Zenodo: 17209981,Computer v6,REVIEW: missing coordinates; Missing: d2H_precip
Hren & Brandon 2026,Hren & Brandon 2026 Zenodo: 17209981,drainage: Yangtze,34.03,97.545,4617.0,-189.0,2.475,Lake sediment,,lake sed,-101.551,5.0,-97.3,,-3.96,Lacustrine,Lake sediment - flagged in model analysis; Drainage: Yangtze; Ref: Xia et al. [2008]; C from Mügler et al. [2008]; D from Aichner et al. [2010],10.1029/2025PA005167,Hren & Brandon 2026 Zenodo: 17209981,Both,OK
Hren & Brandon 2026,Hren & Brandon 2026 Zenodo: 17209981,"Central Tibet, drainage: Yangtze",34.08755,92.33503333333331,4759.0,-199.0,2.475,Soil,,soil,-88.091,,-121.6,,-4.97,Central Tibetan Plateau,Drainage: Yangtze,10.1029/2025PA005167,Hren & Brandon 2026 Zenodo: 17209981,Computer v6,OK
Hren & Brandon 2026,Hren & Brandon 2026 Zenodo: 17209981,"Central Tibet, drainage: Yangtze",34.1031,92.3582,4726.0,-194.0,2.021,Soil,,soil,-87.752,,-116.5,,-5.08,Central Tibetan Plateau,Drainage: Yangtze; Ref: Xia et al. [2008]; C from Mügler et al. [2008]; D from Aichner et al. [2010],10.1029/2025PA005167,Hren & Brandon 2026 Zenodo: 17209981,Computer v6,OK
Hren & Brandon 2026,Hren & Brandon 2026 Zenodo: 17209981,"Central Tibet, drainage: Yangtze",34.29311666666667,92.50926666666666,4582.0,-183.0,2.475,Soil,,soil,-92.735,,-99.5,,-3.82,Central Tibetan Plateau,Drainage: Yangtze,10.1029/2025PA005167,Hren & Brandon 2026 Zenodo: 17209981,Computer v6,OK
Hren & Brandon 2026,Hren & Brandon 2026 Zenodo: 17209981,"Central Tibet, drainage: Yangtze",34.776783333333334,92.90396666666666,4684.0,-178.0,2.475,Soil,,soil,-80.819,,-105.7,,-4.59,Central Tibetan Plateau,Drainage: Yangtze,10.1029/2025PA005167,Hren & Brandon 2026 Zenodo: 17209981,Computer v6,OK
Hren & Brandon 2026,Hren & Brandon 2026 Zenodo: 17209981,"Central Tibet, drainage: Yangtze",35.15221666666667,93.0402,4698.0,-183.0,2.475,Soil,,soil,-75.961,,-115.8,,-4.62,Central Tibetan Plateau,Drainage: Yangtze,10.1029/2025PA005167,Hren & Brandon 2026 Zenodo: 17209981,Computer v6,OK
Hren & Brandon 2026,Hren & Brandon 2026 Zenodo: 17209981,"Central Tibet, drainage: Yangtze",35.1699,93.0354,4677.0,-167.0,2.021,Soil,,soil,-76.023,,-98.5,,-4.43,Central Tibetan Plateau,Drainage: Yangtze; Ref: Xia et al. [2008]; C from Mügler et al. [2008]; D from Aichner et al. [2010],10.1029/2025PA005167,Hren & Brandon 2026 Zenodo: 17209981,Computer v6,OK
Hren & Brandon 2026,Hren & Brandon 2026 Zenodo: 17209981,"Central Tibet, drainage: Yangtze",35.2536,94.3293,4080.0,-146.0,2.021,Soil,,soil,-74.767,,-77.0,,-3.9,Central Tibetan Plateau,Drainage: Yangtze; Ref: Xia et al. [2008]; C from Mügler et al. [2008]; D from Aichner et al. [2010],10.1029/2025PA005167,Hren & Brandon 2026 Zenodo: 17209981,Computer v6,OK
Hren & Brandon 2026,Hren & Brandon 2026 Zenodo: 17209981,"Central Tibet, drainage: Yangtze",35.291066666666666,93.27016666666668,4568.0,-199.0,2.475,Soil,,soil,-74.939,,-134.1,,-3.56,Central Tibetan Plateau,Drainage: Yangtze,10.1029/2025PA005167,Hren & Brandon 2026 Zenodo: 17209981,Computer v6,OK
Hren & Brandon 2026,Hren & Brandon 2026 Zenodo: 17209981,"Central Tibet, drainage: Yangtze",35.4681,93.6043,4498.0,-174.0,2.021,Soil,,soil,-72.567,,-109.4,,-2.95,Central Tibetan Plateau,Drainage: Yangtze; Ref: Xia et al. [2008]; C from Mügler et al. [2008]; D from Aichner et al. [2010],10.1029/2025PA005167,Hren & Brandon 2026 Zenodo: 17209981,Computer v6,OK
Hren & Brandon 2026,Hren & Brandon 2026 Zenodo: 17209981,"Central Tibet, drainage: Yangtze",35.470283333333334,93.64006666666668,4497.0,-187.0,2.475,Soil,,soil,-72.337,,-123.6,,-3.05,Central Tibetan Plateau,Drainage: Yangtze,10.1029/2025PA005167,Hren & Brandon 2026 Zenodo: 17209981,Computer v6,OK
Hren & Brandon 2026,Hren & Brandon 2026 Zenodo: 17209981,"Central Tibet, drainage: Yangtze",35.51555,93.8661,4605.0,-169.0,2.475,Soil,,soil,-70.493,,-106.0,,-3.66,Central Tibetan Plateau,Drainage: Yangtze,10.1029/2025PA005167,Hren & Brandon 2026 Zenodo: 17209981,Computer v6,OK
Hren & Brandon 2026,Hren & Brandon 2026 Zenodo: 17209981,"Central Tibet, drainage: Yangtze",35.5677,94.008,4655.0,-163.0,2.021,Soil,,soil,-68.85,,-101.1,,-4.03,Central Tibetan Plateau,Drainage: Yangtze; Ref: Xia et al. [2008]; C from Mügler et al. [2008]; D from Aichner et al. [2010],10.1029/2025PA005167,Hren & Brandon 2026 Zenodo: 17209981,Computer v6,OK
Hren & Brandon 2026,Hren & Brandon 2026 Zenodo: 17209981,"Himalaya, drainage: Brahmaputra",35.6422,94.0686,4750.0,-173.0,2.021,Soil,,soil,-66.407,,-114.2,,-4.76,Himalayan,Drainage: Brahmaputra; Ref: Xia et al. [2008]; C from Mügler et al. [2008]; D from Aichner et al. [2010],10.1029/2025PA005167,Hren & Brandon 2026 Zenodo: 17209981,Computer v6,OK
Hren & Brandon 2026,Hren & Brandon 2026 Zenodo: 17209981,"Central Tibet, drainage: Ob",35.6968,94.0555,4556.0,-167.0,2.021,Soil,,soil,-66.107,,-108.0,,-3.96,Central Tibetan Plateau,Drainage: Ob; Ref: Xia et al. [2008]; C from Mügler et al. [2008]; D from Aichner et al. [2010],10.1029/2025PA005167,Hren & Brandon 2026 Zenodo: 17209981,Computer v6,OK
Hren & Brandon 2026,Hren & Brandon 2026 Zenodo: 17209981,"Central Tibet, drainage: Ob",35.7194,94.1258,4446.0,-182.0,2.475,Soil,,soil,-67.161,,-123.1,,-2.52,Central Tibetan Plateau,Drainage: Ob,10.1029/2025PA005167,Hren & Brandon 2026 Zenodo: 17209981,Computer v6,OK
Hren & Brandon 2026,Hren & Brandon 2026 Zenodo: 17209981,"Northeast Tibet, drainage: Yangtze",36.5478,100.6908,3193.0,-149.0,2.475,Soil,,soil,-53.332,,-101.1,,5.97,Northeast Tibetan Plateau,Outside primary study area - flagged in model analysis; Drainage: Yangtze; Ref: Xia et al. [2008]; C from Mügler et al. [2008]; D from Aichner et al. [2010],10.1029/2025PA005167,Hren & Brandon 2026 Zenodo: 17209981,Computer v6,OK
Hren & Brandon 2026,Hren & Brandon 2026 Zenodo: 17209981,"Northeast Tibet, drainage: Yangtze",36.6331,100.1164,3193.0,-172.0,2.475,Soil,,soil,-54.431,,-124.3,,6.05,Northeast Tibetan Plateau,Outside primary study area - flagged in model analysis; Drainage: Yangtze; Ref: Xia et al. [2008]; C from Mügler et al. [2008]; D from Aichner et al. [2010],10.1029/2025PA005167,Hren & Brandon 2026 Zenodo: 17209981,Computer v6,OK
Hren & Brandon 2026,Hren & Brandon 2026 Zenodo: 17209981,"Northeast Tibet, drainage: Yangtze",36.6539,100.2711,3193.0,-155.0,2.475,Soil,,soil,-53.698,,-107.1,,6.1,Northeast Tibetan Plateau,Outside primary study area - flagged in model analysis; Drainage: Yangtze; Ref: Xia et al. [2008]; C from Mügler et al. [2008]; D from Aichner et al. [2010],10.1029/2025PA005167,Hren & Brandon 2026 Zenodo: 17209981,Computer v6,OK
Hren & Brandon 2026,Hren & Brandon 2026 Zenodo: 17209981,"Northeast Tibet, drainage: Yangtze",36.9017,99.6336,3193.0,-162.0,2.475,Soil,,soil,-53.32,,-114.8,,6.63,Northeast Tibetan Plateau,Outside primary study area - flagged in model analysis; Drainage: Yangtze; Ref: Xia et al. [2008]; C from Mügler et al. [2008]; D from Aichner et al. [2010],10.1029/2025PA005167,Hren & Brandon 2026 Zenodo: 17209981,Computer v6,OK
Hren & Brandon 2026,Hren & Brandon 2026 Zenodo: 17209981,"Northeast Tibet, drainage: Yangtze",37.1383,100.3456,3193.0,-156.0,2.475,Soil,,soil,-48.737,,-112.8,,7.25,Northeast Tibetan Plateau,Outside primary study area - flagged in model analysis; Drainage: Yangtze; Ref: Xia et al. [2008]; C from Mügler et al. [2008]; D from Aichner et al. [2010],10.1029/2025PA005167,Hren & Brandon 2026 Zenodo: 17209981,Computer v6,OK
Hren & Brandon 2026,Hren & Brandon 2026 Zenodo: 17209981,"Northeast Tibet, drainage: Yangtze",37.1875,100.0772,3093.0,-165.0,2.475,Soil,,soil,-49.376,,-121.6,,7.36,Northeast Tibetan Plateau,Outside primary study area - flagged in model analysis; Drainage: Yangtze; Ref: Xia et al. [2008]; C from Mügler et al. [2008]; D from Aichner et al. [2010],10.1029/2025PA005167,Hren & Brandon 2026 Zenodo: 17209981,Computer v6,OK
Hren & Brandon 2026,Hren & Brandon 2026 Zenodo: 17209981,"Northeast Tibet, drainage: Yangtze",37.1875,100.0772,3193.0,-158.0,2.475,Lake sediment,,lake sed,-49.376,,-114.3,,7.36,Northeast Tibetan Plateau,Lake sediment - flagged in model analysis; Drainage: Yangtze; Ref: Xia et al. [2008]; C from Mügler et al. [2008]; D from Aichner et al. [2010],10.1029/2025PA005167,Hren & Brandon 2026 Zenodo: 17209981,Computer v6,OK
Hren & Brandon 2026,Hren & Brandon 2026 Zenodo: 17209981,"Northeast Tibet, drainage: Yangtze",37.1875,100.0772,3193.0,-149.0,2.475,Soil,,soil,-49.376,,-104.8,,7.36,Northeast Tibetan Plateau,Outside primary study area - flagged in model analysis; Drainage: Yangtze; Ref: Xia et al. [2008]; C from Mügler et al. [2008]; D from Aichner et al. [2010],10.1029/2025PA005167,Hren & Brandon 2026 Zenodo: 17209981,Computer v6,OK
Hren & Brandon 2026,Hren & Brandon 2026 Zenodo: 17209981,"Northeast Tibet, drainage: Yangtze",37.2,101.53,2840.0,-148.0,2.021,Soil,,soil,-95.232,,-58.3,,8.85,Northeast Tibetan Plateau,Outside primary study area - flagged in model analysis; Drainage: Yangtze; Ref: Xia et al. [2008]; C from Mügler et al. [2008]; D from Aichner et al. [2010],10.1029/2025PA005167,Hren & Brandon 2026 Zenodo: 17209981,Computer v6,NOTE: ε outside typical range (-58‰)
Hren & Brandon 2026,Hren & Brandon 2026 Zenodo: 17209981,"Northeast Tibet, drainage: Yangtze",37.2262,102.8335,2819.0,-167.0,2.021,Soil,,soil,-95.304,,-79.2,,10.14,Northeast Tibetan Plateau,Outside primary study area - flagged in model analysis; Drainage: Yangtze; Ref: Xia et al. [2008]; C from Mügler et al. [2008]; D from Aichner et al. [2010],10.1029/2025PA005167,Hren & Brandon 2026 Zenodo: 17209981,Computer v6,OK
Hren & Brandon 2026,Hren & Brandon 2026 Zenodo: 17209981,"Northeast Tibet, drainage: Yangtze",37.2357,101.5087,2925.0,-160.0,2.021,Soil,,soil,-95.375,,-71.4,,8.94,Northeast Tibetan Plateau,Outside primary study area - flagged in model analysis; Drainage: Yangtze; Ref: Xia et al. [2008]; C from Mügler et al. [2008]; D from Aichner et al. [2010],10.1029/2025PA005167,Hren & Brandon 2026 Zenodo: 17209981,Computer v6,OK
Hren & Brandon 2026,Hren & Brandon 2026 Zenodo: 17209981,"Northeast Tibet, drainage: Yangtze",37.2714,101.4152,3058.0,-152.0,2.021,Soil,,soil,-94.058,,-64.0,,7.95,Northeast Tibetan Plateau,Outside primary study area - flagged in model analysis; Drainage: Yangtze; Ref: Xia et al. [2008]; C from Mügler et al. [2008]; D from Aichner et al. [2010],10.1029/2025PA005167,Hren & Brandon 2026 Zenodo: 17209981,Computer v6,NOTE: ε outside typical range (-64‰)
Hren & Brandon 2026,Hren & Brandon 2026 Zenodo: 17209981,"Northeast Tibet, drainage: Yangtze",37.2935,101.4141,3203.0,-155.0,2.021,Soil,,soil,-93.506,,-67.8,,7.3,Northeast Tibetan Plateau,Outside primary study area - flagged in model analysis; Drainage: Yangtze; Ref: Xia et al. [2008]; C from Mügler et al. [2008]; D from Aichner et al. [2010],10.1029/2025PA005167,Hren & Brandon 2026 Zenodo: 17209981,Computer v6,NOTE: ε outside typical range (-68‰)
Hren & Brandon 2026,Hren & Brandon 2026 Zenodo: 17209981,drainage: Ob,37.3019,96.8857,2812.0,-126.0,2.475,Lake sediment,,lake sed,-167.461,,49.8,,9.3,Lacustrine,Lake sediment - flagged in model analysis; Drainage: Ob; Ref: Xia et al. [2008]; C from Mügler et al. [2008]; D from Aichner et al. [2010],10.1029/2025PA005167,Hren & Brandon 2026 Zenodo: 17209981,Computer v6,REVIEW: ε anomalous (50‰)
Hren & Brandon 2026,Hren & Brandon 2026 Zenodo: 17209981,"Northeast Tibet, drainage: Yangtze",37.3235,101.4152,3454.0,-159.0,2.021,Soil,,soil,-92.53,,-73.2,,6.31,Northeast Tibetan Plateau,Outside primary study area - flagged in model analysis; Drainage: Yangtze; Ref: Xia et al. [2008]; C from Mügler et al. [2008]; D from Aichner et al. [2010],10.1029/2025PA005167,Hren & Brandon 2026 Zenodo: 17209981,Computer v6,OK
Hren & Brandon 2026,Hren & Brandon 2026 Zenodo: 17209981,"Northeast Tibet, drainage: Yangtze",37.3265,101.4058,3713.0,-169.0,2.021,Soil,,soil,-92.402,,-84.4,,6.13,Northeast Tibetan Plateau,Outside primary study area - flagged in model analysis; Drainage: Yangtze; Ref: Xia et al. [2008]; C from Mügler et al. [2008]; D from Aichner et al. [2010],10.1029/2025PA005167,Hren & Brandon 2026 Zenodo: 17209981,Computer v6,OK
Hren & Brandon 2026,Hren & Brandon 2026 Zenodo: 17209981,"Northeast Tibet, drainage: Yangtze",37.371,101.4059,3537.0,-160.0,2.021,Soil,,soil,-43.069,,-122.2,,6.7,Northeast Tibetan Plateau,Outside primary study area - flagged in model analysis; Drainage: Yangtze; Ref: Xia et al. [2008]; C from Mügler et al. [2008]; D from Aichner et al. [2010],10.1029/2025PA005167,Hren & Brandon 2026 Zenodo: 17209981,Computer v6,OK
Hren & Brandon 2026,Hren & Brandon 2026 Zenodo: 17209981,drainage: Ob,37.463,95.577,3174.0,-156.0,2.475,Lake sediment,,lake sed,-85.387,4.0,-77.2,,8.15,Lacustrine,Lake sediment - flagged in model analysis; Drainage: Ob; Ref: Xia et al. [2008]; C from Mügler et al. [2008]; D from Aichner et al. [2010],10.1029/2025PA005167,Hren & Brandon 2026 Zenodo: 17209981,Both,OK
Hren & Brandon 2026,Hren & Brandon 2026 Zenodo: 17209981,drainage: Ob,37.4697,95.4956,3163.0,-139.0,2.475,Lake sediment,,lake sed,-81.261,,-62.8,,8.21,Lacustrine,Lake sediment - flagged in model analysis; Drainage: Ob; Ref: Xia et al. [2008]; C from Mügler et al. [2008]; D from Aichner et al. [2010],10.1029/2025PA005167,Hren & Brandon 2026 Zenodo: 17209981,Computer v6,NOTE: ε outside typical range (-63‰)
Hren & Brandon 2026,Hren & Brandon 2026 Zenodo: 17209981,"Northeast Tibet, drainage: Yangtze",37.6316,102.37035,2959.0,-163.0,2.021,Soil,,soil,-89.471,,-80.8,,9.79,Northeast Tibetan Plateau,Outside primary study area - flagged in model analysis; Drainage: Yangtze; Ref: Xia et al. [2008]; C from Mügler et al. [2008]; D from Aichner et al. [2010],10.1029/2025PA005167,Hren & Brandon 2026 Zenodo: 17209981,Computer v6,OK
Hren & Brandon 2026,Hren & Brandon 2026 Zenodo: 17209981,"Northeast Tibet, drainage: Yangtze",37.639,102.3716,2818.0,-170.0,2.021,Soil,,soil,-89.913,,-88.0,,10.35,Northeast Tibetan Plateau,Outside primary study area - flagged in model analysis; Drainage: Yangtze; Ref: Xia et al. [2008]; C from Mügler et al. [2008]; D from Aichner et al. [2010],10.1029/2025PA005167,Hren & Brandon 2026 Zenodo: 17209981,Computer v6,OK
Hren & Brandon 2026,Hren & Brandon 2026 Zenodo: 17209981,"Northeast Tibet, drainage: Yangtze",37.8759,101.9279,2847.0,-157.0,2.021,Soil,,soil,-36.371,,-125.2,,10.94,Northeast Tibetan Plateau,Outside primary study area - flagged in model analysis; Drainage: Yangtze; Ref: Xia et al. [2008]; C from Mügler et al. [2008]; D from Aichner et al. [2010],10.1029/2025PA005167,Hren & Brandon 2026 Zenodo: 17209981,Computer v6,OK
Hren & Brandon 2026,Hren & Brandon 2026 Zenodo: 17209981,"Northeast Tibet, drainage: Yangtze",37.8791,101.9232,2945.0,-161.0,2.021,Soil,,soil,-36.238,,-129.5,,10.74,Northeast Tibetan Plateau,Outside primary study area - flagged in model analysis; Drainage: Yangtze; Ref: Xia et al. [2008]; C from Mügler et al. [2008]; D from Aichner et al. [2010],10.1029/2025PA005167,Hren & Brandon 2026 Zenodo: 17209981,Computer v6,OK
Hren & Brandon 2026,Hren & Brandon 2026 Zenodo: 17209981,"Northeast Tibet, drainage: Yangtze",38.233,99.9916,2815.0,-163.0,2.021,Soil,,soil,-41.665,,-126.6,,11.34,Northeast Tibetan Plateau,Outside primary study area - flagged in model analysis; Drainage: Yangtze; Ref: Xia et al. [2008]; C from Mügler et al. [2008]; D from Aichner et al. [2010],10.1029/2025PA005167,Hren & Brandon 2026 Zenodo: 17209981,Computer v6,OK
Hren & Brandon 2026,Hren & Brandon 2026 Zenodo: 17209981,"Northeast Tibet, drainage: Yangtze",38.233,99.9916,2904.0,-167.0,2.021,Soil,,soil,-41.665,,-130.8,,11.34,Northeast Tibetan Plateau,Outside primary study area - flagged in model analysis; Drainage: Yangtze; Ref: Xia et al. [2008]; C from Mügler et al. [2008]; D from Aichner et al. [2010],10.1029/2025PA005167,Hren & Brandon 2026 Zenodo: 17209981,Computer v6,OK
Hren & Brandon 2026,Hren & Brandon 2026 Zenodo: 17209981,"Northeast Tibet, drainage: Yangtze",38.2467,99.9576,2859.0,-155.0,2.021,Soil,,soil,-41.33,,-118.6,,11.0,Northeast Tibetan Plateau,Outside primary study area - flagged in model analysis; Drainage: Yangtze; Ref: Xia et al. [2008]; C from Mügler et al. [2008]; D from Aichner et al. [2010],10.1029/2025PA005167,Hren & Brandon 2026 Zenodo: 17209981,Computer v6,OK
Hren & Brandon 2026,Hren & Brandon 2026 Zenodo: 17209981,"Northeast Tibet, drainage: Yangtze",38.2762,99.8765,2969.0,-156.0,2.021,Soil,,soil,-41.28,,-119.7,,10.95,Northeast Tibetan Plateau,Outside primary study area - flagged in model analysis; Drainage: Yangtze; Ref: Xia et al. [2008]; C from Mügler et al. [2008]; D from Aichner et al. [2010],10.1029/2025PA005167,Hren & Brandon 2026 Zenodo: 17209981,Computer v6,OK
Hren & Brandon 2026,Hren & Brandon 2026 Zenodo: 17209981,"Northeast Tibet, drainage: Yangtze",38.3295,99.7389,3084.0,-146.0,2.021,Soil,,soil,-41.137,,-109.4,,10.72,Northeast Tibetan Plateau,Outside primary study area - flagged in model analysis; Drainage: Yangtze; Ref: Xia et al. [2008]; C from Mügler et al. [2008]; D from Aichner et al. [2010],10.1029/2025PA005167,Hren & Brandon 2026 Zenodo: 17209981,Computer v6,OK
Hren & Brandon 2026,Hren & Brandon 2026 Zenodo: 17209981,"Northeast Tibet, drainage: Yangtze",38.3804,99.688,3137.0,-163.0,2.021,Soil,,soil,-40.537,,-127.6,,10.8,Northeast Tibetan Plateau,Outside primary study area - flagged in model analysis; Drainage: Yangtze; Ref: Xia et al. [2008]; C from Mügler et al. [2008]; D from Aichner et al. [2010],10.1029/2025PA005167,Hren & Brandon 2026 Zenodo: 17209981,Computer v6,OK
Hren & Brandon 2026,Hren & Brandon 2026 Zenodo: 17209981,"Northeast Tibet, drainage: Yangtze",38.4764,99.5819,3398.0,-161.0,2.021,Soil,,soil,-38.582,,-127.3,,9.52,Northeast Tibetan Plateau,Outside primary study area - flagged in model analysis; Drainage: Yangtze; Ref: Xia et al. [2008]; C from Mügler et al. [2008]; D from Aichner et al. [2010],10.1029/2025PA005167,Hren & Brandon 2026 Zenodo: 17209981,Computer v6,OK
Hren & Brandon 2026,Hren & Brandon 2026 Zenodo: 17209981,"Northeast Tibet, drainage: Yangtze",38.5744,99.4192,3231.0,-151.0,2.021,Soil,,soil,-38.91,,-116.6,,10.79,Northeast Tibetan Plateau,Outside primary study area - flagged in model analysis; Drainage: Yangtze; Ref: Xia et al. [2008]; C from Mügler et al. [2008]; D from Aichner et al. [2010],10.1029/2025PA005167,Hren & Brandon 2026 Zenodo: 17209981,Computer v6,OK
Hren & Brandon 2026,Hren & Brandon 2026 Zenodo: 17209981,"Northeast Tibet, drainage: Yangtze",38.7838,98.7447,4126.0,-153.0,2.021,Soil,,soil,-37.416,,-120.1,,9.47,Northeast Tibetan Plateau,Outside primary study area - flagged in model analysis; Drainage: Yangtze; Ref: Xia et al. [2008]; C from Mügler et al. [2008]; D from Aichner et al. [2010],10.1029/2025PA005167,Hren & Brandon 2026 Zenodo: 17209981,Computer v6,OK
Hren & Brandon 2026,Hren & Brandon 2026 Zenodo: 17209981,"Northeast Tibet, drainage: Yangtze",38.793,98.7629,4033.0,-154.0,2.021,Soil,,soil,-37.326,,-121.2,,9.61,Northeast Tibetan Plateau,Outside primary study area - flagged in model analysis; Drainage: Yangtze; Ref: Xia et al. [2008]; C from Mügler et al. [2008]; D from Aichner et al. [2010],10.1029/2025PA005167,Hren & Brandon 2026 Zenodo: 17209981,Computer v6,OK
Hren & Brandon 2026,Hren & Brandon 2026 Zenodo: 17209981,"Northeast Tibet, drainage: Yangtze",38.7968,98.8812,3671.0,-163.0,2.021,Soil,,soil,-37.36,,-130.5,,10.35,Northeast Tibetan Plateau,Outside primary study area - flagged in model analysis; Drainage: Yangtze; Ref: Xia et al. [2008]; C from Mügler et al. [2008]; D from Aichner et al. [2010],10.1029/2025PA005167,Hren & Brandon 2026 Zenodo: 17209981,Computer v6,OK
Hren & Brandon 2026,Hren & Brandon 2026 Zenodo: 17209981,"Northeast Tibet, drainage: Yangtze",38.8231,98.7986,3906.0,-153.0,2.021,Soil,,soil,-37.16,,-120.3,,10.25,Northeast Tibetan Plateau,Outside primary study area - flagged in model analysis; Drainage: Yangtze; Ref: Xia et al. [2008]; C from Mügler et al. [2008]; D from Aichner et al. [2010],10.1029/2025PA005167,Hren & Brandon 2026 Zenodo: 17209981,Computer v6,OK
Hren & Brandon 2026,Hren & Brandon 2026 Zenodo: 17209981,"Northeast Tibet, drainage: Yangtze",38.8492,99.035,3774.0,-143.0,2.021,Soil,,soil,-35.641,,-111.3,,10.49,Northeast Tibetan Plateau,Outside primary study area - flagged in model analysis; Drainage: Yangtze; Ref: Xia et al. [2008]; C from Mügler et al. [2008]; D from Aichner et al. [2010],10.1029/2025PA005167,Hren & Brandon 2026 Zenodo: 17209981,Computer v6,OK
Hren & Brandon 2026,Hren & Brandon 2026 Zenodo: 17209981,"Northeast Tibet, drainage: Yangtze",39.1363,98.1334,3177.0,-163.0,2.021,Soil,,soil,-35.476,,-132.2,,12.97,Northeast Tibetan Plateau,Outside primary study area - flagged in model analysis; Drainage: Yangtze; Ref: Xia et al. [2008]; C from Mügler et al. [2008]; D from Aichner et al. [2010],10.1029/2025PA005167,Hren & Brandon 2026 Zenodo: 17209981,Both,OK
Hren & Brandon 2026,Hren & Brandon 2026 Zenodo: 17209981,"Northeast Tibet, drainage: Yangtze",39.2726,97.7403,3874.0,-166.0,2.021,Soil,,soil,-32.698,,-137.8,,11.63,Northeast Tibetan Plateau,Outside primary study area - flagged in model analysis; Drainage: Yangtze; Ref: Xia et al. [2008]; C from Mügler et al. [2008]; D from Aichner et al. [2010],10.1029/2025PA005167,Hren & Brandon 2026 Zenodo: 17209981,Computer v6,OK
Hren & Brandon 2026,Hren & Brandon 2026 Zenodo: 17209981,"Northeast Tibet, drainage: Yangtze",39.3322,97.8362,3076.0,-162.0,2.021,Soil,,soil,-32.992,,-133.4,,13.92,Northeast Tibetan Plateau,Outside primary study area - flagged in model analysis; Drainage: Yangtze; Ref: Xia et al. [2008]; C from Mügler et al. [2008]; D from Aichner et al. [2010],10.1029/2025PA005167,Hren & Brandon 2026 Zenodo: 17209981,Both,OK
Hren & Brandon 2026,Hren & Brandon 2026 Zenodo: 17209981,"Northeast Tibet, drainage: Yangtze",39.339,97.7912,3221.0,-163.0,2.021,Soil,,soil,-32.784,,-134.6,,13.58,Northeast Tibetan Plateau,Outside primary study area - flagged in model analysis; Drainage: Yangtze; Ref: Xia et al. [2008]; C from Mügler et al. [2008]; D from Aichner et al. [2010],10.1029/2025PA005167,Hren & Brandon 2026 Zenodo: 17209981,Computer v6,OK
Hren & Brandon 2026,Hren & Brandon 2026 Zenodo: 17209981,Tibetan Plateau / South Asia,,,4718.0,-240.0,2.475,Lake sediment,,lake sed,,,,,,Lacustrine,Lake sediment - flagged in model analysis; Drainage: X; Ref: Xia et al. [2008]; C from Mügler et al. [2008]; D from Aichner et al. [2010],10.1029/2025PA005167,Hren & Brandon 2026 Zenodo: 17209981,Computer v6,REVIEW: missing coordinates; Missing: d2H_precip
Hren & Brandon 2026,Hren & Brandon 2026 Zenodo: 17209981,Tibetan Plateau / South Asia,,,2600.0,-178.0,2.475,Soil,,soil,-80.0,,-106.5,,,,Flagged in model analysis; Drainage: X,10.1029/2025PA005167,Hren & Brandon 2026 Zenodo: 17209981,Both,REVIEW: missing coordinates
"Huang et al., 2016",Liu,Yichun,68.52,129.53,272.0,-209.0,,Soil,,,-88.0,,-132.7,,,,,,,User compilation,OK
Jaeschke et al. 2018,Manual extraction,"Jimma zone VI, Ethiopia (Forest)",7.593,36.8544,1769.0,-127.0,,Topsoil,Forest vegetation,Forest,,,,,,Afromontane,,10.1016/j.orggeochem.2018.06.006,Manual extraction,Computer v6,Missing: d2H_precip
"Jaeschke et al., 2018",Ladd,I-Forest,7.4452,36.8768,2650.0,-130.0,,Marine surface sediment,,,-0.422700005,,-129.6,,,,,,,User compilation,OK
"Jaeschke et al., 2018",Ladd,I-Cropland,7.4452,36.8768,2650.0,-131.0,,Marine surface sediment,,,-0.422700005,,-130.6,,,,,,,User compilation,OK
"Jaeschke et al., 2018",Ladd,II-Cropland,7.4527,36.8704,2545.0,-133.0,,Marine surface sediment,,,-1.059381222,,-132.1,,,,,,,User compilation,OK
"Jaeschke et al., 2018",Ladd,III-Cropland,7.4609,36.8687,2402.0,-130.0,,Marine surface sediment,,,-1.199190527,,-129.0,,,,,,,User compilation,OK
"Jaeschke et al., 2018",Ladd,III-Grassland,7.4609,36.8687,2402.0,-129.0,,Marine surface sediment,,,-1.199190527,,-128.0,,,,,,,User compilation,OK
"Jaeschke et al., 2018",Ladd,IV-Cropland,7.4782,36.8814,2099.0,-127.0,,Marine surface sediment,,,0.672390959,,-127.6,,,,,,,User compilation,OK
"Jaeschke et al., 2018",Ladd,IV-Forest,7.4782,36.8814,2099.0,-132.0,,Marine surface sediment,,,0.672390959,,-132.6,,,,,,,User compilation,OK
"Jaeschke et al., 2018",Ladd,IV-Grassland,7.4782,36.8814,2099.0,-130.0,,Marine surface sediment,,,0.672390959,,-130.6,,,,,,,User compilation,OK
"Jaeschke et al., 2018",Ladd,VI-Cropland,7.593,36.8544,1769.0,-131.0,,Marine surface sediment,,,6.281825171,,-136.4,,,,,,,User compilation,OK
"Jaeschke et al., 2018",Ladd,VI-Forest,7.593,36.8544,1769.0,-134.0,,Marine surface sediment,,,6.281825171,,-139.4,,,,,,,User compilation,OK
"Jia et al., 2008",Liu,Mt Gongga,30.0,102.0,1320.0,-180.0,,Lake sediment,,,-58.0,,-129.5,,,,,,,User compilation,OK
"Jia et al., 2008",Liu,Mt Gongga,30.0,102.0,1375.0,-169.0,,Lake sediment,,,-59.0,,-116.9,,,,,,,User compilation,OK
"Jia et al., 2008",Liu,Mt Gongga,30.0,102.0,1470.0,-184.0,,Lake sediment,,,-60.0,,-131.9,,,,,,,User compilation,OK
"Jia et al., 2008",Liu,Mt Gongga,30.0,102.0,1550.0,-183.0,,Lake sediment,,,-61.0,,-129.9,,,,,,,User compilation,OK
"Jia et al., 2008",Liu,Mt Gongga,30.0,102.0,1610.0,-192.0,,Lake sediment,,,-62.0,,-138.6,,,,,,,User compilation,OK
"Jia et al., 2008",Liu,Mt Gongga,30.0,102.0,1645.0,-181.0,,Lake sediment,,,-62.0,,-126.9,,,,,,,User compilation,OK
"Jia et al., 2008",Liu,Mt Gongga,30.0,102.0,1800.0,-202.0,,Lake sediment,,,-64.0,,-147.4,,,,,,,User compilation,OK
"Jia et al., 2008",Liu,Mt Gongga,30.0,102.0,1915.0,-188.0,,Lake sediment,,,-66.0,,-130.6,,,,,,,User compilation,OK
"Jia et al., 2008",Liu,Mt Gongga,30.0,102.0,1973.0,-201.0,,Lake sediment,,,-66.0,,-144.5,,,,,,,User compilation,OK
"Jia et al., 2008",Liu,Mt Gongga,30.0,102.0,2115.0,-185.0,,Lake sediment,,,-68.0,,-125.5,,,,,,,User compilation,OK
"Jia et al., 2008",Liu,Mt Gongga,30.0,102.0,2160.0,-214.0,,Lake sediment,,,-69.0,,-155.7,,,,,,,User compilation,OK
"Jia et al., 2008",Liu,Mt Gongga,30.0,102.0,2220.0,-203.0,,Lake sediment,,,-70.0,,-143.0,,,,,,,User compilation,OK
"Jia et al., 2008",Liu,Mt Gongga,30.0,102.0,2350.0,-189.0,,Lake sediment,,,-72.0,,-126.1,,,,,,,User compilation,OK
"Jia et al., 2008",Liu,Mt Gongga,30.0,102.0,2960.0,-198.0,,Lake sediment,,,-81.0,,-127.3,,,,,,,User compilation,OK
"Jia et al., 2008",Liu,Mt Gongga,30.0,102.0,3188.0,-220.0,,Lake sediment,,,-85.0,,-147.5,,,,,,,User compilation,OK
"Jia et al., 2008",Liu,Mt Gongga,30.0,102.0,3518.0,-224.0,,Lake sediment,,,-92.0,,-145.4,,,,,,,User compilation,OK
"Jia et al., 2008",Liu,Mt Gongga,30.0,102.0,3596.0,-219.0,,Lake sediment,,,-93.0,,-138.9,,,,,,,User compilation,OK
"Jia et al., 2008",Liu,Mt Gongga,30.0,102.0,3676.0,-241.0,,Lake sediment,,,-95.0,,-161.3,,,,,,,User compilation,OK
"Jia et al., 2008",Liu,Mt Gongga,30.0,102.0,3767.0,-237.0,,Lake sediment,,,-97.0,,-155.0,,,,,,,User compilation,OK
"Jia et al., 2008",Liu,Mt Gongga,30.0,102.0,3819.0,-240.0,,Lake sediment,,,-98.0,,-157.4,,,,,,,User compilation,OK
"Jia et al., 2008",Liu,Mt Gongga,30.0,102.0,1180.0,-178.0,,Lake sediment,,,-56.0,,-129.2,,,,,,,User compilation,OK
"Jia et al., 2008",Liu,Mt Gongga,30.0,102.0,1700.0,-193.0,,Lake sediment,,,-63.0,,-138.7,,,,,,,User compilation,OK
"Jia et al., 2008",Liu,Mt Gongga,30.0,102.0,1220.0,-195.0,,Lake sediment,,,-57.0,,-146.3,,,,,,,User compilation,OK
"Jia et al., 2008",Liu,Mt Gongga,30.0,102.0,2846.0,-196.0,,Lake sediment,,,-79.0,,-127.0,,,,,,,User compilation,OK
"Jia et al., 2008",Liu,Mt Gongga,30.0,102.0,2420.0,-197.0,,Lake sediment,,,-73.0,,-133.8,,,,,,,User compilation,OK
"Jia et al., 2008",Liu,Mt Gongga,30.0,102.0,2005.0,-199.0,,Lake sediment,,,-67.0,,-141.5,,,,,,,User compilation,OK
"Jia et al., 2008",Liu,Mt Gongga,30.0,102.0,2540.0,-200.0,,Lake sediment,,,-75.0,,-135.1,,,,,,,User compilation,OK
"Jia et al., 2008",Liu,Mt Gongga,30.0,102.0,2085.0,-206.0,,Lake sediment,,,-68.0,,-148.1,,,,,,,User compilation,OK
"Jia et al., 2008",Liu,Mt Gongga,30.0,102.0,2764.0,-207.0,,Lake sediment,,,-78.0,,-139.9,,,,,,,User compilation,OK
"Ladd 2021 compilation (Aichner et al., 2010)",ETH Zurich: doi:10.3929/ethz-b-000412154,"Tibetan plateau, Asia",25.92,100.12,1967.0,-172.0,,Sediment/soil,Mixed vegetation,Mixed,-73.0,2.0,-106.8,,,Asia,From Ladd et al. 2021 global compilation; compound: n-C29 alkane; CI95: 2,10.1029/2020JG005891,ETH Zurich: doi:10.3929/ethz-b-000412154,Both,OK
"Ladd 2021 compilation (Aichner et al., 2010)",ETH Zurich: doi:10.3929/ethz-b-000412154,"Tibetan plateau, Asia",29.83,94.46,4132.0,-232.0,,Sediment/soil,Mixed vegetation,Mixed,-127.0,,-120.3,,,Asia,From Ladd et al. 2021 global compilation; compound: n-C29 alkane; CI95: 4,10.1029/2020JG005891,ETH Zurich: doi:10.3929/ethz-b-000412154,Computer v6,OK
"Ladd 2021 compilation (Aichner et al., 2010)",ETH Zurich: doi:10.3929/ethz-b-000412154,"Tibetan plateau, Asia",34.02,97.22,4541.0,-180.0,,Sediment/soil,Mixed vegetation,Mixed,-111.0,4.0,-77.6,,,Asia,From Ladd et al. 2021 global compilation; compound: n-C29 alkane; CI95: 4,10.1029/2020JG005891,ETH Zurich: doi:10.3929/ethz-b-000412154,Both,OK
"Ladd 2021 compilation (Aichner et al., 2010)",ETH Zurich: doi:10.3929/ethz-b-000412154,"Tibetan plateau, Asia",34.16,95.98,4701.0,-188.0,,Sediment/soil,Mixed vegetation,Mixed,-113.0,5.0,-84.6,,,Asia,From Ladd et al. 2021 global compilation; compound: n-C29 alkane; CI95: 5,10.1029/2020JG005891,ETH Zurich: doi:10.3929/ethz-b-000412154,Both,OK
"Ladd 2021 compilation (Aichner et al., 2010)",ETH Zurich: doi:10.3929/ethz-b-000412154,"Tibetan plateau, Asia",34.68,98.06,4233.0,-169.0,,Sediment/soil,Mixed vegetation,Mixed,-97.0,4.0,-79.7,,,Asia,From Ladd et al. 2021 global compilation; compound: n-C29 alkane; CI95: 4,10.1029/2020JG005891,ETH Zurich: doi:10.3929/ethz-b-000412154,Both,OK
"Ladd 2021 compilation (Aichner et al., 2010)",ETH Zurich: doi:10.3929/ethz-b-000412154,"Tibetan plateau, Asia",35.23,98.65,4095.0,-162.0,,Sediment/soil,Mixed vegetation,Mixed,-75.0,5.0,-94.1,,,Asia,From Ladd et al. 2021 global compilation; compound: n-C29 alkane; CI95: 5,10.1029/2020JG005891,ETH Zurich: doi:10.3929/ethz-b-000412154,Both,OK
"Ladd 2021 compilation (Aichner et al., 2010)",ETH Zurich: doi:10.3929/ethz-b-000412154,"Qaidam Basin, Asia",37.04,100.58,3205.0,-150.0,,Sediment/soil,Mixed vegetation,Mixed,-57.0,6.0,-98.6,,,Asia,From Ladd et al. 2021 global compilation; compound: n-C29 alkane; CI95: 6,10.1029/2020JG005891,ETH Zurich: doi:10.3929/ethz-b-000412154,Both,OK
"Ladd 2021 compilation (Bai et al., 2011)",ETH Zurich: doi:10.3929/ethz-b-000412154,"Mt Kunlun, Asia",36.2,81.2,3200.0,-190.0,,Sediment/soil,Mixed vegetation,Mixed,-55.0,,-142.9,,,Asia,From Ladd et al. 2021 global compilation; compound: n-C29 alkane; CI95: 8,10.1029/2020JG005891,ETH Zurich: doi:10.3929/ethz-b-000412154,Both,OK
"Ladd 2021 compilation (Bai et al., 2011)",ETH Zurich: doi:10.3929/ethz-b-000412154,"Mt Kunlun, Asia",36.22,81.22,3000.0,-183.0,,Sediment/soil,Mixed vegetation,Mixed,-52.0,,-138.2,,,Asia,From Ladd et al. 2021 global compilation; compound: n-C29 alkane; CI95: 7,10.1029/2020JG005891,ETH Zurich: doi:10.3929/ethz-b-000412154,Both,OK
"Ladd 2021 compilation (Bai et al., 2011)",ETH Zurich: doi:10.3929/ethz-b-000412154,"Mt Kunlun, Asia",36.22,81.23,2900.0,-186.0,,Sediment/soil,Mixed vegetation,Mixed,-50.0,,-143.2,,,Asia,From Ladd et al. 2021 global compilation; compound: n-C29 alkane; CI95: 7,10.1029/2020JG005891,ETH Zurich: doi:10.3929/ethz-b-000412154,Both,OK
"Ladd 2021 compilation (Bai et al., 2011)",ETH Zurich: doi:10.3929/ethz-b-000412154,"Mt Kunlun, Asia",36.23,81.67,2450.0,-189.0,,Sediment/soil,Mixed vegetation,Mixed,-44.0,,-151.7,,,Asia,From Ladd et al. 2021 global compilation; compound: n-C29 alkane; CI95: 5,10.1029/2020JG005891,ETH Zurich: doi:10.3929/ethz-b-000412154,Both,OK
"Ladd 2021 compilation (Bai et al., 2011)",ETH Zurich: doi:10.3929/ethz-b-000412154,"Mt Kunlun, Asia",36.55,77.05,4650.0,-194.0,,Sediment/soil,Mixed vegetation,Mixed,-117.0,,-87.2,,,Asia,From Ladd et al. 2021 global compilation; compound: n-C29 alkane; CI95: 8,10.1029/2020JG005891,ETH Zurich: doi:10.3929/ethz-b-000412154,Both,OK
"Ladd 2021 compilation (Bai et al., 2011)",ETH Zurich: doi:10.3929/ethz-b-000412154,"Mt Kunlun, Asia",36.55,77.13,4450.0,-190.0,,Sediment/soil,Mixed vegetation,Mixed,-112.0,,-87.8,,,Asia,From Ladd et al. 2021 global compilation; compound: n-C29 alkane; CI95: 8,10.1029/2020JG005891,ETH Zurich: doi:10.3929/ethz-b-000412154,Both,OK
"Ladd 2021 compilation (Bai et al., 2011)",ETH Zurich: doi:10.3929/ethz-b-000412154,"Mt Kunlun, Asia",36.57,77.0,4993.0,-198.0,,Sediment/soil,Mixed vegetation,Mixed,-123.0,,-85.5,,,Asia,From Ladd et al. 2021 global compilation; compound: n-C29 alkane; CI95: 9,10.1029/2020JG005891,ETH Zurich: doi:10.3929/ethz-b-000412154,Both,OK
"Ladd 2021 compilation (Bai et al., 2011)",ETH Zurich: doi:10.3929/ethz-b-000412154,"Mt Kunlun, Asia",36.63,80.75,1900.0,-190.0,,Sediment/soil,Mixed vegetation,Mixed,-35.0,,-160.6,,,Asia,From Ladd et al. 2021 global compilation; compound: n-C29 alkane; CI95: 3,10.1029/2020JG005891,ETH Zurich: doi:10.3929/ethz-b-000412154,Both,OK
"Ladd 2021 compilation (Bai et al., 2011)",ETH Zurich: doi:10.3929/ethz-b-000412154,"Mt Kunlun, Asia",36.65,77.12,3836.0,-183.0,,Sediment/soil,Mixed vegetation,Mixed,-104.0,,-88.2,,,Asia,From Ladd et al. 2021 global compilation; compound: n-C29 alkane; CI95: 6,10.1029/2020JG005891,ETH Zurich: doi:10.3929/ethz-b-000412154,Both,OK
"Ladd 2021 compilation (Bai et al., 2014)",ETH Zurich: doi:10.3929/ethz-b-000412154,"Mt Qilian, Asia",35.47,103.57,3100.0,-214.0,,Sediment/soil,Mixed vegetation,Mixed,-57.0,,-166.5,,,Asia,From Ladd et al. 2021 global compilation; compound: n-C29 alkane; CI95: 8,10.1029/2020JG005891,ETH Zurich: doi:10.3929/ethz-b-000412154,Both,OK
"Ladd 2021 compilation (Bai et al., 2014)",ETH Zurich: doi:10.3929/ethz-b-000412154,"Mt Qilian, Asia",35.73,103.98,3640.0,-217.0,,Sediment/soil,Mixed vegetation,Mixed,-66.0,,-161.7,,,Asia,From Ladd et al. 2021 global compilation; compound: n-C29 alkane; CI95: 10,10.1029/2020JG005891,ETH Zurich: doi:10.3929/ethz-b-000412154,Both,OK
"Ladd 2021 compilation (Bai et al., 2014)",ETH Zurich: doi:10.3929/ethz-b-000412154,"Mt Qilian, Asia",35.74,103.96,3590.0,-235.0,,Sediment/soil,Mixed vegetation,Mixed,-65.0,,-181.8,,,Asia,From Ladd et al. 2021 global compilation; compound: n-C29 alkane; CI95: 10,10.1029/2020JG005891,ETH Zurich: doi:10.3929/ethz-b-000412154,Both,NOTE: ε outside typical range (-182‰)
"Ladd 2021 compilation (Bai et al., 2014)",ETH Zurich: doi:10.3929/ethz-b-000412154,"Mt Qilian, Asia",35.77,103.95,3060.0,-201.0,,Sediment/soil,Mixed vegetation,Mixed,-57.0,,-152.7,,,Asia,From Ladd et al. 2021 global compilation; compound: n-C29 alkane; CI95: 8,10.1029/2020JG005891,ETH Zurich: doi:10.3929/ethz-b-000412154,Both,OK
"Ladd 2021 compilation (Bai et al., 2014)",ETH Zurich: doi:10.3929/ethz-b-000412154,"Mt Qilian, Asia",35.77,103.95,3430.0,-210.0,,Sediment/soil,Mixed vegetation,Mixed,-63.0,,-156.9,,,Asia,From Ladd et al. 2021 global compilation; compound: n-C29 alkane; CI95: 9,10.1029/2020JG005891,ETH Zurich: doi:10.3929/ethz-b-000412154,Both,OK
"Ladd 2021 compilation (Bai et al., 2014)",ETH Zurich: doi:10.3929/ethz-b-000412154,"Mt Qilian, Asia",35.78,103.95,3200.0,-217.0,,Sediment/soil,Mixed vegetation,Mixed,-59.0,,-167.9,,,Asia,From Ladd et al. 2021 global compilation; compound: n-C29 alkane; CI95: 8,10.1029/2020JG005891,ETH Zurich: doi:10.3929/ethz-b-000412154,Both,OK
"Ladd 2021 compilation (Bai et al., 2014)",ETH Zurich: doi:10.3929/ethz-b-000412154,"Mt Qilian, Asia",35.78,103.98,2720.0,-241.0,,Sediment/soil,Mixed vegetation,Mixed,-52.0,,-199.4,,,Asia,From Ladd et al. 2021 global compilation; compound: n-C29 alkane; CI95: 6,10.1029/2020JG005891,ETH Zurich: doi:10.3929/ethz-b-000412154,Both,NOTE: ε outside typical range (-199‰)
"Ladd 2021 compilation (Bai et al., 2014)",ETH Zurich: doi:10.3929/ethz-b-000412154,"Mt Qilian, Asia",35.78,104.04,2350.0,-212.0,,Sediment/soil,Mixed vegetation,Mixed,-46.0,,-174.0,,,Asia,From Ladd et al. 2021 global compilation; compound: n-C29 alkane; CI95: 5,10.1029/2020JG005891,ETH Zurich: doi:10.3929/ethz-b-000412154,Both,NOTE: ε outside typical range (-174‰)
"Ladd 2021 compilation (Bai et al., 2014)",ETH Zurich: doi:10.3929/ethz-b-000412154,"Mt Qilian, Asia",35.79,104.0,2550.0,-206.0,,Sediment/soil,Mixed vegetation,Mixed,-49.0,,-165.1,,,Asia,From Ladd et al. 2021 global compilation; compound: n-C29 alkane; CI95: 6,10.1029/2020JG005891,ETH Zurich: doi:10.3929/ethz-b-000412154,Both,OK
"Ladd 2021 compilation (Bai et al., 2014)",ETH Zurich: doi:10.3929/ethz-b-000412154,"Mt Qilian, Asia",35.83,104.08,2060.0,-215.0,,Sediment/soil,Mixed vegetation,Mixed,-42.0,,-180.6,,,Asia,From Ladd et al. 2021 global compilation; compound: n-C29 alkane; CI95: 4,10.1029/2020JG005891,ETH Zurich: doi:10.3929/ethz-b-000412154,Both,NOTE: ε outside typical range (-181‰)
"Ladd 2021 compilation (Bai et al., 2014)",ETH Zurich: doi:10.3929/ethz-b-000412154,"Mt Qilian, Asia",37.53,101.83,3835.0,-158.0,,Sediment/soil,Mixed vegetation,Mixed,-71.0,,-93.6,,,Asia,From Ladd et al. 2021 global compilation; compound: n-C29 alkane; CI95: NA,10.1029/2020JG005891,ETH Zurich: doi:10.3929/ethz-b-000412154,Both,OK
"Ladd 2021 compilation (Bai et al., 2014)",ETH Zurich: doi:10.3929/ethz-b-000412154,"Mt Qilian, Asia",37.54,101.83,3727.0,-170.0,,Sediment/soil,Mixed vegetation,Mixed,-70.0,,-107.5,,,Asia,From Ladd et al. 2021 global compilation; compound: n-C29 alkane; CI95: 9,10.1029/2020JG005891,ETH Zurich: doi:10.3929/ethz-b-000412154,Both,OK
"Ladd 2021 compilation (Bai et al., 2014)",ETH Zurich: doi:10.3929/ethz-b-000412154,"Mt Qilian, Asia",37.56,101.85,3495.0,-181.0,,Sediment/soil,Mixed vegetation,Mixed,-66.0,,-123.1,,,Asia,From Ladd et al. 2021 global compilation; compound: n-C29 alkane; CI95: 8,10.1029/2020JG005891,ETH Zurich: doi:10.3929/ethz-b-000412154,Both,OK
"Ladd 2021 compilation (Bai et al., 2014)",ETH Zurich: doi:10.3929/ethz-b-000412154,"Mt Qilian, Asia",37.61,101.83,3250.0,-171.0,,Sediment/soil,Mixed vegetation,Mixed,-63.0,,-115.3,,,Asia,From Ladd et al. 2021 global compilation; compound: n-C29 alkane; CI95: 7,10.1029/2020JG005891,ETH Zurich: doi:10.3929/ethz-b-000412154,Both,OK
"Ladd 2021 compilation (Bai et al., 2014)",ETH Zurich: doi:10.3929/ethz-b-000412154,"Mt Qilian, Asia",37.63,101.83,3168.0,-166.0,,Sediment/soil,Mixed vegetation,Mixed,-62.0,,-110.9,,,Asia,From Ladd et al. 2021 global compilation; compound: n-C29 alkane; CI95: 7,10.1029/2020JG005891,ETH Zurich: doi:10.3929/ethz-b-000412154,Both,OK
"Ladd 2021 compilation (Bai et al., 2014)",ETH Zurich: doi:10.3929/ethz-b-000412154,"Mt Qilian, Asia",37.64,101.85,3035.0,-163.0,,Sediment/soil,Mixed vegetation,Mixed,-60.0,,-109.6,,,Asia,From Ladd et al. 2021 global compilation; compound: n-C29 alkane; CI95: 6,10.1029/2020JG005891,ETH Zurich: doi:10.3929/ethz-b-000412154,Both,OK
"Ladd 2021 compilation (Bai et al., 2014)",ETH Zurich: doi:10.3929/ethz-b-000412154,"Mt Qilian, Asia",37.64,101.85,3058.0,-176.0,,Sediment/soil,Mixed vegetation,Mixed,-60.0,,-123.4,,,Asia,From Ladd et al. 2021 global compilation; compound: n-C29 alkane; CI95: 6,10.1029/2020JG005891,ETH Zurich: doi:10.3929/ethz-b-000412154,Both,OK
"Ladd 2021 compilation (Bai et al., 2014)",ETH Zurich: doi:10.3929/ethz-b-000412154,"Mt Qilian, Asia",37.65,101.86,2967.0,-157.0,,Sediment/soil,Mixed vegetation,Mixed,-59.0,,-104.1,,,Asia,From Ladd et al. 2021 global compilation; compound: n-C29 alkane; CI95: 6,10.1029/2020JG005891,ETH Zurich: doi:10.3929/ethz-b-000412154,Both,OK
"Ladd 2021 compilation (Bai et al., 2014)",ETH Zurich: doi:10.3929/ethz-b-000412154,"Mt Qilian, Asia",37.66,101.86,2885.0,-148.0,,Sediment/soil,Mixed vegetation,Mixed,-57.0,,-96.5,,,Asia,From Ladd et al. 2021 global compilation; compound: n-C29 alkane; CI95: 6,10.1029/2020JG005891,ETH Zurich: doi:10.3929/ethz-b-000412154,Both,OK
"Ladd 2021 compilation (Bai et al., 2014)",ETH Zurich: doi:10.3929/ethz-b-000412154,"Mt Qilian, Asia",37.71,101.92,2637.0,-160.0,,Sediment/soil,Mixed vegetation,Mixed,-54.0,,-112.1,,,Asia,From Ladd et al. 2021 global compilation; compound: n-C29 alkane; CI95: 5,10.1029/2020JG005891,ETH Zurich: doi:10.3929/ethz-b-000412154,Both,OK
"Ladd 2021 compilation (Bai et al., 2014)",ETH Zurich: doi:10.3929/ethz-b-000412154,"Mt Qilian, Asia",37.73,101.93,2568.0,-156.0,,Sediment/soil,Mixed vegetation,Mixed,-53.0,,-108.8,,,Asia,From Ladd et al. 2021 global compilation; compound: n-C29 alkane; CI95: 4,10.1029/2020JG005891,ETH Zurich: doi:10.3929/ethz-b-000412154,Both,OK
"Ladd 2021 compilation (Bai et al., 2014)",ETH Zurich: doi:10.3929/ethz-b-000412154,"Mt Qilian, Asia",37.75,101.95,2514.0,-142.0,,Sediment/soil,Mixed vegetation,Mixed,-52.0,,-94.9,,,Asia,From Ladd et al. 2021 global compilation; compound: n-C29 alkane; CI95: 4,10.1029/2020JG005891,ETH Zurich: doi:10.3929/ethz-b-000412154,Both,OK
"Ladd 2021 compilation (Bai et al., 2014)",ETH Zurich: doi:10.3929/ethz-b-000412154,"Mt Qilian, Asia",37.8,102.0,2363.0,-147.0,,Sediment/soil,Mixed vegetation,Mixed,-50.0,,-102.1,,,Asia,From Ladd et al. 2021 global compilation; compound: n-C29 alkane; CI95: 4,10.1029/2020JG005891,ETH Zurich: doi:10.3929/ethz-b-000412154,Both,OK
"Ladd 2021 compilation (Bai et al., 2014)",ETH Zurich: doi:10.3929/ethz-b-000412154,"Mt Qilian, Asia",37.88,102.07,2184.0,-164.0,,Sediment/soil,Mixed vegetation,Mixed,-47.0,,-122.8,,,Asia,From Ladd et al. 2021 global compilation; compound: n-C29 alkane; CI95: 3,10.1029/2020JG005891,ETH Zurich: doi:10.3929/ethz-b-000412154,Both,OK
"Ladd 2021 compilation (Bai et al., 2014)",ETH Zurich: doi:10.3929/ethz-b-000412154,"Mt Qilian, Asia",37.88,102.07,2184.0,-167.0,,Sediment/soil,Mixed vegetation,Mixed,-47.0,,-125.9,,,Asia,From Ladd et al. 2021 global compilation; compound: n-C29 alkane; CI95: 3,10.1029/2020JG005891,ETH Zurich: doi:10.3929/ethz-b-000412154,Both,OK
"Ladd 2021 compilation (Bai et al., 2014)",ETH Zurich: doi:10.3929/ethz-b-000412154,"Mt Qilian, Asia",37.89,102.12,2143.0,-169.0,,Sediment/soil,Mixed vegetation,Mixed,-47.0,,-128.0,,,Asia,From Ladd et al. 2021 global compilation; compound: n-C29 alkane; CI95: 3,10.1029/2020JG005891,ETH Zurich: doi:10.3929/ethz-b-000412154,Both,OK
"Ladd 2021 compilation (Bai et al., 2014)",ETH Zurich: doi:10.3929/ethz-b-000412154,"Mt Qilian, Asia",37.89,102.17,2098.0,-161.0,,Sediment/soil,Mixed vegetation,Mixed,-47.0,,-119.6,,,Asia,From Ladd et al. 2021 global compilation; compound: n-C29 alkane; CI95: 3,10.1029/2020JG005891,ETH Zurich: doi:10.3929/ethz-b-000412154,Both,OK
"Ladd 2021 compilation (Bai et al., 2014)",ETH Zurich: doi:10.3929/ethz-b-000412154,"Mt Qilian, Asia",37.92,102.22,2059.0,-157.0,,Sediment/soil,Mixed vegetation,Mixed,-46.0,,-116.4,,,Asia,From Ladd et al. 2021 global compilation; compound: n-C29 alkane; CI95: 3,10.1029/2020JG005891,ETH Zurich: doi:10.3929/ethz-b-000412154,Both,OK
"Ladd 2021 compilation (Bai et al., 2014)",ETH Zurich: doi:10.3929/ethz-b-000412154,"Mt Qilian, Asia",37.94,102.3,1924.0,-155.0,,Sediment/soil,Mixed vegetation,Mixed,-42.0,,-118.0,,,Asia,From Ladd et al. 2021 global compilation; compound: n-C29 alkane; CI95: 2,10.1029/2020JG005891,ETH Zurich: doi:10.3929/ethz-b-000412154,Both,OK
"Ladd 2021 compilation (Bai et al., 2014)",ETH Zurich: doi:10.3929/ethz-b-000412154,"Mt Qilian, Asia",38.0,102.35,1793.0,-174.0,,Sediment/soil,Mixed vegetation,Mixed,-42.0,,-137.8,,,Asia,From Ladd et al. 2021 global compilation; compound: n-C29 alkane; CI95: 2,10.1029/2020JG005891,ETH Zurich: doi:10.3929/ethz-b-000412154,Both,OK
"Ladd 2021 compilation (Bai et al., 2014)",ETH Zurich: doi:10.3929/ethz-b-000412154,"Mt Qilian, Asia",38.02,102.38,1755.0,-159.0,,Sediment/soil,Mixed vegetation,Mixed,-42.0,,-122.1,,,Asia,From Ladd et al. 2021 global compilation; compound: n-C29 alkane; CI95: 2,10.1029/2020JG005891,ETH Zurich: doi:10.3929/ethz-b-000412154,Both,OK
"Ladd 2021 compilation (Bai et al., 2014)",ETH Zurich: doi:10.3929/ethz-b-000412154,"Mt Qilian, Asia",39.22,97.978,2779.0,-166.0,,Sediment/soil,Mixed vegetation,Mixed,-50.0,,-122.1,,,Asia,From Ladd et al. 2021 global compilation; compound: n-C29 alkane; CI95: 4,10.1029/2020JG005891,ETH Zurich: doi:10.3929/ethz-b-000412154,Both,OK
"Ladd 2021 compilation (Bai et al., 2014)",ETH Zurich: doi:10.3929/ethz-b-000412154,"Mt Qilian, Asia",39.31,97.72,3945.0,-161.0,,Sediment/soil,Mixed vegetation,Mixed,-67.0,,-100.8,,,Asia,From Ladd et al. 2021 global compilation; compound: n-C29 alkane; CI95: 9,10.1029/2020JG005891,ETH Zurich: doi:10.3929/ethz-b-000412154,Both,OK
"Ladd 2021 compilation (Bai et al., 2014)",ETH Zurich: doi:10.3929/ethz-b-000412154,"Mt Qilian, Asia",39.33,97.74,3420.0,-158.0,,Sediment/soil,Mixed vegetation,Mixed,-59.0,,-105.2,,,Asia,From Ladd et al. 2021 global compilation; compound: n-C29 alkane; CI95: 7,10.1029/2020JG005891,ETH Zurich: doi:10.3929/ethz-b-000412154,Both,OK
"Ladd 2021 compilation (Bai et al., 2014)",ETH Zurich: doi:10.3929/ethz-b-000412154,"Mt Qilian, Asia",39.33,97.74,4040.0,-168.0,,Sediment/soil,Mixed vegetation,Mixed,-69.0,,-106.3,,,Asia,From Ladd et al. 2021 global compilation; compound: n-C29 alkane; CI95: 10,10.1029/2020JG005891,ETH Zurich: doi:10.3929/ethz-b-000412154,Both,OK
"Ladd 2021 compilation (Bai et al., 2014)",ETH Zurich: doi:10.3929/ethz-b-000412154,"Mt Qilian, Asia",39.34,97.79,3754.0,-169.0,,Sediment/soil,Mixed vegetation,Mixed,-65.0,,-111.2,,,Asia,From Ladd et al. 2021 global compilation; compound: n-C29 alkane; CI95: 8,10.1029/2020JG005891,ETH Zurich: doi:10.3929/ethz-b-000412154,Both,OK
"Ladd 2021 compilation (Douglas et al., 2012)",ETH Zurich: doi:10.3929/ethz-b-000412154,"Santa Lucia, North America",14.12,-87.09,1405.0,-92.7,,Sediment/soil,Mixed vegetation,Mixed,-43.0,,-51.9,,,North America,From Ladd et al. 2021 global compilation; compound: n-C29 alkane; CI95: 3,10.1029/2020JG005891,ETH Zurich: doi:10.3929/ethz-b-000412154,Computer v6,NOTE: ε outside typical range (-52‰)
"Ladd 2021 compilation (Douglas et al., 2012)",ETH Zurich: doi:10.3929/ethz-b-000412154,"Guangolo, North America",14.26,-87.24,829.0,-131.2,,Sediment/soil,Mixed vegetation,Mixed,-35.0,,-99.7,,,North America,From Ladd et al. 2021 global compilation; compound: n-C29 alkane; CI95: 1,10.1029/2020JG005891,ETH Zurich: doi:10.3929/ethz-b-000412154,Computer v6,OK
"Ladd 2021 compilation (Douglas et al., 2012)",ETH Zurich: doi:10.3929/ethz-b-000412154,"El Chile, North America",14.35,-86.85,1380.0,-118.5,,Sediment/soil,Mixed vegetation,Mixed,-43.0,,-78.9,,,North America,From Ladd et al. 2021 global compilation; compound: n-C29 alkane; CI95: 4,10.1029/2020JG005891,ETH Zurich: doi:10.3929/ethz-b-000412154,Computer v6,OK
"Ladd 2021 compilation (Douglas et al., 2012)",ETH Zurich: doi:10.3929/ethz-b-000412154,"Comayagua, North America",14.45,-87.65,563.0,-132.8,,Sediment/soil,Mixed vegetation,Mixed,-32.0,,-104.1,,,North America,From Ladd et al. 2021 global compilation; compound: n-C29 alkane; CI95: 2,10.1029/2020JG005891,ETH Zurich: doi:10.3929/ethz-b-000412154,Computer v6,OK
"Ladd 2021 compilation (Douglas et al., 2012)",ETH Zurich: doi:10.3929/ethz-b-000412154,"Rio Jalan, North America",14.45,-86.81,765.0,-124.8,,Sediment/soil,Mixed vegetation,Mixed,-33.0,,-94.9,,,North America,From Ladd et al. 2021 global compilation; compound: n-C29 alkane; CI95: 2,10.1029/2020JG005891,ETH Zurich: doi:10.3929/ethz-b-000412154,Computer v6,OK
"Ladd 2021 compilation (Douglas et al., 2012)",ETH Zurich: doi:10.3929/ethz-b-000412154,"Rio Rosario, North America",14.48,-86.98,891.0,-118.9,,Sediment/soil,Mixed vegetation,Mixed,-36.0,,-86.0,,,North America,From Ladd et al. 2021 global compilation; compound: n-C29 alkane; CI95: 2,10.1029/2020JG005891,ETH Zurich: doi:10.3929/ethz-b-000412154,Computer v6,OK
"Ladd 2021 compilation (Douglas et al., 2012)",ETH Zurich: doi:10.3929/ethz-b-000412154,"Taulabe, North America",14.71,-87.97,557.0,-112.0,,Sediment/soil,Mixed vegetation,Mixed,-32.0,,-82.6,,,North America,From Ladd et al. 2021 global compilation; compound: n-C29 alkane; CI95: 2,10.1029/2020JG005891,ETH Zurich: doi:10.3929/ethz-b-000412154,Computer v6,OK
"Ladd 2021 compilation (Douglas et al., 2012)",ETH Zurich: doi:10.3929/ethz-b-000412154,"Copan, North America",14.84,-89.15,613.0,-113.3,,Sediment/soil,Mixed vegetation,Mixed,-34.0,,-82.1,,,North America,From Ladd et al. 2021 global compilation; compound: n-C29 alkane; CI95: 1,10.1029/2020JG005891,ETH Zurich: doi:10.3929/ethz-b-000412154,Computer v6,OK
"Ladd 2021 compilation (Douglas et al., 2012)",ETH Zurich: doi:10.3929/ethz-b-000412154,"Rio Blanco, North America",14.89,-89.03,707.0,-121.4,,Sediment/soil,Mixed vegetation,Mixed,-36.0,,-88.6,,,North America,From Ladd et al. 2021 global compilation; compound: n-C29 alkane; CI95: 1,10.1029/2020JG005891,ETH Zurich: doi:10.3929/ethz-b-000412154,Computer v6,OK
"Ladd 2021 compilation (Douglas et al., 2012)",ETH Zurich: doi:10.3929/ethz-b-000412154,"Yojoa (Soil), North America",14.91,-87.97,662.0,-115.4,,Sediment/soil,Mixed vegetation,Mixed,-33.0,,-85.2,,,North America,From Ladd et al. 2021 global compilation; compound: n-C29 alkane; CI95: 1,10.1029/2020JG005891,ETH Zurich: doi:10.3929/ethz-b-000412154,Computer v6,OK
"Ladd 2021 compilation (Douglas et al., 2012)",ETH Zurich: doi:10.3929/ethz-b-000412154,"Pena Blanca, North America",14.94,-88.03,655.0,-116.7,,Sediment/soil,Mixed vegetation,Mixed,-33.0,,-86.6,,,North America,From Ladd et al. 2021 global compilation; compound: n-C29 alkane; CI95: 1,10.1029/2020JG005891,ETH Zurich: doi:10.3929/ethz-b-000412154,Computer v6,OK
"Ladd 2021 compilation (Douglas et al., 2012)",ETH Zurich: doi:10.3929/ethz-b-000412154,"La Entrada, North America",15.1,-88.71,426.0,-117.3,,Sediment/soil,Mixed vegetation,Mixed,-31.0,,-89.1,,,North America,From Ladd et al. 2021 global compilation; compound: n-C29 alkane; CI95: 2,10.1029/2020JG005891,ETH Zurich: doi:10.3929/ethz-b-000412154,Computer v6,OK
"Ladd 2021 compilation (Douglas et al., 2012)",ETH Zurich: doi:10.3929/ethz-b-000412154,"La Barca, North America",15.12,-87.94,56.0,-129.7,,Sediment/soil,Mixed vegetation,Mixed,-24.0,,-108.3,,,North America,From Ladd et al. 2021 global compilation; compound: n-C29 alkane; CI95: 4,10.1029/2020JG005891,ETH Zurich: doi:10.3929/ethz-b-000412154,Computer v6,OK
"Ladd 2021 compilation (Douglas et al., 2012)",ETH Zurich: doi:10.3929/ethz-b-000412154,"Izabal Rio Oscuro, North America",15.38,-89.33,4.0,-126.8,,Sediment/soil,Mixed vegetation,Mixed,-25.0,,-104.4,,,North America,From Ladd et al. 2021 global compilation; compound: n-C29 alkane; CI95: 4,10.1029/2020JG005891,ETH Zurich: doi:10.3929/ethz-b-000412154,Computer v6,OK
"Ladd 2021 compilation (Douglas et al., 2012)",ETH Zurich: doi:10.3929/ethz-b-000412154,"Naco, North America",15.41,-88.14,97.0,-127.1,,Sediment/soil,Mixed vegetation,Mixed,-25.0,,-104.7,,,North America,From Ladd et al. 2021 global compilation; compound: n-C29 alkane; CI95: 4,10.1029/2020JG005891,ETH Zurich: doi:10.3929/ethz-b-000412154,Computer v6,OK
"Ladd 2021 compilation (Douglas et al., 2012)",ETH Zurich: doi:10.3929/ethz-b-000412154,"Izabal Centro, North America",15.52,-89.15,4.0,-142.6,,Sediment/soil,Mixed vegetation,Mixed,-24.0,,-121.5,,,North America,From Ladd et al. 2021 global compilation; compound: n-C29 alkane; CI95: 4,10.1029/2020JG005891,ETH Zurich: doi:10.3929/ethz-b-000412154,Computer v6,OK
"Ladd 2021 compilation (Douglas et al., 2012)",ETH Zurich: doi:10.3929/ethz-b-000412154,"El Golfete, North America",15.72,-88.89,0.0,-130.6,,Sediment/soil,Mixed vegetation,Mixed,-24.0,,-109.2,,,North America,From Ladd et al. 2021 global compilation; compound: n-C29 alkane; CI95: 4,10.1029/2020JG005891,ETH Zurich: doi:10.3929/ethz-b-000412154,Computer v6,OK
"Ladd 2021 compilation (Douglas et al., 2012)",ETH Zurich: doi:10.3929/ethz-b-000412154,"Puente Cienega, North America",15.74,-89.07,75.0,-133.7,,Sediment/soil,Mixed vegetation,Mixed,-25.0,,-111.5,,,North America,From Ladd et al. 2021 global compilation; compound: n-C29 alkane; CI95: 4,10.1029/2020JG005891,ETH Zurich: doi:10.3929/ethz-b-000412154,Computer v6,OK
"Ladd 2021 compilation (Douglas et al., 2012)",ETH Zurich: doi:10.3929/ethz-b-000412154,"El Juleque, North America",16.91,-89.77,158.0,-113.5,,Sediment/soil,Mixed vegetation,Mixed,-26.0,,-89.8,,,North America,From Ladd et al. 2021 global compilation; compound: n-C29 alkane; CI95: 6,10.1029/2020JG005891,ETH Zurich: doi:10.3929/ethz-b-000412154,Computer v6,OK
"Ladd 2021 compilation (Douglas et al., 2012)",ETH Zurich: doi:10.3929/ethz-b-000412154,"Quexil (Soil), North America",16.92,-89.82,133.0,-110.3,,Sediment/soil,Mixed vegetation,Mixed,-26.0,,-86.6,,,North America,From Ladd et al. 2021 global compilation; compound: n-C29 alkane; CI95: 6,10.1029/2020JG005891,ETH Zurich: doi:10.3929/ethz-b-000412154,Computer v6,OK
"Ladd 2021 compilation (Douglas et al., 2012)",ETH Zurich: doi:10.3929/ethz-b-000412154,"Quexil (Lake), North America",16.92,-89.82,133.0,-118.2,,Sediment/soil,Mixed vegetation,Mixed,-26.0,,-94.7,,,North America,From Ladd et al. 2021 global compilation; compound: n-C29 alkane; CI95: 6,10.1029/2020JG005891,ETH Zurich: doi:10.3929/ethz-b-000412154,Computer v6,OK
"Ladd 2021 compilation (Douglas et al., 2012)",ETH Zurich: doi:10.3929/ethz-b-000412154,"Peten Itza, North America",16.93,-89.89,109.0,-136.3,,Sediment/soil,Mixed vegetation,Mixed,-25.0,,-114.2,,,North America,From Ladd et al. 2021 global compilation; compound: n-C29 alkane; CI95: 7,10.1029/2020JG005891,ETH Zurich: doi:10.3929/ethz-b-000412154,Computer v6,OK
"Ladd 2021 compilation (Douglas et al., 2012)",ETH Zurich: doi:10.3929/ethz-b-000412154,"Macanche, North America",16.97,-89.64,169.0,-115.0,,Sediment/soil,Mixed vegetation,Mixed,-26.0,,-91.4,,,North America,From Ladd et al. 2021 global compilation; compound: n-C29 alkane; CI95: 7,10.1029/2020JG005891,ETH Zurich: doi:10.3929/ethz-b-000412154,Computer v6,OK
"Ladd 2021 compilation (Douglas et al., 2012)",ETH Zurich: doi:10.3929/ethz-b-000412154,"Salpeten, North America",16.98,-89.68,105.0,-120.8,,Sediment/soil,Mixed vegetation,Mixed,-25.0,,-98.3,,,North America,From Ladd et al. 2021 global compilation; compound: n-C29 alkane; CI95: 7,10.1029/2020JG005891,ETH Zurich: doi:10.3929/ethz-b-000412154,Computer v6,OK
"Ladd 2021 compilation (Douglas et al., 2012)",ETH Zurich: doi:10.3929/ethz-b-000412154,"Sacpuy (Lake), North America",16.99,-90.05,123.0,-119.8,,Sediment/soil,Mixed vegetation,Mixed,-26.0,,-96.3,,,North America,From Ladd et al. 2021 global compilation; compound: n-C29 alkane; CI95: 7,10.1029/2020JG005891,ETH Zurich: doi:10.3929/ethz-b-000412154,Computer v6,OK
"Ladd 2021 compilation (Douglas et al., 2012)",ETH Zurich: doi:10.3929/ethz-b-000412154,"Yaxha (Soil), North America",17.07,-89.41,130.0,-127.4,,Sediment/soil,Mixed vegetation,Mixed,-25.0,,-105.0,,,North America,From Ladd et al. 2021 global compilation; compound: n-C29 alkane; CI95: 7,10.1029/2020JG005891,ETH Zurich: doi:10.3929/ethz-b-000412154,Computer v6,OK
"Ladd 2021 compilation (Douglas et al., 2012)",ETH Zurich: doi:10.3929/ethz-b-000412154,"Yaxha (Lake), North America",17.07,-89.41,130.0,-120.1,,Sediment/soil,Mixed vegetation,Mixed,-25.0,,-97.5,,,North America,From Ladd et al. 2021 global compilation; compound: n-C29 alkane; CI95: 7,10.1029/2020JG005891,ETH Zurich: doi:10.3929/ethz-b-000412154,Computer v6,OK
"Ladd 2021 compilation (Douglas et al., 2012)",ETH Zurich: doi:10.3929/ethz-b-000412154,"Cuerpo Uno [a], North America",17.49,-90.39,115.0,-121.2,,Sediment/soil,Mixed vegetation,Mixed,-26.0,,-97.7,,,North America,From Ladd et al. 2021 global compilation; compound: n-C29 alkane; CI95: 8,10.1029/2020JG005891,ETH Zurich: doi:10.3929/ethz-b-000412154,Computer v6,OK
"Ladd 2021 compilation (Douglas et al., 2012)",ETH Zurich: doi:10.3929/ethz-b-000412154,"Chichancanab, North America",19.88,-88.77,10.0,-101.0,,Sediment/soil,Mixed vegetation,Mixed,-20.0,,-82.7,,,North America,From Ladd et al. 2021 global compilation; compound: n-C29 alkane; CI95: 8,10.1029/2020JG005891,ETH Zurich: doi:10.3929/ethz-b-000412154,Computer v6,OK
"Ladd 2021 compilation (Douglas et al., 2012)",ETH Zurich: doi:10.3929/ethz-b-000412154,"Hobonil, North America",20.0,-89.03,44.0,-101.3,,Sediment/soil,Mixed vegetation,Mixed,-21.0,,-82.0,,,North America,From Ladd et al. 2021 global compilation; compound: n-C29 alkane; CI95: 8,10.1029/2020JG005891,ETH Zurich: doi:10.3929/ethz-b-000412154,Computer v6,OK
"Ladd 2021 compilation (Douglas et al., 2012)",ETH Zurich: doi:10.3929/ethz-b-000412154,"Cepeda Peraza, North America",20.16,-89.24,50.0,-111.3,,Sediment/soil,Mixed vegetation,Mixed,-21.0,,-92.2,,,North America,From Ladd et al. 2021 global compilation; compound: n-C29 alkane; CI95: 8,10.1029/2020JG005891,ETH Zurich: doi:10.3929/ethz-b-000412154,Computer v6,OK
"Ladd 2021 compilation (Douglas et al., 2012)",ETH Zurich: doi:10.3929/ethz-b-000412154,"Ticul, North America",20.35,-89.5,10.0,-117.4,,Sediment/soil,Mixed vegetation,Mixed,-20.0,,-99.4,,,North America,From Ladd et al. 2021 global compilation; compound: n-C29 alkane; CI95: 8,10.1029/2020JG005891,ETH Zurich: doi:10.3929/ethz-b-000412154,Computer v6,OK
"Ladd 2021 compilation (Douglas et al., 2012)",ETH Zurich: doi:10.3929/ethz-b-000412154,"Canana, North America",20.49,-89.17,13.0,-112.2,,Sediment/soil,Mixed vegetation,Mixed,-18.0,,-95.9,,,North America,From Ladd et al. 2021 global compilation; compound: n-C29 alkane; CI95: 5,10.1029/2020JG005891,ETH Zurich: doi:10.3929/ethz-b-000412154,Computer v6,OK
"Ladd 2021 compilation (Douglas et al., 2012)",ETH Zurich: doi:10.3929/ethz-b-000412154,"Chumayel, North America",20.49,-89.19,13.0,-83.8,,Sediment/soil,Mixed vegetation,Mixed,-18.0,,-67.0,,,North America,From Ladd et al. 2021 global compilation; compound: n-C29 alkane; CI95: 6,10.1029/2020JG005891,ETH Zurich: doi:10.3929/ethz-b-000412154,Computer v6,NOTE: ε outside typical range (-67‰)
"Ladd 2021 compilation (Douglas et al., 2012)",ETH Zurich: doi:10.3929/ethz-b-000412154,"Yaalchak [a], North America",20.6,-89.71,6.0,-118.7,,Sediment/soil,Mixed vegetation,Mixed,-20.0,,-100.7,,,North America,From Ladd et al. 2021 global compilation; compound: n-C29 alkane; CI95: 7,10.1029/2020JG005891,ETH Zurich: doi:10.3929/ethz-b-000412154,Computer v6,OK
"Ladd 2021 compilation (Douglas et al., 2012)",ETH Zurich: doi:10.3929/ethz-b-000412154,"Xoche [a], North America",20.66,-89.37,16.0,-128.2,,Sediment/soil,Mixed vegetation,Mixed,-18.0,,-112.2,,,North America,From Ladd et al. 2021 global compilation; compound: n-C29 alkane; CI95: 5,10.1029/2020JG005891,ETH Zurich: doi:10.3929/ethz-b-000412154,Computer v6,OK
"Ladd 2021 compilation (Douglas et al., 2012)",ETH Zurich: doi:10.3929/ethz-b-000412154,"Dzitya (Lake), North America",21.07,-89.69,5.0,-103.9,,Sediment/soil,Mixed vegetation,Mixed,-18.0,,-87.5,,,North America,From Ladd et al. 2021 global compilation; compound: n-C29 alkane; CI95: 4,10.1029/2020JG005891,ETH Zurich: doi:10.3929/ethz-b-000412154,Computer v6,OK
"Ladd 2021 compilation (Douglas et al., 2012)",ETH Zurich: doi:10.3929/ethz-b-000412154,"Dzitya (Soil), North America",21.07,-89.69,5.0,-110.3,,Sediment/soil,Mixed vegetation,Mixed,-18.0,,-94.0,,,North America,From Ladd et al. 2021 global compilation; compound: n-C29 alkane; CI95: 4,10.1029/2020JG005891,ETH Zurich: doi:10.3929/ethz-b-000412154,Computer v6,OK
Ladd 2021 compilation (Duan et al 2011),ETH Zurich: doi:10.3929/ethz-b-000412154,"Lake Qinghai, Asia",37.0,100.0,3193.0,-157.0,,Sediment/soil,Mixed vegetation,Mixed,-53.0,5.0,-109.8,,,Asia,From Ladd et al. 2021 global compilation; compound: n-C29 alkane; CI95: 5,10.1029/2020JG005891,ETH Zurich: doi:10.3929/ethz-b-000412154,Both,OK
"Ladd 2021 compilation (Feng et al., 2019)",ETH Zurich: doi:10.3929/ethz-b-000412154,"JS5, Asia",26.485,100.345,2000.0,-177.0,,Sediment/soil,Mixed vegetation,Mixed,-74.0,,-111.2,,,Asia,From Ladd et al. 2021 global compilation; compound: n-C29 alkane; CI95: NA,10.1029/2020JG005891,ETH Zurich: doi:10.3929/ethz-b-000412154,Both,OK
"Ladd 2021 compilation (Feng et al., 2019)",ETH Zurich: doi:10.3929/ethz-b-000412154,"JS3, Asia",26.485,100.338,2190.0,-197.0,,Sediment/soil,Mixed vegetation,Mixed,-77.0,,-130.0,,,Asia,From Ladd et al. 2021 global compilation; compound: n-C29 alkane; CI95: NA,10.1029/2020JG005891,ETH Zurich: doi:10.3929/ethz-b-000412154,Both,OK
"Ladd 2021 compilation (Feng et al., 2019)",ETH Zurich: doi:10.3929/ethz-b-000412154,"JS6, Asia",26.486,100.348,1906.0,-166.0,,Sediment/soil,Mixed vegetation,Mixed,-73.0,,-100.3,,,Asia,From Ladd et al. 2021 global compilation; compound: n-C29 alkane; CI95: NA,10.1029/2020JG005891,ETH Zurich: doi:10.3929/ethz-b-000412154,Both,OK
"Ladd 2021 compilation (Feng et al., 2019)",ETH Zurich: doi:10.3929/ethz-b-000412154,"JS8, Asia",26.487,100.371,1701.0,-204.0,,Sediment/soil,Mixed vegetation,Mixed,-70.0,,-144.1,,,Asia,From Ladd et al. 2021 global compilation; compound: n-C29 alkane; CI95: NA,10.1029/2020JG005891,ETH Zurich: doi:10.3929/ethz-b-000412154,Both,OK
"Ladd 2021 compilation (Feng et al., 2019)",ETH Zurich: doi:10.3929/ethz-b-000412154,"JS4, Asia",26.489,100.346,2092.0,-185.0,,Sediment/soil,Mixed vegetation,Mixed,-76.0,,-118.0,,,Asia,From Ladd et al. 2021 global compilation; compound: n-C29 alkane; CI95: NA,10.1029/2020JG005891,ETH Zurich: doi:10.3929/ethz-b-000412154,Both,OK
"Ladd 2021 compilation (Feng et al., 2019)",ETH Zurich: doi:10.3929/ethz-b-000412154,"JS1, Asia",26.494,100.312,2386.0,-204.0,,Sediment/soil,Mixed vegetation,Mixed,-80.0,,-134.8,,,Asia,From Ladd et al. 2021 global compilation; compound: n-C29 alkane; CI95: NA,10.1029/2020JG005891,ETH Zurich: doi:10.3929/ethz-b-000412154,Both,OK
"Ladd 2021 compilation (Feng et al., 2019)",ETH Zurich: doi:10.3929/ethz-b-000412154,"JS12, Asia",26.5017,100.4082,1309.0,-169.0,,Sediment/soil,Mixed vegetation,Mixed,-64.0,,-112.2,,,Asia,From Ladd et al. 2021 global compilation; compound: n-C29 alkane; CI95: NA,10.1029/2020JG005891,ETH Zurich: doi:10.3929/ethz-b-000412154,Both,OK
"Ladd 2021 compilation (Feng et al., 2019)",ETH Zurich: doi:10.3929/ethz-b-000412154,"JH9, Asia",26.537,100.003,3007.0,-218.0,,Sediment/soil,Mixed vegetation,Mixed,-90.0,,-140.7,,,Asia,From Ladd et al. 2021 global compilation; compound: n-C29 alkane; CI95: NA,10.1029/2020JG005891,ETH Zurich: doi:10.3929/ethz-b-000412154,Both,OK
"Ladd 2021 compilation (Feng et al., 2019)",ETH Zurich: doi:10.3929/ethz-b-000412154,"JH8, Asia",26.547,100.0,2901.0,-221.0,,Sediment/soil,Mixed vegetation,Mixed,-89.0,,-144.9,,,Asia,From Ladd et al. 2021 global compilation; compound: n-C29 alkane; CI95: NA,10.1029/2020JG005891,ETH Zurich: doi:10.3929/ethz-b-000412154,Both,OK
"Ladd 2021 compilation (Feng et al., 2019)",ETH Zurich: doi:10.3929/ethz-b-000412154,"JH2, Asia",26.549,99.961,2319.0,-198.0,,Sediment/soil,Mixed vegetation,Mixed,-80.0,,-128.3,,,Asia,From Ladd et al. 2021 global compilation; compound: n-C29 alkane; CI95: NA,10.1029/2020JG005891,ETH Zurich: doi:10.3929/ethz-b-000412154,Both,OK
"Ladd 2021 compilation (Feng et al., 2019)",ETH Zurich: doi:10.3929/ethz-b-000412154,"JH5, Asia",26.558,99.982,2600.0,-206.0,,Sediment/soil,Mixed vegetation,Mixed,-84.0,,-133.2,,,Asia,From Ladd et al. 2021 global compilation; compound: n-C29 alkane; CI95: NA,10.1029/2020JG005891,ETH Zurich: doi:10.3929/ethz-b-000412154,Both,OK
"Ladd 2021 compilation (Feng et al., 2019)",ETH Zurich: doi:10.3929/ethz-b-000412154,"JH4, Asia",26.56,99.975,2505.0,-210.0,,Sediment/soil,Mixed vegetation,Mixed,-83.0,,-138.5,,,Asia,From Ladd et al. 2021 global compilation; compound: n-C29 alkane; CI95: NA,10.1029/2020JG005891,ETH Zurich: doi:10.3929/ethz-b-000412154,Both,OK
"Ladd 2021 compilation (Feng et al., 2019)",ETH Zurich: doi:10.3929/ethz-b-000412154,"LJ17, Asia",26.628,99.722,3918.0,-217.0,,Sediment/soil,Mixed vegetation,Mixed,-105.0,,-125.1,,,Asia,From Ladd et al. 2021 global compilation; compound: n-C29 alkane; CI95: NA,10.1029/2020JG005891,ETH Zurich: doi:10.3929/ethz-b-000412154,Both,OK
"Ladd 2021 compilation (Feng et al., 2019)",ETH Zurich: doi:10.3929/ethz-b-000412154,"LJ1, Asia",26.63,99.915,2305.0,-197.0,,Sediment/soil,Mixed vegetation,Mixed,-80.0,,-127.2,,,Asia,From Ladd et al. 2021 global compilation; compound: n-C29 alkane; CI95: NA,10.1029/2020JG005891,ETH Zurich: doi:10.3929/ethz-b-000412154,Both,OK
"Ladd 2021 compilation (Feng et al., 2019)",ETH Zurich: doi:10.3929/ethz-b-000412154,"TCS2017, Asia",26.631,99.718,3886.0,-220.0,,Sediment/soil,Mixed vegetation,Mixed,-104.0,,-129.5,,,Asia,From Ladd et al. 2021 global compilation; compound: n-C29 alkane; CI95: NA,10.1029/2020JG005891,ETH Zurich: doi:10.3929/ethz-b-000412154,Both,OK
"Ladd 2021 compilation (Feng et al., 2019)",ETH Zurich: doi:10.3929/ethz-b-000412154,"LJ2, Asia",26.639,99.879,2400.0,-211.0,,Sediment/soil,Mixed vegetation,Mixed,-81.0,,-141.5,,,Asia,From Ladd et al. 2021 global compilation; compound: n-C29 alkane; CI95: NA,10.1029/2020JG005891,ETH Zurich: doi:10.3929/ethz-b-000412154,Both,OK
"Ladd 2021 compilation (Feng et al., 2019)",ETH Zurich: doi:10.3929/ethz-b-000412154,"LJ6, Asia",26.643,99.821,2800.0,-213.0,,Sediment/soil,Mixed vegetation,Mixed,-87.0,,-138.0,,,Asia,From Ladd et al. 2021 global compilation; compound: n-C29 alkane; CI95: NA,10.1029/2020JG005891,ETH Zurich: doi:10.3929/ethz-b-000412154,Both,OK
"Ladd 2021 compilation (Feng et al., 2019)",ETH Zurich: doi:10.3929/ethz-b-000412154,"LJ15, Asia",26.648,99.74,3789.0,-242.0,,Sediment/soil,Mixed vegetation,Mixed,-103.0,,-155.0,,,Asia,From Ladd et al. 2021 global compilation; compound: n-C29 alkane; CI95: NA,10.1029/2020JG005891,ETH Zurich: doi:10.3929/ethz-b-000412154,Both,OK
"Ladd 2021 compilation (Feng et al., 2019)",ETH Zurich: doi:10.3929/ethz-b-000412154,"LJ13, Asia",26.648,99.776,3504.0,-226.0,,Sediment/soil,Mixed vegetation,Mixed,-98.0,,-141.9,,,Asia,From Ladd et al. 2021 global compilation; compound: n-C29 alkane; CI95: NA,10.1029/2020JG005891,ETH Zurich: doi:10.3929/ethz-b-000412154,Both,OK
"Ladd 2021 compilation (Feng et al., 2019)",ETH Zurich: doi:10.3929/ethz-b-000412154,"LJ8, Asia",26.654,99.805,3011.0,-216.0,,Sediment/soil,Mixed vegetation,Mixed,-91.0,,-137.5,,,Asia,From Ladd et al. 2021 global compilation; compound: n-C29 alkane; CI95: NA,10.1029/2020JG005891,ETH Zurich: doi:10.3929/ethz-b-000412154,Both,OK
"Ladd 2021 compilation (Feng et al., 2019)",ETH Zurich: doi:10.3929/ethz-b-000412154,"LJ12, Asia",26.655,99.779,3403.0,-239.0,,Sediment/soil,Mixed vegetation,Mixed,-97.0,,-157.3,,,Asia,From Ladd et al. 2021 global compilation; compound: n-C29 alkane; CI95: NA,10.1029/2020JG005891,ETH Zurich: doi:10.3929/ethz-b-000412154,Both,OK
"Ladd 2021 compilation (Feng et al., 2019)",ETH Zurich: doi:10.3929/ethz-b-000412154,"LJ9, Asia",26.658,99.794,3125.0,-207.0,,Sediment/soil,Mixed vegetation,Mixed,-93.0,,-125.7,,,Asia,From Ladd et al. 2021 global compilation; compound: n-C29 alkane; CI95: NA,10.1029/2020JG005891,ETH Zurich: doi:10.3929/ethz-b-000412154,Both,OK
Ladd 2021 compilation (Freimuth et al 2019b),ETH Zurich: doi:10.3929/ethz-b-000412154,"Quiver, North America",43.74,-74.87,539.0,-179.0,,Sediment/soil,Mixed vegetation,Mixed,-72.0,1.0,-115.3,,,North America,From Ladd et al. 2021 global compilation; compound: n-C29 alkane; CI95: 1,10.1029/2020JG005891,ETH Zurich: doi:10.3929/ethz-b-000412154,Both,OK
Ladd 2021 compilation (Freimuth et al 2019b),ETH Zurich: doi:10.3929/ethz-b-000412154,"Wolf, North America",44.02,-74.22,558.0,-179.0,,Sediment/soil,Mixed vegetation,Mixed,-73.0,1.0,-114.3,,,North America,From Ladd et al. 2021 global compilation; compound: n-C29 alkane; CI95: 1,10.1029/2020JG005891,ETH Zurich: doi:10.3929/ethz-b-000412154,Both,OK
Ladd 2021 compilation (Freimuth et al 2019b),ETH Zurich: doi:10.3929/ethz-b-000412154,"Horseshoe, North America",44.14,-74.62,524.0,-188.0,,Sediment/soil,Mixed vegetation,Mixed,-74.0,1.0,-123.1,,,North America,From Ladd et al. 2021 global compilation; compound: n-C29 alkane; CI95: 1,10.1029/2020JG005891,ETH Zurich: doi:10.3929/ethz-b-000412154,Both,OK
Ladd 2021 compilation (Freimuth et al 2019b),ETH Zurich: doi:10.3929/ethz-b-000412154,"Heart, North America",44.18,-73.97,665.0,-186.0,,Sediment/soil,Mixed vegetation,Mixed,-75.0,1.0,-120.0,,,North America,From Ladd et al. 2021 global compilation; compound: n-C29 alkane; CI95: 1,10.1029/2020JG005891,ETH Zurich: doi:10.3929/ethz-b-000412154,Both,OK
Ladd 2021 compilation (Freimuth et al 2019b),ETH Zurich: doi:10.3929/ethz-b-000412154,"Sucker, North America",44.18,-75.12,426.0,-197.0,,Sediment/soil,Mixed vegetation,Mixed,-74.0,1.0,-132.8,,,North America,From Ladd et al. 2021 global compilation; compound: n-C29 alkane; CI95: 1,10.1029/2020JG005891,ETH Zurich: doi:10.3929/ethz-b-000412154,Both,OK
Ladd 2021 compilation (Freimuth et al 2019b),ETH Zurich: doi:10.3929/ethz-b-000412154,"Raquette, North America",44.23,-74.47,470.0,-186.0,,Sediment/soil,Mixed vegetation,Mixed,-74.0,1.0,-121.0,,,North America,From Ladd et al. 2021 global compilation; compound: n-C29 alkane; CI95: 1,10.1029/2020JG005891,ETH Zurich: doi:10.3929/ethz-b-000412154,Both,OK
Ladd 2021 compilation (Freimuth et al 2019b),ETH Zurich: doi:10.3929/ethz-b-000412154,"East Pine, North America",44.34,-74.41,513.0,-193.0,,Sediment/soil,Mixed vegetation,Mixed,-75.0,1.0,-127.6,,,North America,From Ladd et al. 2021 global compilation; compound: n-C29 alkane; CI95: 1,10.1029/2020JG005891,ETH Zurich: doi:10.3929/ethz-b-000412154,Both,OK
Ladd 2021 compilation (Freimuth et al 2019b),ETH Zurich: doi:10.3929/ethz-b-000412154,"Little Green, North America",44.36,-74.3,521.0,-190.0,,Sediment/soil,Mixed vegetation,Mixed,-75.0,1.0,-124.3,,,North America,From Ladd et al. 2021 global compilation; compound: n-C29 alkane; CI95: 1,10.1029/2020JG005891,ETH Zurich: doi:10.3929/ethz-b-000412154,Both,OK
Ladd 2021 compilation (Freimuth et al 2019b),ETH Zurich: doi:10.3929/ethz-b-000412154,"Moose, North America",44.37,-74.06,475.0,-190.0,,Sediment/soil,Mixed vegetation,Mixed,-74.0,1.0,-125.3,,,North America,From Ladd et al. 2021 global compilation; compound: n-C29 alkane; CI95: 1,10.1029/2020JG005891,ETH Zurich: doi:10.3929/ethz-b-000412154,Both,OK
Ladd 2021 compilation (Freimuth et al 2019b),ETH Zurich: doi:10.3929/ethz-b-000412154,"Hope, North America",44.51,-74.13,523.0,-190.0,,Sediment/soil,Mixed vegetation,Mixed,-76.0,1.0,-123.4,,,North America,From Ladd et al. 2021 global compilation; compound: n-C29 alkane; CI95: 1,10.1029/2020JG005891,ETH Zurich: doi:10.3929/ethz-b-000412154,Both,OK
Ladd 2021 compilation (Freimuth et al 2019b),ETH Zurich: doi:10.3929/ethz-b-000412154,"Debar, North America",44.62,-74.19,483.0,-196.0,,Sediment/soil,Mixed vegetation,Mixed,-76.0,1.0,-129.9,,,North America,From Ladd et al. 2021 global compilation; compound: n-C29 alkane; CI95: 1,10.1029/2020JG005891,ETH Zurich: doi:10.3929/ethz-b-000412154,Both,OK
Ladd 2021 compilation (Freimuth et al 2019b),ETH Zurich: doi:10.3929/ethz-b-000412154,"Chazy, North America",44.73,-73.82,466.0,-188.0,,Sediment/soil,Mixed vegetation,Mixed,-76.0,1.0,-121.2,,,North America,From Ladd et al. 2021 global compilation; compound: n-C29 alkane; CI95: 1,10.1029/2020JG005891,ETH Zurich: doi:10.3929/ethz-b-000412154,Both,OK
"Ladd 2021 compilation (Freimuth et al., 2019a)",ETH Zurich: doi:10.3929/ethz-b-000412154,"Brown's Bog, Ohio, North America",40.6818,-82.06045,291.0,-176.3,,Sediment/soil,Mixed vegetation,Mixed,-50.0,2.0,-132.9,,,North America,From Ladd et al. 2021 global compilation; compound: n-C29 alkane; CI95: 2,10.1029/2020JG005891,ETH Zurich: doi:10.3929/ethz-b-000412154,Both,OK
"Ladd 2021 compilation (Garcin et al., 2012)",ETH Zurich: doi:10.3929/ethz-b-000412154,"BARO, Africa",4.65,9.41,304.0,-155.0,,Sediment/soil,Mixed vegetation,Mixed,-17.0,,-140.4,,,Africa,From Ladd et al. 2021 global compilation; compound: n-C29 alkane; CI95: 3,10.1029/2020JG005891,ETH Zurich: doi:10.3929/ethz-b-000412154,Computer v6,OK
"Ladd 2021 compilation (Goldsmith et al., 2019)",ETH Zurich: doi:10.3929/ethz-b-000412154,"Mitzpe ramon, Asia",30.6199,34.7867,828.0,-116.0,,Sediment/soil,Mixed vegetation,Mixed,-21.0,,-97.0,,,Asia,From Ladd et al. 2021 global compilation; compound: n-C29 alkane; CI95: 2,10.1029/2020JG005891,ETH Zurich: doi:10.3929/ethz-b-000412154,Both,OK
"Ladd 2021 compilation (Goldsmith et al., 2019)",ETH Zurich: doi:10.3929/ethz-b-000412154,"Arad, Asia",31.23727,35.21481,558.0,-146.0,,Sediment/soil,Mixed vegetation,Mixed,-21.0,,-127.7,,,Asia,From Ladd et al. 2021 global compilation; compound: n-C29 alkane; CI95: 1,10.1029/2020JG005891,ETH Zurich: doi:10.3929/ethz-b-000412154,Both,OK
"Ladd 2021 compilation (Goldsmith et al., 2019)",ETH Zurich: doi:10.3929/ethz-b-000412154,"Beer Sheva, Asia",31.24406,34.89974,353.0,-142.0,,Sediment/soil,Mixed vegetation,Mixed,-17.0,,-127.2,,,Asia,From Ladd et al. 2021 global compilation; compound: n-C29 alkane; CI95: 2,10.1029/2020JG005891,ETH Zurich: doi:10.3929/ethz-b-000412154,Both,OK
"Ladd 2021 compilation (Goldsmith et al., 2019)",ETH Zurich: doi:10.3929/ethz-b-000412154,"Soreq, Asia",31.75327,35.02987,400.0,-149.0,,Sediment/soil,Mixed vegetation,Mixed,-22.0,,-129.9,,,Asia,From Ladd et al. 2021 global compilation; compound: n-C29 alkane; CI95: 2,10.1029/2020JG005891,ETH Zurich: doi:10.3929/ethz-b-000412154,Both,OK
"Ladd 2021 compilation (Goldsmith et al., 2019)",ETH Zurich: doi:10.3929/ethz-b-000412154,"Jerusalem, Asia",31.7857,35.17076,815.0,-142.0,,Sediment/soil,Mixed vegetation,Mixed,-28.0,,-117.3,,,Asia,From Ladd et al. 2021 global compilation; compound: n-C29 alkane; CI95: 1,10.1029/2020JG005891,ETH Zurich: doi:10.3929/ethz-b-000412154,Both,OK
"Ladd 2021 compilation (Goldsmith et al., 2019)",ETH Zurich: doi:10.3929/ethz-b-000412154,"Alon, Asia",31.80058,35.33009,290.0,-142.0,,Sediment/soil,Mixed vegetation,Mixed,-20.0,,-124.5,,,Asia,From Ladd et al. 2021 global compilation; compound: n-C29 alkane; CI95: 2,10.1029/2020JG005891,ETH Zurich: doi:10.3929/ethz-b-000412154,Both,OK
"Ladd 2021 compilation (Goldsmith et al., 2019)",ETH Zurich: doi:10.3929/ethz-b-000412154,"Beit Dagan, Asia",31.96735,34.90578,50.0,-143.0,,Sediment/soil,Mixed vegetation,Mixed,-17.0,,-128.2,,,Asia,From Ladd et al. 2021 global compilation; compound: n-C29 alkane; CI95: 3,10.1029/2020JG005891,ETH Zurich: doi:10.3929/ethz-b-000412154,Both,OK
"Ladd 2021 compilation (Goldsmith et al., 2019)",ETH Zurich: doi:10.3929/ethz-b-000412154,"Haifa, Asia",32.79204,34.97167,102.0,-140.0,,Sediment/soil,Mixed vegetation,Mixed,-21.0,,-121.6,,,Asia,From Ladd et al. 2021 global compilation; compound: n-C29 alkane; CI95: 2,10.1029/2020JG005891,ETH Zurich: doi:10.3929/ethz-b-000412154,Both,OK
"Ladd 2021 compilation (Goldsmith et al., 2019)",ETH Zurich: doi:10.3929/ethz-b-000412154,"Michmanim, Asia",32.88376,35.38066,157.0,-157.0,,Sediment/soil,Mixed vegetation,Mixed,-22.0,,-138.0,,,Asia,From Ladd et al. 2021 global compilation; compound: n-C29 alkane; CI95: 2,10.1029/2020JG005891,ETH Zurich: doi:10.3929/ethz-b-000412154,Both,OK
"Ladd 2021 compilation (Goldsmith et al., 2019)",ETH Zurich: doi:10.3929/ethz-b-000412154,"Peki'in, Asia",32.98272,35.3158,650.0,-145.0,,Sediment/soil,Mixed vegetation,Mixed,-30.0,,-118.6,,,Asia,From Ladd et al. 2021 global compilation; compound: n-C29 alkane; CI95: 0,10.1029/2020JG005891,ETH Zurich: doi:10.3929/ethz-b-000412154,Both,OK
"Ladd 2021 compilation (Goldsmith et al., 2019)",ETH Zurich: doi:10.3929/ethz-b-000412154,"Har Canaan, Asia",33.02356,35.49748,858.0,-151.0,,Sediment/soil,Mixed vegetation,Mixed,-33.0,,-122.0,,,Asia,From Ladd et al. 2021 global compilation; compound: n-C29 alkane; CI95: 1,10.1029/2020JG005891,ETH Zurich: doi:10.3929/ethz-b-000412154,Both,OK
"Ladd 2021 compilation (Goldsmith et al., 2019)",ETH Zurich: doi:10.3929/ethz-b-000412154,"Hermon, Asia",33.27398,35.75821,1337.0,-155.0,,Sediment/soil,Mixed vegetation,Mixed,-42.0,,-118.0,,,Asia,From Ladd et al. 2021 global compilation; compound: n-C29 alkane; CI95: 3,10.1029/2020JG005891,ETH Zurich: doi:10.3929/ethz-b-000412154,Both,OK
Ladd 2021 compilation (Guenther et al 2013),ETH Zurich: doi:10.3929/ethz-b-000412154,"NC, Asia",30.5,90.6,4718.0,-221.4,,Sediment/soil,Mixed vegetation,Mixed,-139.0,4.0,-95.7,,,Asia,From Ladd et al. 2021 global compilation; compound: n-C29 alkane; CI95: 4,10.1029/2020JG005891,ETH Zurich: doi:10.3929/ethz-b-000412154,Both,OK
Ladd 2021 compilation (Guenther et al 2013),ETH Zurich: doi:10.3929/ethz-b-000412154,"KYC, Asia",30.6,82.05,4798.0,-238.7,,Sediment/soil,Mixed vegetation,Mixed,-109.0,10.0,-145.6,,,Asia,From Ladd et al. 2021 global compilation; compound: n-C29 alkane; CI95: 10,10.1029/2020JG005891,ETH Zurich: doi:10.3929/ethz-b-000412154,Both,OK
Ladd 2021 compilation (Guenther et al 2013),ETH Zurich: doi:10.3929/ethz-b-000412154,"TRC, Asia",30.75,86.38,4549.0,-211.2,,Sediment/soil,Mixed vegetation,Mixed,-112.0,6.0,-111.7,,,Asia,From Ladd et al. 2021 global compilation; compound: n-C29 alkane; CI95: 6,10.1029/2020JG005891,ETH Zurich: doi:10.3929/ethz-b-000412154,Both,OK
Ladd 2021 compilation (Guenther et al 2013),ETH Zurich: doi:10.3929/ethz-b-000412154,"TC, Asia",31.05,83.92,4570.0,-219.1,,Sediment/soil,Mixed vegetation,Mixed,-103.0,3.0,-129.4,,,Asia,From Ladd et al. 2021 global compilation; compound: n-C29 alkane; CI95: 3,10.1029/2020JG005891,ETH Zurich: doi:10.3929/ethz-b-000412154,Both,OK
Ladd 2021 compilation (Guenther et al 2013),ETH Zurich: doi:10.3929/ethz-b-000412154,"SXC, Asia",34.58,80.2,5070.0,-196.5,,Sediment/soil,Mixed vegetation,Mixed,-98.0,19.0,-109.2,,,Asia,From Ladd et al. 2021 global compilation; compound: n-C29 alkane; CI95: 19,10.1029/2020JG005891,ETH Zurich: doi:10.3929/ethz-b-000412154,Both,OK
Ladd 2021 compilation (Guenther et al 2013),ETH Zurich: doi:10.3929/ethz-b-000412154,"LMC, Asia",34.58,80.35,5030.0,-209.2,,Sediment/soil,Mixed vegetation,Mixed,-97.0,19.0,-124.3,,,Asia,From Ladd et al. 2021 global compilation; compound: n-C29 alkane; CI95: 19,10.1029/2020JG005891,ETH Zurich: doi:10.3929/ethz-b-000412154,Both,OK
"Ladd 2021 compilation (Herrmann et al., 2017)",ETH Zurich: doi:10.3929/ethz-b-000412154,"South Africa, Africa",-33.51,20.35,,-110.0,,Sediment/soil,Mixed vegetation,Mixed,-23.05159166,,-89.0,,,Africa,From Ladd et al. 2021 global compilation; compound: n-C29 alkane; CI95: NA,10.1029/2020JG005891,ETH Zurich: doi:10.3929/ethz-b-000412154,Both,Missing: elevation
"Ladd 2021 compilation (Herrmann et al., 2017)",ETH Zurich: doi:10.3929/ethz-b-000412154,"South Africa, Africa",-32.87,18.39,,-131.0,,Sediment/soil,Mixed vegetation,Mixed,-14.73922902,,-118.0,,,Africa,From Ladd et al. 2021 global compilation; compound: n-C29 alkane; CI95: NA,10.1029/2020JG005891,ETH Zurich: doi:10.3929/ethz-b-000412154,Both,Missing: elevation
"Ladd 2021 compilation (Herrmann et al., 2017)",ETH Zurich: doi:10.3929/ethz-b-000412154,"South Africa, Africa",-32.86,18.53,,-132.0,,Sediment/soil,Mixed vegetation,Mixed,-18.09954751,,-116.0,,,Africa,From Ladd et al. 2021 global compilation; compound: n-C29 alkane; CI95: NA,10.1029/2020JG005891,ETH Zurich: doi:10.3929/ethz-b-000412154,Both,Missing: elevation
"Ladd 2021 compilation (Herrmann et al., 2017)",ETH Zurich: doi:10.3929/ethz-b-000412154,"South Africa, Africa",-32.79,19.22,,-121.0,,Sediment/soil,Mixed vegetation,Mixed,-17.87709497,,-105.0,,,Africa,From Ladd et al. 2021 global compilation; compound: n-C29 alkane; CI95: NA,10.1029/2020JG005891,ETH Zurich: doi:10.3929/ethz-b-000412154,Both,Missing: elevation
"Ladd 2021 compilation (Herrmann et al., 2017)",ETH Zurich: doi:10.3929/ethz-b-000412154,"South Africa, Africa",-32.79,19.22,,-137.0,,Sediment/soil,Mixed vegetation,Mixed,-18.20250284,,-121.0,,,Africa,From Ladd et al. 2021 global compilation; compound: n-C29 alkane; CI95: NA,10.1029/2020JG005891,ETH Zurich: doi:10.3929/ethz-b-000412154,Both,Missing: elevation
"Ladd 2021 compilation (Herrmann et al., 2017)",ETH Zurich: doi:10.3929/ethz-b-000412154,"South Africa, Africa",-32.72,18.25,,-131.0,,Sediment/soil,Mixed vegetation,Mixed,-12.5,,-120.0,,,Africa,From Ladd et al. 2021 global compilation; compound: n-C29 alkane; CI95: NA,10.1029/2020JG005891,ETH Zurich: doi:10.3929/ethz-b-000412154,Both,Missing: elevation
"Ladd 2021 compilation (Herrmann et al., 2017)",ETH Zurich: doi:10.3929/ethz-b-000412154,"South Africa, Africa",-32.72,18.25,,-146.0,,Sediment/soil,Mixed vegetation,Mixed,-12.71676301,,-135.0,,,Africa,From Ladd et al. 2021 global compilation; compound: n-C29 alkane; CI95: NA,10.1029/2020JG005891,ETH Zurich: doi:10.3929/ethz-b-000412154,Both,Missing: elevation
"Ladd 2021 compilation (Herrmann et al., 2017)",ETH Zurich: doi:10.3929/ethz-b-000412154,"South Africa, Africa",-32.33,20.34,,-103.0,,Sediment/soil,Mixed vegetation,Mixed,-25.0,,-80.0,,,Africa,From Ladd et al. 2021 global compilation; compound: n-C29 alkane; CI95: NA,10.1029/2020JG005891,ETH Zurich: doi:10.3929/ethz-b-000412154,Both,Missing: elevation
"Ladd 2021 compilation (Herrmann et al., 2017)",ETH Zurich: doi:10.3929/ethz-b-000412154,"South Africa, Africa",-32.3,19.14,,-141.0,,Sediment/soil,Mixed vegetation,Mixed,-21.64009112,,-122.0,,,Africa,From Ladd et al. 2021 global compilation; compound: n-C29 alkane; CI95: NA,10.1029/2020JG005891,ETH Zurich: doi:10.3929/ethz-b-000412154,Both,Missing: elevation
"Ladd 2021 compilation (Herrmann et al., 2017)",ETH Zurich: doi:10.3929/ethz-b-000412154,"South Africa, Africa",-32.22,18.22,,-138.0,,Sediment/soil,Mixed vegetation,Mixed,-13.72997712,,-126.0,,,Africa,From Ladd et al. 2021 global compilation; compound: n-C29 alkane; CI95: NA,10.1029/2020JG005891,ETH Zurich: doi:10.3929/ethz-b-000412154,Both,Missing: elevation
"Ladd 2021 compilation (Herrmann et al., 2017)",ETH Zurich: doi:10.3929/ethz-b-000412154,"South Africa, Africa",-32.22,18.22,,-141.0,,Sediment/soil,Mixed vegetation,Mixed,-12.64367816,,-130.0,,,Africa,From Ladd et al. 2021 global compilation; compound: n-C29 alkane; CI95: NA,10.1029/2020JG005891,ETH Zurich: doi:10.3929/ethz-b-000412154,Both,Missing: elevation
"Ladd 2021 compilation (Herrmann et al., 2017)",ETH Zurich: doi:10.3929/ethz-b-000412154,"South Africa, Africa",-32.21,20.39,,-123.0,,Sediment/soil,Mixed vegetation,Mixed,-25.55555556,,-100.0,,,Africa,From Ladd et al. 2021 global compilation; compound: n-C29 alkane; CI95: NA,10.1029/2020JG005891,ETH Zurich: doi:10.3929/ethz-b-000412154,Both,Missing: elevation
"Ladd 2021 compilation (Herrmann et al., 2017)",ETH Zurich: doi:10.3929/ethz-b-000412154,"South Africa, Africa",-32.21,20.39,,-136.0,,Sediment/soil,Mixed vegetation,Mixed,-25.93010147,,-113.0,,,Africa,From Ladd et al. 2021 global compilation; compound: n-C29 alkane; CI95: NA,10.1029/2020JG005891,ETH Zurich: doi:10.3929/ethz-b-000412154,Both,Missing: elevation
"Ladd 2021 compilation (Herrmann et al., 2017)",ETH Zurich: doi:10.3929/ethz-b-000412154,"South Africa, Africa",-32.18,18.24,,-130.0,,Sediment/soil,Mixed vegetation,Mixed,-12.48581158,,-119.0,,,Africa,From Ladd et al. 2021 global compilation; compound: n-C29 alkane; CI95: NA,10.1029/2020JG005891,ETH Zurich: doi:10.3929/ethz-b-000412154,Both,Missing: elevation
"Ladd 2021 compilation (Herrmann et al., 2017)",ETH Zurich: doi:10.3929/ethz-b-000412154,"South Africa, Africa",-32.13,18.6,,-126.0,,Sediment/soil,Mixed vegetation,Mixed,-20.1793722,,-108.0,,,Africa,From Ladd et al. 2021 global compilation; compound: n-C29 alkane; CI95: NA,10.1029/2020JG005891,ETH Zurich: doi:10.3929/ethz-b-000412154,Both,Missing: elevation
"Ladd 2021 compilation (Herrmann et al., 2017)",ETH Zurich: doi:10.3929/ethz-b-000412154,"South Africa, Africa",-32.13,18.6,,-134.0,,Sediment/soil,Mixed vegetation,Mixed,-20.36199095,,-116.0,,,Africa,From Ladd et al. 2021 global compilation; compound: n-C29 alkane; CI95: NA,10.1029/2020JG005891,ETH Zurich: doi:10.3929/ethz-b-000412154,Both,Missing: elevation
"Ladd 2021 compilation (Herrmann et al., 2017)",ETH Zurich: doi:10.3929/ethz-b-000412154,"South Africa, Africa",-32.13,19.05,,-132.0,,Sediment/soil,Mixed vegetation,Mixed,-20.31602709,,-114.0,,,Africa,From Ladd et al. 2021 global compilation; compound: n-C29 alkane; CI95: NA,10.1029/2020JG005891,ETH Zurich: doi:10.3929/ethz-b-000412154,Both,Missing: elevation
"Ladd 2021 compilation (Herrmann et al., 2017)",ETH Zurich: doi:10.3929/ethz-b-000412154,"South Africa, Africa",-31.56,19.89,,-124.0,,Sediment/soil,Mixed vegetation,Mixed,-15.73033708,,-110.0,,,Africa,From Ladd et al. 2021 global compilation; compound: n-C29 alkane; CI95: NA,10.1029/2020JG005891,ETH Zurich: doi:10.3929/ethz-b-000412154,Both,Missing: elevation
"Ladd 2021 compilation (Herrmann et al., 2017)",ETH Zurich: doi:10.3929/ethz-b-000412154,"South Africa, Africa",-31.34,18.32,,-119.0,,Sediment/soil,Mixed vegetation,Mixed,-11.22334456,,-109.0,,,Africa,From Ladd et al. 2021 global compilation; compound: n-C29 alkane; CI95: NA,10.1029/2020JG005891,ETH Zurich: doi:10.3929/ethz-b-000412154,Both,Missing: elevation
"Ladd 2021 compilation (Herrmann et al., 2017)",ETH Zurich: doi:10.3929/ethz-b-000412154,"South Africa, Africa",-31.34,18.32,,-124.0,,Sediment/soil,Mixed vegetation,Mixed,-11.28668172,,-114.0,,,Africa,From Ladd et al. 2021 global compilation; compound: n-C29 alkane; CI95: NA,10.1029/2020JG005891,ETH Zurich: doi:10.3929/ethz-b-000412154,Both,Missing: elevation
"Ladd 2021 compilation (Herrmann et al., 2017)",ETH Zurich: doi:10.3929/ethz-b-000412154,"South Africa, Africa",-31.28,19.5,,-131.0,,Sediment/soil,Mixed vegetation,Mixed,-20.29312289,,-113.0,,,Africa,From Ladd et al. 2021 global compilation; compound: n-C29 alkane; CI95: NA,10.1029/2020JG005891,ETH Zurich: doi:10.3929/ethz-b-000412154,Both,Missing: elevation
"Ladd 2021 compilation (Herrmann et al., 2017)",ETH Zurich: doi:10.3929/ethz-b-000412154,"South Africa, Africa",-31.26,18.36,,-112.0,,Sediment/soil,Mixed vegetation,Mixed,-10.03344482,,-103.0,,,Africa,From Ladd et al. 2021 global compilation; compound: n-C29 alkane; CI95: NA,10.1029/2020JG005891,ETH Zurich: doi:10.3929/ethz-b-000412154,Both,Missing: elevation
"Ladd 2021 compilation (Herrmann et al., 2017)",ETH Zurich: doi:10.3929/ethz-b-000412154,"South Africa, Africa",-31.26,18.42,,-108.0,,Sediment/soil,Mixed vegetation,Mixed,-11.0864745,,-98.0,,,Africa,From Ladd et al. 2021 global compilation; compound: n-C29 alkane; CI95: NA,10.1029/2020JG005891,ETH Zurich: doi:10.3929/ethz-b-000412154,Both,Missing: elevation
"Ladd 2021 compilation (Herrmann et al., 2017)",ETH Zurich: doi:10.3929/ethz-b-000412154,"South Africa, Africa",-31.23,19.17,,-104.0,,Sediment/soil,Mixed vegetation,Mixed,-16.46542261,,-89.0,,,Africa,From Ladd et al. 2021 global compilation; compound: n-C29 alkane; CI95: NA,10.1029/2020JG005891,ETH Zurich: doi:10.3929/ethz-b-000412154,Both,Missing: elevation
"Ladd 2021 compilation (Herrmann et al., 2017)",ETH Zurich: doi:10.3929/ethz-b-000412154,"South Africa, Africa",-31.23,19.17,,-113.0,,Sediment/soil,Mixed vegetation,Mixed,-16.62971175,,-98.0,,,Africa,From Ladd et al. 2021 global compilation; compound: n-C29 alkane; CI95: NA,10.1029/2020JG005891,ETH Zurich: doi:10.3929/ethz-b-000412154,Both,Missing: elevation
"Ladd 2021 compilation (Herrmann et al., 2017)",ETH Zurich: doi:10.3929/ethz-b-000412154,"South Africa, Africa",-31.18,20.9,,-107.0,,Sediment/soil,Mixed vegetation,Mixed,-18.68131868,,-90.0,,,Africa,From Ladd et al. 2021 global compilation; compound: n-C29 alkane; CI95: NA,10.1029/2020JG005891,ETH Zurich: doi:10.3929/ethz-b-000412154,Both,Missing: elevation
"Ladd 2021 compilation (Herrmann et al., 2017)",ETH Zurich: doi:10.3929/ethz-b-000412154,"South Africa, Africa",-31.18,20.9,,-117.0,,Sediment/soil,Mixed vegetation,Mixed,-18.88888889,,-100.0,,,Africa,From Ladd et al. 2021 global compilation; compound: n-C29 alkane; CI95: NA,10.1029/2020JG005891,ETH Zurich: doi:10.3929/ethz-b-000412154,Both,Missing: elevation
"Ladd 2021 compilation (Herrmann et al., 2017)",ETH Zurich: doi:10.3929/ethz-b-000412154,"South Africa, Africa",-31.08,18.15,,-114.0,,Sediment/soil,Mixed vegetation,Mixed,-12.26309922,,-103.0,,,Africa,From Ladd et al. 2021 global compilation; compound: n-C29 alkane; CI95: NA,10.1029/2020JG005891,ETH Zurich: doi:10.3929/ethz-b-000412154,Both,Missing: elevation
"Ladd 2021 compilation (Herrmann et al., 2017)",ETH Zurich: doi:10.3929/ethz-b-000412154,"South Africa, Africa",-30.5,19.46,,-114.0,,Sediment/soil,Mixed vegetation,Mixed,-13.36302895,,-102.0,,,Africa,From Ladd et al. 2021 global compilation; compound: n-C29 alkane; CI95: NA,10.1029/2020JG005891,ETH Zurich: doi:10.3929/ethz-b-000412154,Both,Missing: elevation
"Ladd 2021 compilation (Herrmann et al., 2017)",ETH Zurich: doi:10.3929/ethz-b-000412154,"South Africa, Africa",-30.46,18.29,,-109.0,,Sediment/soil,Mixed vegetation,Mixed,-15.46961326,,-95.0,,,Africa,From Ladd et al. 2021 global compilation; compound: n-C29 alkane; CI95: NA,10.1029/2020JG005891,ETH Zurich: doi:10.3929/ethz-b-000412154,Both,Missing: elevation
"Ladd 2021 compilation (Herrmann et al., 2017)",ETH Zurich: doi:10.3929/ethz-b-000412154,"South Africa, Africa",-30.46,18.29,,-142.0,,Sediment/soil,Mixed vegetation,Mixed,-14.92537313,,-129.0,,,Africa,From Ladd et al. 2021 global compilation; compound: n-C29 alkane; CI95: NA,10.1029/2020JG005891,ETH Zurich: doi:10.3929/ethz-b-000412154,Both,Missing: elevation
"Ladd 2021 compilation (Herrmann et al., 2017)",ETH Zurich: doi:10.3929/ethz-b-000412154,"South Africa, Africa",-30.4,20.24,,-114.0,,Sediment/soil,Mixed vegetation,Mixed,-26.37362637,,-90.0,,,Africa,From Ladd et al. 2021 global compilation; compound: n-C29 alkane; CI95: NA,10.1029/2020JG005891,ETH Zurich: doi:10.3929/ethz-b-000412154,Both,Missing: elevation
"Ladd 2021 compilation (Herrmann et al., 2017)",ETH Zurich: doi:10.3929/ethz-b-000412154,"South Africa, Africa",-30.26,18.46,,-95.0,,Sediment/soil,Mixed vegetation,Mixed,-15.23394995,,-81.0,,,Africa,From Ladd et al. 2021 global compilation; compound: n-C29 alkane; CI95: NA,10.1029/2020JG005891,ETH Zurich: doi:10.3929/ethz-b-000412154,Both,Missing: elevation
"Ladd 2021 compilation (Herrmann et al., 2017)",ETH Zurich: doi:10.3929/ethz-b-000412154,"South Africa, Africa",-30.24,18.46,,-82.0,,Sediment/soil,Mixed vegetation,Mixed,-16.07717042,,-67.0,,,Africa,From Ladd et al. 2021 global compilation; compound: n-C29 alkane; CI95: NA,10.1029/2020JG005891,ETH Zurich: doi:10.3929/ethz-b-000412154,Both,NOTE: ε outside typical range (-67‰); Missing: elevation
"Ladd 2021 compilation (Herrmann et al., 2017)",ETH Zurich: doi:10.3929/ethz-b-000412154,"South Africa, Africa",-29.87,26.4,,-112.0,,Sediment/soil,Mixed vegetation,Mixed,-30.56768559,,-84.0,,,Africa,From Ladd et al. 2021 global compilation; compound: n-C29 alkane; CI95: NA,10.1029/2020JG005891,ETH Zurich: doi:10.3929/ethz-b-000412154,Both,Missing: elevation
"Ladd 2021 compilation (Herrmann et al., 2017)",ETH Zurich: doi:10.3929/ethz-b-000412154,"South Africa, Africa",-29.8,25.33,,-127.0,,Sediment/soil,Mixed vegetation,Mixed,-33.22259136,,-97.0,,,Africa,From Ladd et al. 2021 global compilation; compound: n-C29 alkane; CI95: NA,10.1029/2020JG005891,ETH Zurich: doi:10.3929/ethz-b-000412154,Both,Missing: elevation
"Ladd 2021 compilation (Herrmann et al., 2017)",ETH Zurich: doi:10.3929/ethz-b-000412154,"South Africa, Africa",-29.62,23.44,,-117.0,,Sediment/soil,Mixed vegetation,Mixed,-26.46085998,,-93.0,,,Africa,From Ladd et al. 2021 global compilation; compound: n-C29 alkane; CI95: NA,10.1029/2020JG005891,ETH Zurich: doi:10.3929/ethz-b-000412154,Both,Missing: elevation
"Ladd 2021 compilation (Herrmann et al., 2017)",ETH Zurich: doi:10.3929/ethz-b-000412154,"South Africa, Africa",-29.57,22.2,,-101.0,,Sediment/soil,Mixed vegetation,Mixed,-23.88707926,,-79.0,,,Africa,From Ladd et al. 2021 global compilation; compound: n-C29 alkane; CI95: NA,10.1029/2020JG005891,ETH Zurich: doi:10.3929/ethz-b-000412154,Both,Missing: elevation
"Ladd 2021 compilation (Herrmann et al., 2017)",ETH Zurich: doi:10.3929/ethz-b-000412154,"South Africa, Africa",-29.46,20.47,,-116.0,,Sediment/soil,Mixed vegetation,Mixed,-24.28256071,,-94.0,,,Africa,From Ladd et al. 2021 global compilation; compound: n-C29 alkane; CI95: NA,10.1029/2020JG005891,ETH Zurich: doi:10.3929/ethz-b-000412154,Both,Missing: elevation
"Ladd 2021 compilation (Herrmann et al., 2017)",ETH Zurich: doi:10.3929/ethz-b-000412154,"South Africa, Africa",-29.46,20.47,,-75.0,,Sediment/soil,Mixed vegetation,Mixed,-24.26160338,,-52.0,,,Africa,From Ladd et al. 2021 global compilation; compound: n-C29 alkane; CI95: NA,10.1029/2020JG005891,ETH Zurich: doi:10.3929/ethz-b-000412154,Both,REVIEW: δ²H very enriched (-75.0‰); NOTE: ε outside typical range (-52‰); Missing: elevation
"Ladd 2021 compilation (Herrmann et al., 2017)",ETH Zurich: doi:10.3929/ethz-b-000412154,"South Africa, Africa",-29.4,22.55,,-88.0,,Sediment/soil,Mixed vegetation,Mixed,-27.71855011,,-62.0,,,Africa,From Ladd et al. 2021 global compilation; compound: n-C29 alkane; CI95: NA,10.1029/2020JG005891,ETH Zurich: doi:10.3929/ethz-b-000412154,Both,NOTE: ε outside typical range (-62‰); Missing: elevation
"Ladd 2021 compilation (Herrmann et al., 2017)",ETH Zurich: doi:10.3929/ethz-b-000412154,"South Africa, Africa",-29.31,19.26,,-95.0,,Sediment/soil,Mixed vegetation,Mixed,-26.88172043,,-70.0,,,Africa,From Ladd et al. 2021 global compilation; compound: n-C29 alkane; CI95: NA,10.1029/2020JG005891,ETH Zurich: doi:10.3929/ethz-b-000412154,Both,Missing: elevation
"Ladd 2021 compilation (Herrmann et al., 2017)",ETH Zurich: doi:10.3929/ethz-b-000412154,"South Africa, Africa",-29.29,22.45,,-104.0,,Sediment/soil,Mixed vegetation,Mixed,-27.14440825,,-79.0,,,Africa,From Ladd et al. 2021 global compilation; compound: n-C29 alkane; CI95: NA,10.1029/2020JG005891,ETH Zurich: doi:10.3929/ethz-b-000412154,Both,Missing: elevation
"Ladd 2021 compilation (Herrmann et al., 2017)",ETH Zurich: doi:10.3929/ethz-b-000412154,"South Africa, Africa",-29.23,21.7,,-111.0,,Sediment/soil,Mixed vegetation,Mixed,-23.07692308,,-90.0,,,Africa,From Ladd et al. 2021 global compilation; compound: n-C29 alkane; CI95: NA,10.1029/2020JG005891,ETH Zurich: doi:10.3929/ethz-b-000412154,Both,Missing: elevation
"Ladd 2021 compilation (Herrmann et al., 2017)",ETH Zurich: doi:10.3929/ethz-b-000412154,"South Africa, Africa",-29.22,23.2,,-113.0,,Sediment/soil,Mixed vegetation,Mixed,-27.4122807,,-88.0,,,Africa,From Ladd et al. 2021 global compilation; compound: n-C29 alkane; CI95: NA,10.1029/2020JG005891,ETH Zurich: doi:10.3929/ethz-b-000412154,Both,Missing: elevation
"Ladd 2021 compilation (Herrmann et al., 2017)",ETH Zurich: doi:10.3929/ethz-b-000412154,"South Africa, Africa",-28.58,25.3,,-111.0,,Sediment/soil,Mixed vegetation,Mixed,-29.47598253,,-84.0,,,Africa,From Ladd et al. 2021 global compilation; compound: n-C29 alkane; CI95: NA,10.1029/2020JG005891,ETH Zurich: doi:10.3929/ethz-b-000412154,Both,Missing: elevation
"Ladd 2021 compilation (Herrmann et al., 2017)",ETH Zurich: doi:10.3929/ethz-b-000412154,"South Africa, Africa",-28.57,19.23,,-110.0,,Sediment/soil,Mixed vegetation,Mixed,-25.19167579,,-87.0,,,Africa,From Ladd et al. 2021 global compilation; compound: n-C29 alkane; CI95: NA,10.1029/2020JG005891,ETH Zurich: doi:10.3929/ethz-b-000412154,Both,Missing: elevation
"Ladd 2021 compilation (Herrmann et al., 2017)",ETH Zurich: doi:10.3929/ethz-b-000412154,"South Africa, Africa",-28.57,27.5,,-117.0,,Sediment/soil,Mixed vegetation,Mixed,-31.79824561,,-88.0,,,Africa,From Ladd et al. 2021 global compilation; compound: n-C29 alkane; CI95: NA,10.1029/2020JG005891,ETH Zurich: doi:10.3929/ethz-b-000412154,Both,Missing: elevation
"Ladd 2021 compilation (Herrmann et al., 2017)",ETH Zurich: doi:10.3929/ethz-b-000412154,"South Africa, Africa",-28.56,24.13,,-116.0,,Sediment/soil,Mixed vegetation,Mixed,-24.28256071,,-94.0,,,Africa,From Ladd et al. 2021 global compilation; compound: n-C29 alkane; CI95: NA,10.1029/2020JG005891,ETH Zurich: doi:10.3929/ethz-b-000412154,Both,Missing: elevation
"Ladd 2021 compilation (Herrmann et al., 2017)",ETH Zurich: doi:10.3929/ethz-b-000412154,"South Africa, Africa",-28.5,26.36,,-126.0,,Sediment/soil,Mixed vegetation,Mixed,-29.96670366,,-99.0,,,Africa,From Ladd et al. 2021 global compilation; compound: n-C29 alkane; CI95: NA,10.1029/2020JG005891,ETH Zurich: doi:10.3929/ethz-b-000412154,Both,Missing: elevation
"Ladd 2021 compilation (Herrmann et al., 2017)",ETH Zurich: doi:10.3929/ethz-b-000412154,"South Africa, Africa",-28.5,26.36,,-133.0,,Sediment/soil,Mixed vegetation,Mixed,-30.20134228,,-106.0,,,Africa,From Ladd et al. 2021 global compilation; compound: n-C29 alkane; CI95: NA,10.1029/2020JG005891,ETH Zurich: doi:10.3929/ethz-b-000412154,Both,Missing: elevation
"Ladd 2021 compilation (Herrmann et al., 2017)",ETH Zurich: doi:10.3929/ethz-b-000412154,"South Africa, Africa",-28.45,24.42,,-109.0,,Sediment/soil,Mixed vegetation,Mixed,-26.2295082,,-85.0,,,Africa,From Ladd et al. 2021 global compilation; compound: n-C29 alkane; CI95: NA,10.1029/2020JG005891,ETH Zurich: doi:10.3929/ethz-b-000412154,Both,Missing: elevation
"Ladd 2021 compilation (Herrmann et al., 2017)",ETH Zurich: doi:10.3929/ethz-b-000412154,"South Africa, Africa",-28.45,24.42,,-119.0,,Sediment/soil,Mixed vegetation,Mixed,-25.44247788,,-96.0,,,Africa,From Ladd et al. 2021 global compilation; compound: n-C29 alkane; CI95: NA,10.1029/2020JG005891,ETH Zurich: doi:10.3929/ethz-b-000412154,Both,Missing: elevation
"Ladd 2021 compilation (Herrmann et al., 2017)",ETH Zurich: doi:10.3929/ethz-b-000412154,"South Africa, Africa",-28.44,22.31,,-112.0,,Sediment/soil,Mixed vegetation,Mixed,-29.50819672,,-85.0,,,Africa,From Ladd et al. 2021 global compilation; compound: n-C29 alkane; CI95: NA,10.1029/2020JG005891,ETH Zurich: doi:10.3929/ethz-b-000412154,Both,Missing: elevation
"Ladd 2021 compilation (Herrmann et al., 2017)",ETH Zurich: doi:10.3929/ethz-b-000412154,"South Africa, Africa",-28.38,22.15,,-103.0,,Sediment/soil,Mixed vegetation,Mixed,-29.22077922,,-76.0,,,Africa,From Ladd et al. 2021 global compilation; compound: n-C29 alkane; CI95: NA,10.1029/2020JG005891,ETH Zurich: doi:10.3929/ethz-b-000412154,Both,Missing: elevation
"Ladd 2021 compilation (Herrmann et al., 2017)",ETH Zurich: doi:10.3929/ethz-b-000412154,"South Africa, Africa",-27.55,28.23,,-134.0,,Sediment/soil,Mixed vegetation,Mixed,-29.14798206,,-108.0,,,Africa,From Ladd et al. 2021 global compilation; compound: n-C29 alkane; CI95: NA,10.1029/2020JG005891,ETH Zurich: doi:10.3929/ethz-b-000412154,Both,Missing: elevation
"Ladd 2021 compilation (Herrmann et al., 2017)",ETH Zurich: doi:10.3929/ethz-b-000412154,"South Africa, Africa",-27.55,28.23,,-148.0,,Sediment/soil,Mixed vegetation,Mixed,-29.61275626,,-122.0,,,Africa,From Ladd et al. 2021 global compilation; compound: n-C29 alkane; CI95: NA,10.1029/2020JG005891,ETH Zurich: doi:10.3929/ethz-b-000412154,Both,Missing: elevation
"Ladd 2021 compilation (Herrmann et al., 2017)",ETH Zurich: doi:10.3929/ethz-b-000412154,"South Africa, Africa",-27.55,28.23,,-151.0,,Sediment/soil,Mixed vegetation,Mixed,-28.60411899,,-126.0,,,Africa,From Ladd et al. 2021 global compilation; compound: n-C29 alkane; CI95: NA,10.1029/2020JG005891,ETH Zurich: doi:10.3929/ethz-b-000412154,Both,Missing: elevation
"Ladd 2021 compilation (Herrmann et al., 2017)",ETH Zurich: doi:10.3929/ethz-b-000412154,"South Africa, Africa",-27.25,28.3,,-149.0,,Sediment/soil,Mixed vegetation,Mixed,-26.31578947,,-126.0,,,Africa,From Ladd et al. 2021 global compilation; compound: n-C29 alkane; CI95: NA,10.1029/2020JG005891,ETH Zurich: doi:10.3929/ethz-b-000412154,Both,Missing: elevation
"Ladd 2021 compilation (Herrmann et al., 2017)",ETH Zurich: doi:10.3929/ethz-b-000412154,"South Africa, Africa",-27.05,28.35,,-128.0,,Sediment/soil,Mixed vegetation,Mixed,-24.60850112,,-106.0,,,Africa,From Ladd et al. 2021 global compilation; compound: n-C29 alkane; CI95: NA,10.1029/2020JG005891,ETH Zurich: doi:10.3929/ethz-b-000412154,Both,Missing: elevation
"Ladd 2021 compilation (Huang et al., 2016)",ETH Zurich: doi:10.3929/ethz-b-000412154,"Tiandouyang, Asia",25.9,117.47,1196.0,-192.0,,Sediment/soil,Mixed vegetation,Mixed,-59.0,,-141.3,,,Asia,From Ladd et al. 2021 global compilation; compound: n-C29 alkane; CI95: 5,10.1029/2020JG005891,ETH Zurich: doi:10.3929/ethz-b-000412154,Both,OK
"Ladd 2021 compilation (Huang et al., 2016)",ETH Zurich: doi:10.3929/ethz-b-000412154,"Shiwangutian, Asia",26.08,110.37,1688.0,-208.0,,Sediment/soil,Mixed vegetation,Mixed,-62.0,,-155.7,,,Asia,From Ladd et al. 2021 global compilation; compound: n-C29 alkane; CI95: 8,10.1029/2020JG005891,ETH Zurich: doi:10.3929/ethz-b-000412154,Both,OK
"Ladd 2021 compilation (Huang et al., 2016)",ETH Zurich: doi:10.3929/ethz-b-000412154,"Wangdongyang, Asia",27.67,119.63,1398.0,-203.0,,Sediment/soil,Mixed vegetation,Mixed,-63.0,,-149.4,,,Asia,From Ladd et al. 2021 global compilation; compound: n-C29 alkane; CI95: 9,10.1029/2020JG005891,ETH Zurich: doi:10.3929/ethz-b-000412154,Both,OK
"Ladd 2021 compilation (Huang et al., 2016)",ETH Zurich: doi:10.3929/ethz-b-000412154,"Dajiuhu, Asia",31.47,110.0,1700.0,-204.0,,Sediment/soil,Mixed vegetation,Mixed,-64.0,,-149.6,,,Asia,From Ladd et al. 2021 global compilation; compound: n-C29 alkane; CI95: NA,10.1029/2020JG005891,ETH Zurich: doi:10.3929/ethz-b-000412154,Both,OK
"Ladd 2021 compilation (Huang et al., 2016)",ETH Zurich: doi:10.3929/ethz-b-000412154,"Zoige, Asia",33.82,102.73,3500.0,-204.0,,Sediment/soil,Mixed vegetation,Mixed,-71.0,,-143.2,,,Asia,From Ladd et al. 2021 global compilation; compound: n-C29 alkane; CI95: 11,10.1029/2020JG005891,ETH Zurich: doi:10.3929/ethz-b-000412154,Both,OK
"Ladd 2021 compilation (Huang et al., 2016)",ETH Zurich: doi:10.3929/ethz-b-000412154,"Hani, Asia",42.22,126.52,902.0,-222.0,,Sediment/soil,Mixed vegetation,Mixed,-66.0,,-167.0,,,Asia,From Ladd et al. 2021 global compilation; compound: n-C29 alkane; CI95: 4,10.1029/2020JG005891,ETH Zurich: doi:10.3929/ethz-b-000412154,Both,OK
"Ladd 2021 compilation (Huang et al., 2016)",ETH Zurich: doi:10.3929/ethz-b-000412154,"Yichun, Asia",48.52,129.53,272.0,-209.0,,Sediment/soil,Mixed vegetation,Mixed,-91.0,,-129.8,,,Asia,From Ladd et al. 2021 global compilation; compound: n-C29 alkane; CI95: 4,10.1029/2020JG005891,ETH Zurich: doi:10.3929/ethz-b-000412154,Computer v6,OK
"Ladd 2021 compilation (Jaeschke et al., 2018)",ETH Zurich: doi:10.3929/ethz-b-000412154,"I-Grassland, Africa",7.4452,36.8768,2650.0,-129.0,,Sediment/soil,Mixed vegetation,Mixed,-7.0,,-122.9,,,Africa,From Ladd et al. 2021 global compilation; compound: n-C29 alkane; CI95: 2,10.1029/2020JG005891,ETH Zurich: doi:10.3929/ethz-b-000412154,Both,OK
"Ladd 2021 compilation (Jaeschke et al., 2018)",ETH Zurich: doi:10.3929/ethz-b-000412154,"II-Grassland, Africa",7.4527,36.8704,2545.0,-135.0,,Sediment/soil,Mixed vegetation,Mixed,-5.0,,-130.7,,,Africa,From Ladd et al. 2021 global compilation; compound: n-C29 alkane; CI95: 2,10.1029/2020JG005891,ETH Zurich: doi:10.3929/ethz-b-000412154,Both,OK
"Ladd 2021 compilation (Jaeschke et al., 2018)",ETH Zurich: doi:10.3929/ethz-b-000412154,"II-Forest, Africa",7.4527,36.8704,2545.0,-140.0,,Sediment/soil,Mixed vegetation,Mixed,-5.0,,-135.7,,,Africa,From Ladd et al. 2021 global compilation; compound: n-C29 alkane; CI95: 2,10.1029/2020JG005891,ETH Zurich: doi:10.3929/ethz-b-000412154,Both,OK
"Ladd 2021 compilation (Jaeschke et al., 2018)",ETH Zurich: doi:10.3929/ethz-b-000412154,"III-Forest, Africa",7.4609,36.8687,2402.0,-132.0,,Sediment/soil,Mixed vegetation,Mixed,-3.0,,-129.4,,,Africa,From Ladd et al. 2021 global compilation; compound: n-C29 alkane; CI95: 2,10.1029/2020JG005891,ETH Zurich: doi:10.3929/ethz-b-000412154,Both,OK
"Ladd 2021 compilation (Jaeschke et al., 2018)",ETH Zurich: doi:10.3929/ethz-b-000412154,"V-Grassland, Africa",7.5176,36.8758,2109.0,-125.0,,Sediment/soil,Mixed vegetation,Mixed,2.0,,-126.7,,,Africa,From Ladd et al. 2021 global compilation; compound: n-C29 alkane; CI95: 1,10.1029/2020JG005891,ETH Zurich: doi:10.3929/ethz-b-000412154,Both,OK
"Ladd 2021 compilation (Jaeschke et al., 2018)",ETH Zurich: doi:10.3929/ethz-b-000412154,"V-Cropland, Africa",7.5176,36.8758,2109.0,-128.0,,Sediment/soil,Mixed vegetation,Mixed,2.0,,-129.7,,,Africa,From Ladd et al. 2021 global compilation; compound: n-C29 alkane; CI95: 1,10.1029/2020JG005891,ETH Zurich: doi:10.3929/ethz-b-000412154,Both,OK
"Ladd 2021 compilation (Jaeschke et al., 2018)",ETH Zurich: doi:10.3929/ethz-b-000412154,"V-Forest, Africa",7.5176,36.8758,2109.0,-134.0,,Sediment/soil,Mixed vegetation,Mixed,2.0,,-135.7,,,Africa,From Ladd et al. 2021 global compilation; compound: n-C29 alkane; CI95: 1,10.1029/2020JG005891,ETH Zurich: doi:10.3929/ethz-b-000412154,Both,OK
"Ladd 2021 compilation (Jaeschke et al., 2018)",ETH Zurich: doi:10.3929/ethz-b-000412154,"VI-Grassland, Africa",7.593,36.8544,1769.0,-133.0,,Sediment/soil,Mixed vegetation,Mixed,7.0,,-139.0,,,Africa,From Ladd et al. 2021 global compilation; compound: n-C29 alkane; CI95: 2,10.1029/2020JG005891,ETH Zurich: doi:10.3929/ethz-b-000412154,Both,OK
"Ladd 2021 compilation (Jia et al., 2008)",ETH Zurich: doi:10.3929/ethz-b-000412154,"Mt Gonnga, Asia",29.55,101.97,3767.0,-237.0,,Sediment/soil,Mixed vegetation,Mixed,-98.0,,-154.1,,,Asia,From Ladd et al. 2021 global compilation; compound: n-C29 alkane; CI95: 13,10.1029/2020JG005891,ETH Zurich: doi:10.3929/ethz-b-000412154,Computer v6,OK
"Ladd 2021 compilation (Jia et al., 2008)",ETH Zurich: doi:10.3929/ethz-b-000412154,"Mt Gonnga, Asia",29.55,101.97,3518.0,-224.0,,Sediment/soil,Mixed vegetation,Mixed,-94.0,,-143.5,,,Asia,From Ladd et al. 2021 global compilation; compound: n-C29 alkane; CI95: 12,10.1029/2020JG005891,ETH Zurich: doi:10.3929/ethz-b-000412154,Computer v6,OK
"Ladd 2021 compilation (Jia et al., 2008)",ETH Zurich: doi:10.3929/ethz-b-000412154,"Mt Gonnga, Asia",29.55,101.97,3676.0,-241.0,,Sediment/soil,Mixed vegetation,Mixed,-96.0,,-160.4,,,Asia,From Ladd et al. 2021 global compilation; compound: n-C29 alkane; CI95: 12,10.1029/2020JG005891,ETH Zurich: doi:10.3929/ethz-b-000412154,Computer v6,OK
"Ladd 2021 compilation (Jia et al., 2008)",ETH Zurich: doi:10.3929/ethz-b-000412154,"Mt Gonnga, Asia",29.57,101.98,3209.0,-200.0,,Sediment/soil,Mixed vegetation,Mixed,-89.0,,-121.8,,,Asia,From Ladd et al. 2021 global compilation; compound: n-C29 alkane; CI95: 10,10.1029/2020JG005891,ETH Zurich: doi:10.3929/ethz-b-000412154,Computer v6,OK
"Ladd 2021 compilation (Jia et al., 2008)",ETH Zurich: doi:10.3929/ethz-b-000412154,"Mt Gonnga, Asia",29.58,101.99,3188.0,-220.0,,Sediment/soil,Mixed vegetation,Mixed,-89.0,,-143.8,,,Asia,From Ladd et al. 2021 global compilation; compound: n-C29 alkane; CI95: 10,10.1029/2020JG005891,ETH Zurich: doi:10.3929/ethz-b-000412154,Computer v6,OK
"Ladd 2021 compilation (Jia et al., 2008)",ETH Zurich: doi:10.3929/ethz-b-000412154,"Mt Gonnga, Asia",29.58,102.01,2808.0,-193.0,,Sediment/soil,Mixed vegetation,Mixed,-83.0,,-120.0,,,Asia,From Ladd et al. 2021 global compilation; compound: n-C29 alkane; CI95: 9,10.1029/2020JG005891,ETH Zurich: doi:10.3929/ethz-b-000412154,Computer v6,OK
"Ladd 2021 compilation (Jia et al., 2008)",ETH Zurich: doi:10.3929/ethz-b-000412154,"Mt Gonnga, Asia",29.58,101.99,3119.0,-207.0,,Sediment/soil,Mixed vegetation,Mixed,-88.0,,-130.5,,,Asia,From Ladd et al. 2021 global compilation; compound: n-C29 alkane; CI95: 10,10.1029/2020JG005891,ETH Zurich: doi:10.3929/ethz-b-000412154,Computer v6,OK
"Ladd 2021 compilation (Jia et al., 2008)",ETH Zurich: doi:10.3929/ethz-b-000412154,"Mt Gonnga, Asia",29.58,102.01,2920.0,-197.0,,Sediment/soil,Mixed vegetation,Mixed,-84.0,,-123.4,,,Asia,From Ladd et al. 2021 global compilation; compound: n-C29 alkane; CI95: 9,10.1029/2020JG005891,ETH Zurich: doi:10.3929/ethz-b-000412154,Computer v6,OK
"Ladd 2021 compilation (Jia et al., 2008)",ETH Zurich: doi:10.3929/ethz-b-000412154,"Mt Gonnga, Asia",29.6,102.05,2220.0,-203.0,,Sediment/soil,Mixed vegetation,Mixed,-74.0,,-139.3,,,Asia,From Ladd et al. 2021 global compilation; compound: n-C29 alkane; CI95: 6,10.1029/2020JG005891,ETH Zurich: doi:10.3929/ethz-b-000412154,Computer v6,OK
"Ladd 2021 compilation (Jia et al., 2008)",ETH Zurich: doi:10.3929/ethz-b-000412154,"Mt Gonnga, Asia",29.6,102.06,2160.0,-214.0,,Sediment/soil,Mixed vegetation,Mixed,-73.0,,-152.1,,,Asia,From Ladd et al. 2021 global compilation; compound: n-C29 alkane; CI95: 6,10.1029/2020JG005891,ETH Zurich: doi:10.3929/ethz-b-000412154,Computer v6,OK
"Ladd 2021 compilation (Jia et al., 2008)",ETH Zurich: doi:10.3929/ethz-b-000412154,"Mt Gonnga, Asia",29.6,102.07,2115.0,-185.0,,Sediment/soil,Mixed vegetation,Mixed,-72.0,,-121.8,,,Asia,From Ladd et al. 2021 global compilation; compound: n-C29 alkane; CI95: 6,10.1029/2020JG005891,ETH Zurich: doi:10.3929/ethz-b-000412154,Computer v6,OK
"Ladd 2021 compilation (Jia et al., 2008)",ETH Zurich: doi:10.3929/ethz-b-000412154,"Mt Gonnga, Asia",29.6,102.07,2005.0,-199.0,,Sediment/soil,Mixed vegetation,Mixed,-70.0,,-138.7,,,Asia,From Ladd et al. 2021 global compilation; compound: n-C29 alkane; CI95: 6,10.1029/2020JG005891,ETH Zurich: doi:10.3929/ethz-b-000412154,Computer v6,OK
"Ladd 2021 compilation (Jia et al., 2008)",ETH Zurich: doi:10.3929/ethz-b-000412154,"Mt Gonnga, Asia",29.6,102.07,2085.0,-206.0,,Sediment/soil,Mixed vegetation,Mixed,-72.0,,-144.4,,,Asia,From Ladd et al. 2021 global compilation; compound: n-C29 alkane; CI95: 6,10.1029/2020JG005891,ETH Zurich: doi:10.3929/ethz-b-000412154,Computer v6,OK
"Ladd 2021 compilation (Jia et al., 2008)",ETH Zurich: doi:10.3929/ethz-b-000412154,"Mt Gonnga, Asia",29.6,102.04,2350.0,-189.0,,Sediment/soil,Mixed vegetation,Mixed,-76.0,,-122.3,,,Asia,From Ladd et al. 2021 global compilation; compound: n-C29 alkane; CI95: 7,10.1029/2020JG005891,ETH Zurich: doi:10.3929/ethz-b-000412154,Computer v6,OK
"Ladd 2021 compilation (Jia et al., 2008)",ETH Zurich: doi:10.3929/ethz-b-000412154,"Mt Gonnga, Asia",29.61,102.11,1645.0,-181.0,,Sediment/soil,Mixed vegetation,Mixed,-65.0,,-124.1,,,Asia,From Ladd et al. 2021 global compilation; compound: n-C29 alkane; CI95: 4,10.1029/2020JG005891,ETH Zurich: doi:10.3929/ethz-b-000412154,Computer v6,OK
"Ladd 2021 compilation (Jia et al., 2008)",ETH Zurich: doi:10.3929/ethz-b-000412154,"Mt Gonnga, Asia",29.61,102.17,1220.0,-195.0,,Sediment/soil,Mixed vegetation,Mixed,-58.0,,-145.4,,,Asia,From Ladd et al. 2021 global compilation; compound: n-C29 alkane; CI95: 3,10.1029/2020JG005891,ETH Zurich: doi:10.3929/ethz-b-000412154,Computer v6,OK
"Ladd 2021 compilation (Jia et al., 2008)",ETH Zurich: doi:10.3929/ethz-b-000412154,"Mt Gonnga, Asia",29.61,102.09,1850.0,-195.0,,Sediment/soil,Mixed vegetation,Mixed,-68.0,,-136.3,,,Asia,From Ladd et al. 2021 global compilation; compound: n-C29 alkane; CI95: 5,10.1029/2020JG005891,ETH Zurich: doi:10.3929/ethz-b-000412154,Computer v6,OK
"Ladd 2021 compilation (Jia et al., 2008)",ETH Zurich: doi:10.3929/ethz-b-000412154,"Mt Gonnga, Asia",29.62,102.11,1740.0,-178.0,,Sediment/soil,Mixed vegetation,Mixed,-66.0,,-119.9,,,Asia,From Ladd et al. 2021 global compilation; compound: n-C29 alkane; CI95: 5,10.1029/2020JG005891,ETH Zurich: doi:10.3929/ethz-b-000412154,Computer v6,OK
"Ladd 2021 compilation (Jia et al., 2008)",ETH Zurich: doi:10.3929/ethz-b-000412154,"Mt Gonnga, Asia",29.63,102.14,1375.0,-169.0,,Sediment/soil,Mixed vegetation,Mixed,-61.0,,-115.0,,,Asia,From Ladd et al. 2021 global compilation; compound: n-C29 alkane; CI95: 3,10.1029/2020JG005891,ETH Zurich: doi:10.3929/ethz-b-000412154,Computer v6,OK
"Ladd 2021 compilation (Jia et al., 2008)",ETH Zurich: doi:10.3929/ethz-b-000412154,"Mt Gonnga, Asia",29.64,102.13,1470.0,-184.0,,Sediment/soil,Mixed vegetation,Mixed,-62.0,,-130.1,,,Asia,From Ladd et al. 2021 global compilation; compound: n-C29 alkane; CI95: 4,10.1029/2020JG005891,ETH Zurich: doi:10.3929/ethz-b-000412154,Computer v6,OK
"Ladd 2021 compilation (Jia et al., 2008)",ETH Zurich: doi:10.3929/ethz-b-000412154,"Mt Gonnga, Asia",29.65,102.11,1610.0,-192.0,,Sediment/soil,Mixed vegetation,Mixed,-64.0,,-136.8,,,Asia,From Ladd et al. 2021 global compilation; compound: n-C29 alkane; CI95: 4,10.1029/2020JG005891,ETH Zurich: doi:10.3929/ethz-b-000412154,Computer v6,OK
"Ladd 2021 compilation (Krull et al., 2006)",ETH Zurich: doi:10.3929/ethz-b-000412154,"Queensland, Australia",-23.22,143.95,191.0,-88.0,,Sediment/soil,Mixed vegetation,Mixed,-20.0,,-69.4,,,Australia,From Ladd et al. 2021 global compilation; compound: n-C29 alkane; CI95: 13,10.1029/2020JG005891,ETH Zurich: doi:10.3929/ethz-b-000412154,Both,NOTE: ε outside typical range (-69‰)
"Ladd 2021 compilation (Ladd et al., SPCZ in prep)",ETH Zurich: doi:10.3929/ethz-b-000412154,"Lake Dranoniveilomo, Vanua Balavu, Fiji, Tropical Pacific",-17.1976,-178.9559,,-150.8,,Sediment/soil,Mixed vegetation,Mixed,-21.0,,-132.6,,,Tropical Pacific,From Ladd et al. 2021 global compilation; compound: n-C29 alkane; CI95: 11,10.1029/2020JG005891,ETH Zurich: doi:10.3929/ethz-b-000412154,Both,Missing: elevation
"Ladd 2021 compilation (Ladd et al., SPCZ in prep)",ETH Zurich: doi:10.3929/ethz-b-000412154,"Oroatera Pond, Tetiaroa, French Polynesia, Tropical Pacific",-16.9958,-149.5409,,-173.5,,Sediment/soil,Mixed vegetation,Mixed,-25.0,,-152.3,,,Tropical Pacific,From Ladd et al. 2021 global compilation; compound: n-C29 alkane; CI95: 26,10.1029/2020JG005891,ETH Zurich: doi:10.3929/ethz-b-000412154,Computer v6,Missing: elevation
"Ladd 2021 compilation (Ladd et al., SPCZ in prep)",ETH Zurich: doi:10.3929/ethz-b-000412154,"Lake Tagamaucia, Teveuni, Fiji, Tropical Pacific",-16.8163,-179.9399,,-170.1,,Sediment/soil,Mixed vegetation,Mixed,-34.0,,-140.9,,,Tropical Pacific,From Ladd et al. 2021 global compilation; compound: n-C29 alkane; CI95: 14,10.1029/2020JG005891,ETH Zurich: doi:10.3929/ethz-b-000412154,Both,Missing: elevation
"Ladd 2021 compilation (Ladd, Maloney et al (UW))",ETH Zurich: doi:10.3929/ethz-b-000412154,"ChuTol, Tropical Pacific",7.35,151.604,0.0,-153.0,,Sediment/soil,Mixed vegetation,Mixed,-32.0,,-125.0,,,Tropical Pacific,From Ladd et al. 2021 global compilation; compound: n-C29 alkane; CI95: 0,10.1029/2020JG005891,ETH Zurich: doi:10.3929/ethz-b-000412154,Both,OK
"Ladd 2021 compilation (Ladd, Maloney et al (UW))",ETH Zurich: doi:10.3929/ethz-b-000412154,"YapGal, Tropical Pacific",9.49,138.088,0.0,-151.0,,Sediment/soil,Mixed vegetation,Mixed,-34.0,,-121.1,,,Tropical Pacific,From Ladd et al. 2021 global compilation; compound: n-C29 alkane; CI95: 0,10.1029/2020JG005891,ETH Zurich: doi:10.3929/ethz-b-000412154,Both,OK
"Ladd 2021 compilation (Ladd, Maloney et al (UW))",ETH Zurich: doi:10.3929/ethz-b-000412154,"GuSasa, Tropical Pacific",13.44,144.683,0.0,-145.0,,Sediment/soil,Mixed vegetation,Mixed,-29.0,,-119.5,,,Tropical Pacific,From Ladd et al. 2021 global compilation; compound: n-C29 alkane; CI95: 1,10.1029/2020JG005891,ETH Zurich: doi:10.3929/ethz-b-000412154,Both,OK
"Ladd 2021 compilation (Leider et al., 2013)",ETH Zurich: doi:10.3929/ethz-b-000412154,"Lago Alimini Grande, Europe",40.2,18.45,719.0,-159.0,,Sediment/soil,Mixed vegetation,Mixed,-47.0,2.0,-117.5,,,Europe,From Ladd et al. 2021 global compilation; compound: n-C29 alkane; CI95: 2,10.1029/2020JG005891,ETH Zurich: doi:10.3929/ethz-b-000412154,Both,OK
"Ladd 2021 compilation (Leider et al., 2013)",ETH Zurich: doi:10.3929/ethz-b-000412154,"Lago di Monticchio, Europe",40.93,15.6,808.0,-170.0,,Sediment/soil,Mixed vegetation,Mixed,-50.0,1.0,-126.3,,,Europe,From Ladd et al. 2021 global compilation; compound: n-C29 alkane; CI95: 1,10.1029/2020JG005891,ETH Zurich: doi:10.3929/ethz-b-000412154,Both,OK
"Ladd 2021 compilation (Leider et al., 2013)",ETH Zurich: doi:10.3929/ethz-b-000412154,"Lago Bomba, Europe",42.01,14.36,731.0,-156.0,,Sediment/soil,Mixed vegetation,Mixed,-45.0,1.0,-116.2,,,Europe,From Ladd et al. 2021 global compilation; compound: n-C29 alkane; CI95: 1,10.1029/2020JG005891,ETH Zurich: doi:10.3929/ethz-b-000412154,Both,OK
"Ladd 2021 compilation (Li et al., 2019)",ETH Zurich: doi:10.3929/ethz-b-000412154,"S1, Asia",22.57,114.23,197.0,-173.5,,Sediment/soil,Mixed vegetation,Mixed,-43.0,,-136.4,,,Asia,From Ladd et al. 2021 global compilation; compound: n-C29 alkane; CI95: 1,10.1029/2020JG005891,ETH Zurich: doi:10.3929/ethz-b-000412154,Both,OK
"Ladd 2021 compilation (Li et al., 2019)",ETH Zurich: doi:10.3929/ethz-b-000412154,"S2, Asia",23.27,114.03,600.0,-179.3,,Sediment/soil,Mixed vegetation,Mixed,-50.0,,-136.1,,,Asia,From Ladd et al. 2021 global compilation; compound: n-C29 alkane; CI95: 3,10.1029/2020JG005891,ETH Zurich: doi:10.3929/ethz-b-000412154,Both,OK
"Ladd 2021 compilation (Li et al., 2019)",ETH Zurich: doi:10.3929/ethz-b-000412154,"S3, Asia",23.3,113.46,451.0,-169.9,,Sediment/soil,Mixed vegetation,Mixed,-47.0,,-129.0,,,Asia,From Ladd et al. 2021 global compilation; compound: n-C29 alkane; CI95: 2,10.1029/2020JG005891,ETH Zurich: doi:10.3929/ethz-b-000412154,Both,OK
"Ladd 2021 compilation (Li et al., 2019)",ETH Zurich: doi:10.3929/ethz-b-000412154,"S4, Asia",23.63,113.87,531.0,-171.0,,Sediment/soil,Mixed vegetation,Mixed,-48.0,,-129.2,,,Asia,From Ladd et al. 2021 global compilation; compound: n-C29 alkane; CI95: 3,10.1029/2020JG005891,ETH Zurich: doi:10.3929/ethz-b-000412154,Both,OK
"Ladd 2021 compilation (Li et al., 2019)",ETH Zurich: doi:10.3929/ethz-b-000412154,"S5, Asia",24.28,113.55,164.0,-169.0,,Sediment/soil,Mixed vegetation,Mixed,-43.0,,-131.7,,,Asia,From Ladd et al. 2021 global compilation; compound: n-C29 alkane; CI95: 3,10.1029/2020JG005891,ETH Zurich: doi:10.3929/ethz-b-000412154,Both,OK
"Ladd 2021 compilation (Li et al., 2019)",ETH Zurich: doi:10.3929/ethz-b-000412154,"S6, Asia",24.6,113.65,137.0,-170.3,,Sediment/soil,Mixed vegetation,Mixed,-42.0,,-133.9,,,Asia,From Ladd et al. 2021 global compilation; compound: n-C29 alkane; CI95: 4,10.1029/2020JG005891,ETH Zurich: doi:10.3929/ethz-b-000412154,Both,OK
"Ladd 2021 compilation (Li et al., 2019)",ETH Zurich: doi:10.3929/ethz-b-000412154,"S7, Asia",25.1,113.52,302.0,-170.6,,Sediment/soil,Mixed vegetation,Mixed,-44.0,,-132.4,,,Asia,From Ladd et al. 2021 global compilation; compound: n-C29 alkane; CI95: 4,10.1029/2020JG005891,ETH Zurich: doi:10.3929/ethz-b-000412154,Both,OK
"Ladd 2021 compilation (Li et al., 2019)",ETH Zurich: doi:10.3929/ethz-b-000412154,"S8, Asia",25.29,112.99,186.0,-170.3,,Sediment/soil,Mixed vegetation,Mixed,-41.0,,-134.8,,,Asia,From Ladd et al. 2021 global compilation; compound: n-C29 alkane; CI95: 3,10.1029/2020JG005891,ETH Zurich: doi:10.3929/ethz-b-000412154,Both,OK
"Ladd 2021 compilation (Li et al., 2019)",ETH Zurich: doi:10.3929/ethz-b-000412154,"S9, Asia",25.64,113.04,280.0,-170.6,,Sediment/soil,Mixed vegetation,Mixed,-41.0,,-135.1,,,Asia,From Ladd et al. 2021 global compilation; compound: n-C29 alkane; CI95: 2,10.1029/2020JG005891,ETH Zurich: doi:10.3929/ethz-b-000412154,Both,OK
"Ladd 2021 compilation (Li et al., 2019)",ETH Zurich: doi:10.3929/ethz-b-000412154,"S10, Asia",26.81,112.58,80.0,-169.0,,Sediment/soil,Mixed vegetation,Mixed,-33.0,,-140.6,,,Asia,From Ladd et al. 2021 global compilation; compound: n-C29 alkane; CI95: 2,10.1029/2020JG005891,ETH Zurich: doi:10.3929/ethz-b-000412154,Both,OK
"Ladd 2021 compilation (Li et al., 2019)",ETH Zurich: doi:10.3929/ethz-b-000412154,"S11, Asia",27.11,112.1,165.0,-164.7,,Sediment/soil,Mixed vegetation,Mixed,-35.0,,-134.4,,,Asia,From Ladd et al. 2021 global compilation; compound: n-C29 alkane; CI95: 2,10.1029/2020JG005891,ETH Zurich: doi:10.3929/ethz-b-000412154,Both,OK
"Ladd 2021 compilation (Li et al., 2019)",ETH Zurich: doi:10.3929/ethz-b-000412154,"SE02, Asia",27.83,117.73,1337.0,-205.6,,Sediment/soil,Mixed vegetation,Mixed,-63.0,,-152.2,,,Asia,From Ladd et al. 2021 global compilation; compound: n-C29 alkane; CI95: 8,10.1029/2020JG005891,ETH Zurich: doi:10.3929/ethz-b-000412154,Both,OK
"Ladd 2021 compilation (Li et al., 2019)",ETH Zurich: doi:10.3929/ethz-b-000412154,"SE04, Asia",27.84,117.76,1765.0,-211.9,,Sediment/soil,Mixed vegetation,Mixed,-69.0,,-153.5,,,Asia,From Ladd et al. 2021 global compilation; compound: n-C29 alkane; CI95: 10,10.1029/2020JG005891,ETH Zurich: doi:10.3929/ethz-b-000412154,Both,OK
"Ladd 2021 compilation (Li et al., 2019)",ETH Zurich: doi:10.3929/ethz-b-000412154,"SE01, Asia",27.88,117.74,749.0,-192.0,,Sediment/soil,Mixed vegetation,Mixed,-54.0,,-145.9,,,Asia,From Ladd et al. 2021 global compilation; compound: n-C29 alkane; CI95: 6,10.1029/2020JG005891,ETH Zurich: doi:10.3929/ethz-b-000412154,Both,OK
"Ladd 2021 compilation (Li et al., 2019)",ETH Zurich: doi:10.3929/ethz-b-000412154,"S12, Asia",31.05,110.92,1760.0,-196.3,,Sediment/soil,Mixed vegetation,Mixed,-71.0,,-134.9,,,Asia,From Ladd et al. 2021 global compilation; compound: n-C29 alkane; CI95: 7,10.1029/2020JG005891,ETH Zurich: doi:10.3929/ethz-b-000412154,Both,OK
"Ladd 2021 compilation (Li et al., 2019)",ETH Zurich: doi:10.3929/ethz-b-000412154,"S13, Asia",31.3,110.38,900.0,-174.0,,Sediment/soil,Mixed vegetation,Mixed,-57.0,,-124.1,,,Asia,From Ladd et al. 2021 global compilation; compound: n-C29 alkane; CI95: 3,10.1029/2020JG005891,ETH Zurich: doi:10.3929/ethz-b-000412154,Both,OK
"Ladd 2021 compilation (Li et al., 2019)",ETH Zurich: doi:10.3929/ethz-b-000412154,"S14, Asia",31.33,110.42,1400.0,-178.1,,Sediment/soil,Mixed vegetation,Mixed,-65.0,,-121.0,,,Asia,From Ladd et al. 2021 global compilation; compound: n-C29 alkane; CI95: 4,10.1029/2020JG005891,ETH Zurich: doi:10.3929/ethz-b-000412154,Both,OK
"Ladd 2021 compilation (Li et al., 2019)",ETH Zurich: doi:10.3929/ethz-b-000412154,"S15, Asia",31.47,110.38,1339.0,-180.1,,Sediment/soil,Mixed vegetation,Mixed,-64.0,,-124.0,,,Asia,From Ladd et al. 2021 global compilation; compound: n-C29 alkane; CI95: 4,10.1029/2020JG005891,ETH Zurich: doi:10.3929/ethz-b-000412154,Both,OK
"Ladd 2021 compilation (Li et al., 2019)",ETH Zurich: doi:10.3929/ethz-b-000412154,"X'A, Asia",34.3,108.61,588.0,-172.9,,Sediment/soil,Mixed vegetation,Mixed,-56.0,,-123.8,,,Asia,From Ladd et al. 2021 global compilation; compound: n-C29 alkane; CI95: 1,10.1029/2020JG005891,ETH Zurich: doi:10.3929/ethz-b-000412154,Both,OK
"Ladd 2021 compilation (Li et al., 2019)",ETH Zurich: doi:10.3929/ethz-b-000412154,"XY, Asia",34.94,113.38,222.0,-169.1,,Sediment/soil,Mixed vegetation,Mixed,-50.0,,-125.4,,,Asia,From Ladd et al. 2021 global compilation; compound: n-C29 alkane; CI95: 1,10.1029/2020JG005891,ETH Zurich: doi:10.3929/ethz-b-000412154,Both,OK
"Ladd 2021 compilation (Li et al., 2019)",ETH Zurich: doi:10.3929/ethz-b-000412154,"JYX, Asia",35.05,112.46,367.0,-170.4,,Sediment/soil,Mixed vegetation,Mixed,-53.0,,-124.0,,,Asia,From Ladd et al. 2021 global compilation; compound: n-C29 alkane; CI95: 1,10.1029/2020JG005891,ETH Zurich: doi:10.3929/ethz-b-000412154,Both,OK
"Ladd 2021 compilation (Li et al., 2019)",ETH Zurich: doi:10.3929/ethz-b-000412154,"TC, Asia",35.21,109.0,1222.0,-176.7,,Sediment/soil,Mixed vegetation,Mixed,-67.0,,-117.6,,,Asia,From Ladd et al. 2021 global compilation; compound: n-C29 alkane; CI95: 3,10.1029/2020JG005891,ETH Zurich: doi:10.3929/ethz-b-000412154,Both,OK
"Ladd 2021 compilation (Li et al., 2019)",ETH Zurich: doi:10.3929/ethz-b-000412154,"XF, Asia",35.84,111.44,455.0,-175.3,,Sediment/soil,Mixed vegetation,Mixed,-55.0,,-127.3,,,Asia,From Ladd et al. 2021 global compilation; compound: n-C29 alkane; CI95: 1,10.1029/2020JG005891,ETH Zurich: doi:10.3929/ethz-b-000412154,Both,OK
"Ladd 2021 compilation (Li et al., 2019)",ETH Zurich: doi:10.3929/ethz-b-000412154,"N02, Asia",35.89485,108.97625,622.0,-170.8,,Sediment/soil,Mixed vegetation,Mixed,-57.0,,-120.7,,,Asia,From Ladd et al. 2021 global compilation; compound: n-C29 alkane; CI95: 2,10.1029/2020JG005891,ETH Zurich: doi:10.3929/ethz-b-000412154,Both,OK
"Ladd 2021 compilation (Li et al., 2019)",ETH Zurich: doi:10.3929/ethz-b-000412154,"FX, Asia",35.96,109.73,1270.0,-161.3,,Sediment/soil,Mixed vegetation,Mixed,-68.0,,-100.1,,,Asia,From Ladd et al. 2021 global compilation; compound: n-C29 alkane; CI95: 3,10.1029/2020JG005891,ETH Zurich: doi:10.3929/ethz-b-000412154,Both,OK
"Ladd 2021 compilation (Li et al., 2019)",ETH Zurich: doi:10.3929/ethz-b-000412154,"HLS, Asia",36.0,110.15,897.0,-195.7,,Sediment/soil,Mixed vegetation,Mixed,-62.0,,-142.5,,,Asia,From Ladd et al. 2021 global compilation; compound: n-C29 alkane; CI95: 2,10.1029/2020JG005891,ETH Zurich: doi:10.3929/ethz-b-000412154,Both,OK
"Ladd 2021 compilation (Li et al., 2019)",ETH Zurich: doi:10.3929/ethz-b-000412154,"GLS, Asia",36.02,103.84,1999.0,-149.0,,Sediment/soil,Mixed vegetation,Mixed,-40.0,,-113.5,,,Asia,From Ladd et al. 2021 global compilation; compound: n-C29 alkane; CI95: 3,10.1029/2020JG005891,ETH Zurich: doi:10.3929/ethz-b-000412154,Both,OK
"Ladd 2021 compilation (Li et al., 2019)",ETH Zurich: doi:10.3929/ethz-b-000412154,"QY, Asia",36.08,107.82,1285.0,-178.8,,Sediment/soil,Mixed vegetation,Mixed,-66.0,,-120.8,,,Asia,From Ladd et al. 2021 global compilation; compound: n-C29 alkane; CI95: 2,10.1029/2020JG005891,ETH Zurich: doi:10.3929/ethz-b-000412154,Both,OK
"Ladd 2021 compilation (Li et al., 2019)",ETH Zurich: doi:10.3929/ethz-b-000412154,"ZWL, Asia",36.09,107.6,1148.0,-160.0,,Sediment/soil,Mixed vegetation,Mixed,-63.0,,-103.5,,,Asia,From Ladd et al. 2021 global compilation; compound: n-C29 alkane; CI95: 2,10.1029/2020JG005891,ETH Zurich: doi:10.3929/ethz-b-000412154,Both,OK
"Ladd 2021 compilation (Li et al., 2019)",ETH Zurich: doi:10.3929/ethz-b-000412154,"CZ, Asia",36.2,113.28,1028.0,-170.6,,Sediment/soil,Mixed vegetation,Mixed,-65.0,,-112.9,,,Asia,From Ladd et al. 2021 global compilation; compound: n-C29 alkane; CI95: 3,10.1029/2020JG005891,ETH Zurich: doi:10.3929/ethz-b-000412154,Both,OK
"Ladd 2021 compilation (Li et al., 2019)",ETH Zurich: doi:10.3929/ethz-b-000412154,"YA, Asia",36.37,109.56,1245.0,-166.0,,Sediment/soil,Mixed vegetation,Mixed,-67.0,,-106.1,,,Asia,From Ladd et al. 2021 global compilation; compound: n-C29 alkane; CI95: 2,10.1029/2020JG005891,ETH Zurich: doi:10.3929/ethz-b-000412154,Both,OK
"Ladd 2021 compilation (Li et al., 2019)",ETH Zurich: doi:10.3929/ethz-b-000412154,"JY, Asia",36.46,104.6,1720.0,-160.0,,Sediment/soil,Mixed vegetation,Mixed,-42.0,,-123.2,,,Asia,From Ladd et al. 2021 global compilation; compound: n-C29 alkane; CI95: 5,10.1029/2020JG005891,ETH Zurich: doi:10.3929/ethz-b-000412154,Both,OK
"Ladd 2021 compilation (Li et al., 2019)",ETH Zurich: doi:10.3929/ethz-b-000412154,"N03, Asia",36.57676667,109.4143667,1077.0,-173.9,,Sediment/soil,Mixed vegetation,Mixed,-63.0,,-118.4,,,Asia,From Ladd et al. 2021 global compilation; compound: n-C29 alkane; CI95: 2,10.1029/2020JG005891,ETH Zurich: doi:10.3929/ethz-b-000412154,Both,OK
"Ladd 2021 compilation (Li et al., 2019)",ETH Zurich: doi:10.3929/ethz-b-000412154,"JT, Asia",36.95,104.83,1743.0,-170.0,,Sediment/soil,Mixed vegetation,Mixed,-47.0,,-129.1,,,Asia,From Ladd et al. 2021 global compilation; compound: n-C29 alkane; CI95: 5,10.1029/2020JG005891,ETH Zurich: doi:10.3929/ethz-b-000412154,Both,OK
"Ladd 2021 compilation (Li et al., 2019)",ETH Zurich: doi:10.3929/ethz-b-000412154,"N04, Asia",37.29825,108.9454667,1427.0,-167.1,,Sediment/soil,Mixed vegetation,Mixed,-63.0,,-111.1,,,Asia,From Ladd et al. 2021 global compilation; compound: n-C29 alkane; CI95: 2,10.1029/2020JG005891,ETH Zurich: doi:10.3929/ethz-b-000412154,Both,OK
"Ladd 2021 compilation (Li et al., 2019)",ETH Zurich: doi:10.3929/ethz-b-000412154,"ZW3, Asia",37.36,104.1,1635.0,-152.1,,Sediment/soil,Mixed vegetation,Mixed,-43.0,,-114.0,,,Asia,From Ladd et al. 2021 global compilation; compound: n-C29 alkane; CI95: 4,10.1029/2020JG005891,ETH Zurich: doi:10.3929/ethz-b-000412154,Both,OK
"Ladd 2021 compilation (Li et al., 2019)",ETH Zurich: doi:10.3929/ethz-b-000412154,"ZW2, Asia",37.52,103.64,1850.0,-153.8,,Sediment/soil,Mixed vegetation,Mixed,-60.0,,-99.8,,,Asia,From Ladd et al. 2021 global compilation; compound: n-C29 alkane; CI95: 5,10.1029/2020JG005891,ETH Zurich: doi:10.3929/ethz-b-000412154,Both,OK
"Ladd 2021 compilation (Li et al., 2019)",ETH Zurich: doi:10.3929/ethz-b-000412154,"ZW1, Asia",37.64,103.14,1745.0,-155.9,,Sediment/soil,Mixed vegetation,Mixed,-43.0,,-118.0,,,Asia,From Ladd et al. 2021 global compilation; compound: n-C29 alkane; CI95: 4,10.1029/2020JG005891,ETH Zurich: doi:10.3929/ethz-b-000412154,Both,OK
"Ladd 2021 compilation (Li et al., 2019)",ETH Zurich: doi:10.3929/ethz-b-000412154,"N05, Asia",38.37526667,109.69765,1117.0,-162.4,,Sediment/soil,Mixed vegetation,Mixed,-58.0,,-110.8,,,Asia,From Ladd et al. 2021 global compilation; compound: n-C29 alkane; CI95: 1,10.1029/2020JG005891,ETH Zurich: doi:10.3929/ethz-b-000412154,Both,OK
"Ladd 2021 compilation (Li et al., 2019)",ETH Zurich: doi:10.3929/ethz-b-000412154,"ALSM1, Asia",38.97,105.66,1464.0,-148.8,,Sediment/soil,Mixed vegetation,Mixed,-51.0,,-103.1,,,Asia,From Ladd et al. 2021 global compilation; compound: n-C29 alkane; CI95: 3,10.1029/2020JG005891,ETH Zurich: doi:10.3929/ethz-b-000412154,Both,OK
"Ladd 2021 compilation (Li et al., 2019)",ETH Zurich: doi:10.3929/ethz-b-000412154,"ALSYQ1, Asia",39.01,101.2,1789.0,-147.9,,Sediment/soil,Mixed vegetation,Mixed,-44.0,,-108.7,,,Asia,From Ladd et al. 2021 global compilation; compound: n-C29 alkane; CI95: 1,10.1029/2020JG005891,ETH Zurich: doi:10.3929/ethz-b-000412154,Both,OK
"Ladd 2021 compilation (Li et al., 2019)",ETH Zurich: doi:10.3929/ethz-b-000412154,"ZY2, Asia",39.09,100.07,1604.0,-140.9,,Sediment/soil,Mixed vegetation,Mixed,-41.0,,-104.2,,,Asia,From Ladd et al. 2021 global compilation; compound: n-C29 alkane; CI95: 1,10.1029/2020JG005891,ETH Zurich: doi:10.3929/ethz-b-000412154,Both,OK
"Ladd 2021 compilation (Li et al., 2019)",ETH Zurich: doi:10.3929/ethz-b-000412154,"ALSYQ7, Asia",39.21,102.62,1443.0,-129.5,,Sediment/soil,Mixed vegetation,Mixed,-41.0,,-92.3,,,Asia,From Ladd et al. 2021 global compilation; compound: n-C29 alkane; CI95: 2,10.1029/2020JG005891,ETH Zurich: doi:10.3929/ethz-b-000412154,Both,OK
"Ladd 2021 compilation (Li et al., 2019)",ETH Zurich: doi:10.3929/ethz-b-000412154,"JQ8, Asia",39.27,99.34,1683.0,-128.1,,Sediment/soil,Mixed vegetation,Mixed,-41.0,,-90.8,,,Asia,From Ladd et al. 2021 global compilation; compound: n-C29 alkane; CI95: 1,10.1029/2020JG005891,ETH Zurich: doi:10.3929/ethz-b-000412154,Both,OK
"Ladd 2021 compilation (Li et al., 2019)",ETH Zurich: doi:10.3929/ethz-b-000412154,"N07, Asia",39.27311667,106.7305333,1160.0,-149.4,,Sediment/soil,Mixed vegetation,Mixed,-48.0,,-106.5,,,Asia,From Ladd et al. 2021 global compilation; compound: n-C29 alkane; CI95: 3,10.1029/2020JG005891,ETH Zurich: doi:10.3929/ethz-b-000412154,Both,OK
"Ladd 2021 compilation (Li et al., 2019)",ETH Zurich: doi:10.3929/ethz-b-000412154,"N06, Asia",39.37438333,108.2947333,1390.0,-163.4,,Sediment/soil,Mixed vegetation,Mixed,-54.0,,-115.6,,,Asia,From Ladd et al. 2021 global compilation; compound: n-C29 alkane; CI95: 2,10.1029/2020JG005891,ETH Zurich: doi:10.3929/ethz-b-000412154,Both,OK
"Ladd 2021 compilation (Li et al., 2019)",ETH Zurich: doi:10.3929/ethz-b-000412154,"ALSM2, Asia",39.4,105.69,1174.0,-152.0,,Sediment/soil,Mixed vegetation,Mixed,-48.0,,-109.2,,,Asia,From Ladd et al. 2021 global compilation; compound: n-C29 alkane; CI95: 3,10.1029/2020JG005891,ETH Zurich: doi:10.3929/ethz-b-000412154,Both,OK
"Ladd 2021 compilation (Li et al., 2019)",ETH Zurich: doi:10.3929/ethz-b-000412154,"JQ1, Asia",39.81,97.99,1749.0,-147.2,,Sediment/soil,Mixed vegetation,Mixed,-38.0,,-113.5,,,Asia,From Ladd et al. 2021 global compilation; compound: n-C29 alkane; CI95: 3,10.1029/2020JG005891,ETH Zurich: doi:10.3929/ethz-b-000412154,Both,OK
"Ladd 2021 compilation (Li et al., 2019)",ETH Zurich: doi:10.3929/ethz-b-000412154,"ALS, Asia",40.3,107.6,1142.0,-160.1,,Sediment/soil,Mixed vegetation,Mixed,-52.0,,-114.0,,,Asia,From Ladd et al. 2021 global compilation; compound: n-C29 alkane; CI95: 2,10.1029/2020JG005891,ETH Zurich: doi:10.3929/ethz-b-000412154,Both,OK
"Ladd 2021 compilation (Li et al., 2019)",ETH Zurich: doi:10.3929/ethz-b-000412154,"SEQ, Asia",40.59,110.44,1068.0,-163.2,,Sediment/soil,Mixed vegetation,Mixed,-53.0,,-116.4,,,Asia,From Ladd et al. 2021 global compilation; compound: n-C29 alkane; CI95: 1,10.1029/2020JG005891,ETH Zurich: doi:10.3929/ethz-b-000412154,Both,OK
"Ladd 2021 compilation (Li et al., 2019)",ETH Zurich: doi:10.3929/ethz-b-000412154,"DK, Asia",40.8,107.5,1078.0,-148.5,,Sediment/soil,Mixed vegetation,Mixed,-53.0,,-100.8,,,Asia,From Ladd et al. 2021 global compilation; compound: n-C29 alkane; CI95: 2,10.1029/2020JG005891,ETH Zurich: doi:10.3929/ethz-b-000412154,Both,OK
"Ladd 2021 compilation (Li et al., 2019)",ETH Zurich: doi:10.3929/ethz-b-000412154,"LC, Asia",40.92,112.9,1549.0,-172.2,,Sediment/soil,Mixed vegetation,Mixed,-71.0,,-108.9,,,Asia,From Ladd et al. 2021 global compilation; compound: n-C29 alkane; CI95: 7,10.1029/2020JG005891,ETH Zurich: doi:10.3929/ethz-b-000412154,Both,OK
"Ladd 2021 compilation (Lu et al., 2020)",ETH Zurich: doi:10.3929/ethz-b-000412154,"CB-02, Asia",42.05,127.685,883.0,-191.0,,Sediment/soil,Mixed vegetation,Mixed,-66.0,,-133.8,,,Asia,From Ladd et al. 2021 global compilation; compound: n-C29 alkane; CI95: 5,10.1029/2020JG005891,ETH Zurich: doi:10.3929/ethz-b-000412154,Both,OK
"Ladd 2021 compilation (Lu et al., 2020)",ETH Zurich: doi:10.3929/ethz-b-000412154,"CB-01, Asia",42.05,127.684,882.0,-195.0,,Sediment/soil,Mixed vegetation,Mixed,-66.0,,-138.1,,,Asia,From Ladd et al. 2021 global compilation; compound: n-C29 alkane; CI95: 5,10.1029/2020JG005891,ETH Zurich: doi:10.3929/ethz-b-000412154,Both,OK
"Ladd 2021 compilation (Lu et al., 2020)",ETH Zurich: doi:10.3929/ethz-b-000412154,"FS-03, Asia",42.228,127.403,703.0,-197.0,,Sediment/soil,Mixed vegetation,Mixed,-64.0,,-142.1,,,Asia,From Ladd et al. 2021 global compilation; compound: n-C29 alkane; CI95: 4,10.1029/2020JG005891,ETH Zurich: doi:10.3929/ethz-b-000412154,Both,OK
"Ladd 2021 compilation (Lu et al., 2020)",ETH Zurich: doi:10.3929/ethz-b-000412154,"BYQ-05, Asia",42.3,118.304,696.0,-191.0,,Sediment/soil,Mixed vegetation,Mixed,-71.0,,-129.2,,,Asia,From Ladd et al. 2021 global compilation; compound: n-C29 alkane; CI95: 6,10.1029/2020JG005891,ETH Zurich: doi:10.3929/ethz-b-000412154,Both,OK
"Ladd 2021 compilation (Lu et al., 2020)",ETH Zurich: doi:10.3929/ethz-b-000412154,"JY-01, Asia",42.373,126.859,601.0,-190.0,,Sediment/soil,Mixed vegetation,Mixed,-62.0,,-136.5,,,Asia,From Ladd et al. 2021 global compilation; compound: n-C29 alkane; CI95: 4,10.1029/2020JG005891,ETH Zurich: doi:10.3929/ethz-b-000412154,Both,OK
"Ladd 2021 compilation (Lu et al., 2020)",ETH Zurich: doi:10.3929/ethz-b-000412154,"JY-05, Asia",42.409,126.683,599.0,-195.0,,Sediment/soil,Mixed vegetation,Mixed,-62.0,,-141.8,,,Asia,From Ladd et al. 2021 global compilation; compound: n-C29 alkane; CI95: 4,10.1029/2020JG005891,ETH Zurich: doi:10.3929/ethz-b-000412154,Both,OK
"Ladd 2021 compilation (Lu et al., 2020)",ETH Zurich: doi:10.3929/ethz-b-000412154,"HN-01, Asia",42.627,126.253,340.0,-192.0,,Sediment/soil,Mixed vegetation,Mixed,-58.0,,-142.3,,,Asia,From Ladd et al. 2021 global compilation; compound: n-C29 alkane; CI95: 3,10.1029/2020JG005891,ETH Zurich: doi:10.3929/ethz-b-000412154,Both,OK
"Ladd 2021 compilation (Lu et al., 2020)",ETH Zurich: doi:10.3929/ethz-b-000412154,"HN-03, Asia",42.636,126.253,344.0,-184.0,,Sediment/soil,Mixed vegetation,Mixed,-59.0,,-132.8,,,Asia,From Ladd et al. 2021 global compilation; compound: n-C29 alkane; CI95: 3,10.1029/2020JG005891,ETH Zurich: doi:10.3929/ethz-b-000412154,Both,OK
"Ladd 2021 compilation (Lu et al., 2020)",ETH Zurich: doi:10.3929/ethz-b-000412154,"LY-02, Asia",42.967,124.886,255.0,-192.0,,Sediment/soil,Mixed vegetation,Mixed,-58.0,,-142.3,,,Asia,From Ladd et al. 2021 global compilation; compound: n-C29 alkane; CI95: 2,10.1029/2020JG005891,ETH Zurich: doi:10.3929/ethz-b-000412154,Both,OK
"Ladd 2021 compilation (Lu et al., 2020)",ETH Zurich: doi:10.3929/ethz-b-000412154,"LY-05, Asia",43.092,124.728,301.0,-190.0,,Sediment/soil,Mixed vegetation,Mixed,-59.0,,-139.2,,,Asia,From Ladd et al. 2021 global compilation; compound: n-C29 alkane; CI95: 2,10.1029/2020JG005891,ETH Zurich: doi:10.3929/ethz-b-000412154,Both,OK
"Ladd 2021 compilation (Lu et al., 2020)",ETH Zurich: doi:10.3929/ethz-b-000412154,"SP-01, Asia",43.208,124.136,135.0,-179.0,,Sediment/soil,Mixed vegetation,Mixed,-57.0,,-129.4,,,Asia,From Ladd et al. 2021 global compilation; compound: n-C29 alkane; CI95: 1,10.1029/2020JG005891,ETH Zurich: doi:10.3929/ethz-b-000412154,Both,OK
"Ladd 2021 compilation (Lu et al., 2020)",ETH Zurich: doi:10.3929/ethz-b-000412154,"SP-02, Asia",43.209,124.136,136.0,-173.0,,Sediment/soil,Mixed vegetation,Mixed,-57.0,,-123.0,,,Asia,From Ladd et al. 2021 global compilation; compound: n-C29 alkane; CI95: 1,10.1029/2020JG005891,ETH Zurich: doi:10.3929/ethz-b-000412154,Both,OK
"Ladd 2021 compilation (Lu et al., 2020)",ETH Zurich: doi:10.3929/ethz-b-000412154,"KQ-01, Asia",43.241,117.377,1136.0,-177.0,,Sediment/soil,Mixed vegetation,Mixed,-80.0,,-105.4,,,Asia,From Ladd et al. 2021 global compilation; compound: n-C29 alkane; CI95: 9,10.1029/2020JG005891,ETH Zurich: doi:10.3929/ethz-b-000412154,Both,OK
"Ladd 2021 compilation (Lu et al., 2020)",ETH Zurich: doi:10.3929/ethz-b-000412154,"KQ-05, Asia",43.241,117.377,1137.0,-186.0,,Sediment/soil,Mixed vegetation,Mixed,-80.0,,-115.2,,,Asia,From Ladd et al. 2021 global compilation; compound: n-C29 alkane; CI95: 9,10.1029/2020JG005891,ETH Zurich: doi:10.3929/ethz-b-000412154,Both,OK
"Ladd 2021 compilation (Lu et al., 2020)",ETH Zurich: doi:10.3929/ethz-b-000412154,"KQ-02, Asia",43.241,117.378,1135.0,-192.0,,Sediment/soil,Mixed vegetation,Mixed,-80.0,,-121.7,,,Asia,From Ladd et al. 2021 global compilation; compound: n-C29 alkane; CI95: 9,10.1029/2020JG005891,ETH Zurich: doi:10.3929/ethz-b-000412154,Both,OK
"Ladd 2021 compilation (Lu et al., 2020)",ETH Zurich: doi:10.3929/ethz-b-000412154,"BYQ-01, Asia",43.299,118.302,691.0,-196.0,,Sediment/soil,Mixed vegetation,Mixed,-73.0,,-132.7,,,Asia,From Ladd et al. 2021 global compilation; compound: n-C29 alkane; CI95: 7,10.1029/2020JG005891,ETH Zurich: doi:10.3929/ethz-b-000412154,Both,OK
"Ladd 2021 compilation (Lu et al., 2020)",ETH Zurich: doi:10.3929/ethz-b-000412154,"PS-02, Asia",43.335,125.976,298.0,-190.0,,Sediment/soil,Mixed vegetation,Mixed,-60.0,,-138.3,,,Asia,From Ladd et al. 2021 global compilation; compound: n-C29 alkane; CI95: 2,10.1029/2020JG005891,ETH Zurich: doi:10.3929/ethz-b-000412154,Both,OK
"Ladd 2021 compilation (Lu et al., 2020)",ETH Zurich: doi:10.3929/ethz-b-000412154,"TL-09, Asia",43.547,121.709,208.0,-177.0,,Sediment/soil,Mixed vegetation,Mixed,-63.0,,-121.7,,,Asia,From Ladd et al. 2021 global compilation; compound: n-C29 alkane; CI95: 2,10.1029/2020JG005891,ETH Zurich: doi:10.3929/ethz-b-000412154,Both,OK
"Ladd 2021 compilation (Lu et al., 2020)",ETH Zurich: doi:10.3929/ethz-b-000412154,"TL-07, Asia",43.624,121.787,200.0,-171.0,,Sediment/soil,Mixed vegetation,Mixed,-63.0,,-115.3,,,Asia,From Ladd et al. 2021 global compilation; compound: n-C29 alkane; CI95: 2,10.1029/2020JG005891,ETH Zurich: doi:10.3929/ethz-b-000412154,Both,OK
"Ladd 2021 compilation (Lu et al., 2020)",ETH Zurich: doi:10.3929/ethz-b-000412154,"TL-03, Asia",43.624,121.786,198.0,-178.0,,Sediment/soil,Mixed vegetation,Mixed,-63.0,,-122.7,,,Asia,From Ladd et al. 2021 global compilation; compound: n-C29 alkane; CI95: 2,10.1029/2020JG005891,ETH Zurich: doi:10.3929/ethz-b-000412154,Both,OK
"Ladd 2021 compilation (Lu et al., 2020)",ETH Zurich: doi:10.3929/ethz-b-000412154,"ET-03, Asia",43.64,112.297,972.0,-178.0,,Sediment/soil,Mixed vegetation,Mixed,-62.0,,-123.7,,,Asia,From Ladd et al. 2021 global compilation; compound: n-C29 alkane; CI95: 9,10.1029/2020JG005891,ETH Zurich: doi:10.3929/ethz-b-000412154,Both,OK
"Ladd 2021 compilation (Lu et al., 2020)",ETH Zurich: doi:10.3929/ethz-b-000412154,"KL-04, Asia",43.642,120.887,262.0,-184.0,,Sediment/soil,Mixed vegetation,Mixed,-66.0,,-126.3,,,Asia,From Ladd et al. 2021 global compilation; compound: n-C29 alkane; CI95: 4,10.1029/2020JG005891,ETH Zurich: doi:10.3929/ethz-b-000412154,Both,OK
"Ladd 2021 compilation (Lu et al., 2020)",ETH Zurich: doi:10.3929/ethz-b-000412154,"KL-01, Asia",43.647,120.94,259.0,-177.0,,Sediment/soil,Mixed vegetation,Mixed,-66.0,,-118.8,,,Asia,From Ladd et al. 2021 global compilation; compound: n-C29 alkane; CI95: 4,10.1029/2020JG005891,ETH Zurich: doi:10.3929/ethz-b-000412154,Both,OK
"Ladd 2021 compilation (Lu et al., 2020)",ETH Zurich: doi:10.3929/ethz-b-000412154,"XM-01, Asia",43.677,116.643,1183.0,-189.0,,Sediment/soil,Mixed vegetation,Mixed,-81.0,,-117.5,,,Asia,From Ladd et al. 2021 global compilation; compound: n-C29 alkane; CI95: 10,10.1029/2020JG005891,ETH Zurich: doi:10.3929/ethz-b-000412154,Both,OK
"Ladd 2021 compilation (Lu et al., 2020)",ETH Zurich: doi:10.3929/ethz-b-000412154,"TL-01, Asia",43.751,122.602,162.0,-176.0,,Sediment/soil,Mixed vegetation,Mixed,-61.0,,-122.5,,,Asia,From Ladd et al. 2021 global compilation; compound: n-C29 alkane; CI95: 1,10.1029/2020JG005891,ETH Zurich: doi:10.3929/ethz-b-000412154,Both,OK
"Ladd 2021 compilation (Lu et al., 2020)",ETH Zurich: doi:10.3929/ethz-b-000412154,"AQ-01, Asia",43.838,119.959,525.0,-202.0,,Sediment/soil,Mixed vegetation,Mixed,-71.0,,-141.0,,,Asia,From Ladd et al. 2021 global compilation; compound: n-C29 alkane; CI95: 5,10.1029/2020JG005891,ETH Zurich: doi:10.3929/ethz-b-000412154,Both,OK
"Ladd 2021 compilation (Lu et al., 2020)",ETH Zurich: doi:10.3929/ethz-b-000412154,"AQ-02, Asia",43.839,119.959,525.0,-172.0,,Sediment/soil,Mixed vegetation,Mixed,-71.0,,-108.7,,,Asia,From Ladd et al. 2021 global compilation; compound: n-C29 alkane; CI95: 5,10.1029/2020JG005891,ETH Zurich: doi:10.3929/ethz-b-000412154,Both,OK
"Ladd 2021 compilation (Lu et al., 2020)",ETH Zurich: doi:10.3929/ethz-b-000412154,"AQ-03, Asia",43.839,119.959,527.0,-185.0,,Sediment/soil,Mixed vegetation,Mixed,-71.0,,-122.7,,,Asia,From Ladd et al. 2021 global compilation; compound: n-C29 alkane; CI95: 5,10.1029/2020JG005891,ETH Zurich: doi:10.3929/ethz-b-000412154,Both,OK
"Ladd 2021 compilation (Lu et al., 2020)",ETH Zurich: doi:10.3929/ethz-b-000412154,"AQ-05, Asia",43.839,119.959,526.0,-212.0,,Sediment/soil,Mixed vegetation,Mixed,-71.0,,-151.8,,,Asia,From Ladd et al. 2021 global compilation; compound: n-C29 alkane; CI95: 5,10.1029/2020JG005891,ETH Zurich: doi:10.3929/ethz-b-000412154,Both,OK
"Ladd 2021 compilation (Lu et al., 2020)",ETH Zurich: doi:10.3929/ethz-b-000412154,"SNQ-02, Asia",43.843,113.79,1161.0,-184.0,,Sediment/soil,Mixed vegetation,Mixed,-70.0,,-122.6,,,Asia,From Ladd et al. 2021 global compilation; compound: n-C29 alkane; CI95: 11,10.1029/2020JG005891,ETH Zurich: doi:10.3929/ethz-b-000412154,Both,OK
"Ladd 2021 compilation (Lu et al., 2020)",ETH Zurich: doi:10.3929/ethz-b-000412154,"ABQ-03, Asia",43.989,114.843,1118.0,-174.0,,Sediment/soil,Mixed vegetation,Mixed,-75.0,,-107.0,,,Asia,From Ladd et al. 2021 global compilation; compound: n-C29 alkane; CI95: 11,10.1029/2020JG005891,ETH Zurich: doi:10.3929/ethz-b-000412154,Both,OK
"Ladd 2021 compilation (McFarlin et al., 2019)",ETH Zurich: doi:10.3929/ethz-b-000412154,"PLK, North America",63.8,-51.19,76.0,-206.1,,Sediment/soil,Mixed vegetation,Mixed,-107.0,7.0,-111.0,,,North America,From Ladd et al. 2021 global compilation; compound: n-C29 alkane; CI95: 7,10.1029/2020JG005891,ETH Zurich: doi:10.3929/ethz-b-000412154,Both,OK
"Ladd 2021 compilation (McFarlin et al., 2019)",ETH Zurich: doi:10.3929/ethz-b-000412154,"RTL5, North America",66.98,-50.92,65.0,-250.6,,Sediment/soil,Mixed vegetation,Mixed,-135.0,14.0,-133.6,,,North America,From Ladd et al. 2021 global compilation; compound: n-C29 alkane; CI95: 14,10.1029/2020JG005891,ETH Zurich: doi:10.3929/ethz-b-000412154,Both,OK
"Ladd 2021 compilation (McFarlin et al., 2019)",ETH Zurich: doi:10.3929/ethz-b-000412154,"RTL2, North America",67.14,-50.08,449.0,-224.3,,Sediment/soil,Mixed vegetation,Mixed,-148.0,11.0,-89.6,,,North America,From Ladd et al. 2021 global compilation; compound: n-C29 alkane; CI95: 11,10.1029/2020JG005891,ETH Zurich: doi:10.3929/ethz-b-000412154,Both,OK
Ladd 2021 compilation (Mugler et al 2008),ETH Zurich: doi:10.3929/ethz-b-000412154,"Tibet 4 (CJ), Asia",30.9,90.87,4718.0,-255.0,,Sediment/soil,Mixed vegetation,Mixed,-139.0,4.0,-134.7,,,Asia,From Ladd et al. 2021 global compilation; compound: n-C29 alkane; CI95: 4,10.1029/2020JG005891,ETH Zurich: doi:10.3929/ethz-b-000412154,Both,OK
"Ladd 2021 compilation (Nelson et al., 2018)",ETH Zurich: doi:10.3929/ethz-b-000412154,"Sarnen, Europe",46.869,8.219,469.0,-143.0,,Sediment/soil,Mixed vegetation,Mixed,-66.0,,-82.4,,,Europe,From Ladd et al. 2021 global compilation; compound: n-C29 alkane; CI95: 3,10.1029/2020JG005891,ETH Zurich: doi:10.3929/ethz-b-000412154,Computer v6,OK
"Ladd 2021 compilation (Nelson et al., 2018)",ETH Zurich: doi:10.3929/ethz-b-000412154,"Rot, Europe",47.07,8.314,419.0,-200.0,,Sediment/soil,Mixed vegetation,Mixed,-65.0,2.0,-144.4,,,Europe,From Ladd et al. 2021 global compilation; compound: n-C29 alkane; CI95: 2,10.1029/2020JG005891,ETH Zurich: doi:10.3929/ethz-b-000412154,Both,OK
"Ladd 2021 compilation (Nelson et al., 2018)",ETH Zurich: doi:10.3929/ethz-b-000412154,"Soppen, Europe",47.09,8.081,496.0,-200.6,,Sediment/soil,Mixed vegetation,Mixed,-68.0,1.0,-142.3,,,Europe,From Ladd et al. 2021 global compilation; compound: n-C29 alkane; CI95: 1,10.1029/2020JG005891,ETH Zurich: doi:10.3929/ethz-b-000412154,Both,OK
"Ladd 2021 compilation (Nelson et al., 2018)",ETH Zurich: doi:10.3929/ethz-b-000412154,"Mauen, Europe",47.171,8.076,522.0,-200.2,,Sediment/soil,Mixed vegetation,Mixed,-67.0,1.0,-142.8,,,Europe,From Ladd et al. 2021 global compilation; compound: n-C29 alkane; CI95: 1,10.1029/2020JG005891,ETH Zurich: doi:10.3929/ethz-b-000412154,Both,OK
"Ladd 2021 compilation (Nelson et al., 2018)",ETH Zurich: doi:10.3929/ethz-b-000412154,"Baldegg, Europe",47.2,8.26,463.0,-199.7,,Sediment/soil,Mixed vegetation,Mixed,-66.0,2.0,-143.1,,,Europe,From Ladd et al. 2021 global compilation; compound: n-C29 alkane; CI95: 2,10.1029/2020JG005891,ETH Zurich: doi:10.3929/ethz-b-000412154,Both,OK
"Ladd 2021 compilation (Nelson et al., 2018)",ETH Zurich: doi:10.3929/ethz-b-000412154,"Greifen, Europe",47.354,8.672,439.0,-193.2,,Sediment/soil,Mixed vegetation,Mixed,-66.0,2.0,-136.2,,,Europe,From Ladd et al. 2021 global compilation; compound: n-C29 alkane; CI95: 2,10.1029/2020JG005891,ETH Zurich: doi:10.3929/ethz-b-000412154,Both,OK
"Ladd 2021 compilation (Peterse et al., 2009)",ETH Zurich: doi:10.3929/ethz-b-000412154,"Mt Kilimanjaro, Africa",-3.0,37.0,1727.0,-114.0,,Sediment/soil,Mixed vegetation,Mixed,-23.0,,-93.1,,,Africa,From Ladd et al. 2021 global compilation; compound: n-C29 alkane; CI95: NA,10.1029/2020JG005891,ETH Zurich: doi:10.3929/ethz-b-000412154,Both,OK
"Ladd 2021 compilation (Peterse et al., 2009)",ETH Zurich: doi:10.3929/ethz-b-000412154,"Mt Kilimanjaro, Africa",-3.0,37.0,2239.0,-136.0,,Sediment/soil,Mixed vegetation,Mixed,-30.0,,-109.3,,,Africa,From Ladd et al. 2021 global compilation; compound: n-C29 alkane; CI95: NA,10.1029/2020JG005891,ETH Zurich: doi:10.3929/ethz-b-000412154,Both,OK
"Ladd 2021 compilation (Peterse et al., 2009)",ETH Zurich: doi:10.3929/ethz-b-000412154,"Mt Kilimanjaro, Africa",-3.0,37.0,2124.0,-140.0,,Sediment/soil,Mixed vegetation,Mixed,-29.0,,-114.3,,,Africa,From Ladd et al. 2021 global compilation; compound: n-C29 alkane; CI95: NA,10.1029/2020JG005891,ETH Zurich: doi:10.3929/ethz-b-000412154,Both,OK
"Ladd 2021 compilation (Peterse et al., 2009)",ETH Zurich: doi:10.3929/ethz-b-000412154,"Mt Kilimanjaro, Africa",-3.0,37.0,2999.0,-144.0,,Sediment/soil,Mixed vegetation,Mixed,-41.0,,-107.4,,,Africa,From Ladd et al. 2021 global compilation; compound: n-C29 alkane; CI95: NA,10.1029/2020JG005891,ETH Zurich: doi:10.3929/ethz-b-000412154,Both,OK
"Ladd 2021 compilation (Peterse et al., 2009)",ETH Zurich: doi:10.3929/ethz-b-000412154,"Mt Kilimanjaro, Africa",-3.0,37.0,2764.0,-149.0,,Sediment/soil,Mixed vegetation,Mixed,-38.0,,-115.4,,,Africa,From Ladd et al. 2021 global compilation; compound: n-C29 alkane; CI95: NA,10.1029/2020JG005891,ETH Zurich: doi:10.3929/ethz-b-000412154,Both,OK
"Ladd 2021 compilation (Peterse et al., 2009)",ETH Zurich: doi:10.3929/ethz-b-000412154,"Mt Kilimanjaro, Africa",-3.0,37.0,2068.0,-152.0,,Sediment/soil,Mixed vegetation,Mixed,-28.0,,-127.6,,,Africa,From Ladd et al. 2021 global compilation; compound: n-C29 alkane; CI95: NA,10.1029/2020JG005891,ETH Zurich: doi:10.3929/ethz-b-000412154,Both,OK
"Ladd 2021 compilation (Peterse et al., 2009)",ETH Zurich: doi:10.3929/ethz-b-000412154,"Mt Kilimanjaro, Africa",-3.0,37.0,1967.0,-156.0,,Sediment/soil,Mixed vegetation,Mixed,-27.0,,-132.6,,,Africa,From Ladd et al. 2021 global compilation; compound: n-C29 alkane; CI95: NA,10.1029/2020JG005891,ETH Zurich: doi:10.3929/ethz-b-000412154,Both,OK
"Ladd 2021 compilation (Polissar & Freeman, 2010)",ETH Zurich: doi:10.3929/ethz-b-000412154,"Laguna Potosi, South America",-19.64,-65.69,4640.0,-206.0,,Sediment/soil,Mixed vegetation,Mixed,-112.0,,-105.9,,,South America,From Ladd et al. 2021 global compilation; compound: n-C29 alkane; CI95: 4,10.1029/2020JG005891,ETH Zurich: doi:10.3929/ethz-b-000412154,Computer v6,OK
"Ladd 2021 compilation (Polissar & Freeman, 2010)",ETH Zurich: doi:10.3929/ethz-b-000412154,"Lago Taypi Chaka Kkota, South America",-16.2,-68.35,4300.0,-228.0,,Sediment/soil,Mixed vegetation,Mixed,-105.0,,-137.4,,,South America,From Ladd et al. 2021 global compilation; compound: n-C29 alkane; CI95: 5,10.1029/2020JG005891,ETH Zurich: doi:10.3929/ethz-b-000412154,Computer v6,OK
"Ladd 2021 compilation (Polissar & Freeman, 2010)",ETH Zurich: doi:10.3929/ethz-b-000412154,"Laguna Los Lirios, South America",8.31,-71.82,2305.0,-164.0,,Sediment/soil,Mixed vegetation,Mixed,-67.0,,-104.0,,,South America,From Ladd et al. 2021 global compilation; compound: n-C29 alkane; CI95: 5,10.1029/2020JG005891,ETH Zurich: doi:10.3929/ethz-b-000412154,Computer v6,OK
"Ladd 2021 compilation (Polissar & Freeman, 2010)",ETH Zurich: doi:10.3929/ethz-b-000412154,"Laguna de La Pata, South America",8.65,-70.93,3980.0,-189.0,,Sediment/soil,Mixed vegetation,Mixed,-91.0,,-107.8,,,South America,From Ladd et al. 2021 global compilation; compound: n-C29 alkane; CI95: 13,10.1029/2020JG005891,ETH Zurich: doi:10.3929/ethz-b-000412154,Computer v6,OK
"Ladd 2021 compilation (Polissar & Freeman, 2010)",ETH Zurich: doi:10.3929/ethz-b-000412154,"Laguna Misteque, South America",8.72,-70.88,3804.0,-196.0,,Sediment/soil,Mixed vegetation,Mixed,-88.0,12.0,-118.4,,,South America,From Ladd et al. 2021 global compilation; compound: n-C29 alkane; CI95: 12,10.1029/2020JG005891,ETH Zurich: doi:10.3929/ethz-b-000412154,Both,OK
"Ladd 2021 compilation (Polissar & Freeman, 2010)",ETH Zurich: doi:10.3929/ethz-b-000412154,"Laguna Michurao Alto, South America",8.73,-70.86,3738.0,-188.0,,Sediment/soil,Mixed vegetation,Mixed,-87.0,12.0,-110.6,,,South America,From Ladd et al. 2021 global compilation; compound: n-C29 alkane; CI95: 12,10.1029/2020JG005891,ETH Zurich: doi:10.3929/ethz-b-000412154,Both,OK
"Ladd 2021 compilation (Polissar & Freeman, 2010)",ETH Zurich: doi:10.3929/ethz-b-000412154,"Laguna Royal ¢___D¢__¥, South America",8.73,-70.87,3764.0,-199.0,,Sediment/soil,Mixed vegetation,Mixed,-87.0,12.0,-122.7,,,South America,From Ladd et al. 2021 global compilation; compound: n-C29 alkane; CI95: 12,10.1029/2020JG005891,ETH Zurich: doi:10.3929/ethz-b-000412154,Both,OK
"Ladd 2021 compilation (Polissar & Freeman, 2010)",ETH Zurich: doi:10.3929/ethz-b-000412154,"Laguna Arenales Alta, South America",8.73,-71.19,4005.0,-186.0,,Sediment/soil,Mixed vegetation,Mixed,-93.0,12.0,-102.5,,,South America,From Ladd et al. 2021 global compilation; compound: n-C29 alkane; CI95: 13,10.1029/2020JG005891,ETH Zurich: doi:10.3929/ethz-b-000412154,Both,OK
"Ladd 2021 compilation (Polissar & Freeman, 2010)",ETH Zurich: doi:10.3929/ethz-b-000412154,"Laguna Negra, South America",8.79,-70.81,3460.0,-177.0,,Sediment/soil,Mixed vegetation,Mixed,-82.0,,-103.5,,,South America,From Ladd et al. 2021 global compilation; compound: n-C29 alkane; CI95: 11,10.1029/2020JG005891,ETH Zurich: doi:10.3929/ethz-b-000412154,Computer v6,OK
"Ladd 2021 compilation (Polissar & Freeman, 2010)",ETH Zurich: doi:10.3929/ethz-b-000412154,"Laguna Mucubaji, South America",8.8,-70.83,3570.0,-192.0,,Sediment/soil,Mixed vegetation,Mixed,-84.0,11.0,-117.9,,,South America,From Ladd et al. 2021 global compilation; compound: n-C29 alkane; CI95: 11,10.1029/2020JG005891,ETH Zurich: doi:10.3929/ethz-b-000412154,Both,OK
"Ladd 2021 compilation (Polissar & Freeman, 2010)",ETH Zurich: doi:10.3929/ethz-b-000412154,"Laguna Grande delos Patos, South America",8.81,-70.95,4190.0,-191.0,,Sediment/soil,Mixed vegetation,Mixed,-95.0,,-106.1,,,South America,From Ladd et al. 2021 global compilation; compound: n-C29 alkane; CI95: 14,10.1029/2020JG005891,ETH Zurich: doi:10.3929/ethz-b-000412154,Computer v6,OK
"Ladd 2021 compilation (Polissar & Freeman, 2010)",ETH Zurich: doi:10.3929/ethz-b-000412154,"Laguna La Cura, South America",8.81,-70.95,4230.0,-187.0,,Sediment/soil,Mixed vegetation,Mixed,-95.0,14.0,-101.7,,,South America,From Ladd et al. 2021 global compilation; compound: n-C29 alkane; CI95: 14,10.1029/2020JG005891,ETH Zurich: doi:10.3929/ethz-b-000412154,Both,OK
"Ladd 2021 compilation (Polissar & Freeman, 2010)",ETH Zurich: doi:10.3929/ethz-b-000412154,"Laguna Verdes Baja, South America",8.86,-70.87,4170.0,-185.0,,Sediment/soil,Mixed vegetation,Mixed,-94.0,,-100.4,,,South America,From Ladd et al. 2021 global compilation; compound: n-C29 alkane; CI95: 14,10.1029/2020JG005891,ETH Zurich: doi:10.3929/ethz-b-000412154,Computer v6,OK
"Ladd 2021 compilation (Polissar & Freeman, 2010)",ETH Zurich: doi:10.3929/ethz-b-000412154,"Laguna Verdes Medio, South America",8.86,-70.87,4192.0,-180.0,,Sediment/soil,Mixed vegetation,Mixed,-94.0,14.0,-94.9,,,South America,From Ladd et al. 2021 global compilation; compound: n-C29 alkane; CI95: 14,10.1029/2020JG005891,ETH Zurich: doi:10.3929/ethz-b-000412154,Both,OK
"Ladd 2021 compilation (Polissar & Freeman, 2010)",ETH Zurich: doi:10.3929/ethz-b-000412154,"Laguna Zapatera, North America",11.77,-85.85,32.0,-159.0,,Sediment/soil,Mixed vegetation,Mixed,-32.0,2.0,-131.2,,,North America,From Ladd et al. 2021 global compilation; compound: n-C29 alkane; CI95: 2,10.1029/2020JG005891,ETH Zurich: doi:10.3929/ethz-b-000412154,Both,OK
"Ladd 2021 compilation (Polissar & Freeman, 2010)",ETH Zurich: doi:10.3929/ethz-b-000412154,"Owens Lake, North America",36.49,-117.89,1147.0,-191.0,,Sediment/soil,Mixed vegetation,Mixed,-85.0,4.0,-115.8,,,North America,From Ladd et al. 2021 global compilation; compound: n-C29 alkane; CI95: 4,10.1029/2020JG005891,ETH Zurich: doi:10.3929/ethz-b-000412154,Both,OK
"Ladd 2021 compilation (Polissar & Freeman, 2010)",ETH Zurich: doi:10.3929/ethz-b-000412154,"Lake Crowley, North America",37.58,-118.73,2058.0,-238.0,,Sediment/soil,Mixed vegetation,Mixed,-103.0,,-150.5,,,North America,From Ladd et al. 2021 global compilation; compound: n-C29 alkane; CI95: 2,10.1029/2020JG005891,ETH Zurich: doi:10.3929/ethz-b-000412154,Computer v6,OK
"Ladd 2021 compilation (Polissar & Freeman, 2010)",ETH Zurich: doi:10.3929/ethz-b-000412154,"Mono Lake, North America",37.94,-119.03,1899.0,-194.0,,Sediment/soil,Mixed vegetation,Mixed,-99.0,2.0,-105.4,,,North America,From Ladd et al. 2021 global compilation; compound: n-C29 alkane; CI95: 2,10.1029/2020JG005891,ETH Zurich: doi:10.3929/ethz-b-000412154,Both,OK
"Ladd 2021 compilation (Polissar & Freeman, 2010)",ETH Zurich: doi:10.3929/ethz-b-000412154,"Emerald Lake, North America",39.07,-111.49,3093.0,-204.0,,Sediment/soil,Mixed vegetation,Mixed,-120.0,,-95.5,,,North America,From Ladd et al. 2021 global compilation; compound: n-C29 alkane; CI95: 5,10.1029/2020JG005891,ETH Zurich: doi:10.3929/ethz-b-000412154,Computer v6,OK
"Ladd 2021 compilation (Polissar & Freeman, 2010)",ETH Zurich: doi:10.3929/ethz-b-000412154,"S. Grizzly Lake, North America",39.69,-107.33,3239.0,-206.0,,Sediment/soil,Mixed vegetation,Mixed,-111.0,,-106.9,,,North America,From Ladd et al. 2021 global compilation; compound: n-C29 alkane; CI95: 4,10.1029/2020JG005891,ETH Zurich: doi:10.3929/ethz-b-000412154,Computer v6,OK
"Ladd 2021 compilation (Polissar & Freeman, 2010)",ETH Zurich: doi:10.3929/ethz-b-000412154,"Blue (Eagle) Lake, North America",39.75,-106.76,2536.0,-208.0,,Sediment/soil,Mixed vegetation,Mixed,-98.0,,-122.0,,,North America,From Ladd et al. 2021 global compilation; compound: n-C29 alkane; CI95: 1,10.1029/2020JG005891,ETH Zurich: doi:10.3929/ethz-b-000412154,Computer v6,OK
"Ladd 2021 compilation (Polissar & Freeman, 2010)",ETH Zurich: doi:10.3929/ethz-b-000412154,"Bison Lake, North America",39.76,-107.34,3276.0,-206.0,,Sediment/soil,Mixed vegetation,Mixed,-112.0,,-105.9,,,North America,From Ladd et al. 2021 global compilation; compound: n-C29 alkane; CI95: 4,10.1029/2020JG005891,ETH Zurich: doi:10.3929/ethz-b-000412154,Computer v6,OK
"Ladd 2021 compilation (Polissar & Freeman, 2010)",ETH Zurich: doi:10.3929/ethz-b-000412154,"Waddell Lake, North America",48.43,-120.82,1500.0,-217.0,,Sediment/soil,Mixed vegetation,Mixed,-109.0,,-121.2,,,North America,From Ladd et al. 2021 global compilation; compound: n-C29 alkane; CI95: 5,10.1029/2020JG005891,ETH Zurich: doi:10.3929/ethz-b-000412154,Computer v6,OK
"Ladd 2021 compilation (Polissar & Freeman, 2010)",ETH Zurich: doi:10.3929/ethz-b-000412154,"Rainy Lake, North America",48.5,-120.73,1460.0,-210.0,,Sediment/soil,Mixed vegetation,Mixed,-111.0,,-111.4,,,North America,From Ladd et al. 2021 global compilation; compound: n-C29 alkane; CI95: 5,10.1029/2020JG005891,ETH Zurich: doi:10.3929/ethz-b-000412154,Computer v6,OK
"Ladd 2021 compilation (Polissar & Freeman, 2010)",ETH Zurich: doi:10.3929/ethz-b-000412154,"Berdeen Lake, North America",48.71,-121.47,1561.0,-200.0,,Sediment/soil,Mixed vegetation,Mixed,-105.0,6.0,-106.1,,,North America,From Ladd et al. 2021 global compilation; compound: n-C29 alkane; CI95: 6,10.1029/2020JG005891,ETH Zurich: doi:10.3929/ethz-b-000412154,Both,OK
"Ladd 2021 compilation (Sachse et al., 2004)",ETH Zurich: doi:10.3929/ethz-b-000412154,"Lago Gradnde di Monticchio, Europe",40.92,15.61,674.0,-180.0,,Sediment/soil,Mixed vegetation,Mixed,-48.0,,-138.7,,,Europe,From Ladd et al. 2021 global compilation; compound: n-C29 alkane; CI95: 1,10.1029/2020JG005891,ETH Zurich: doi:10.3929/ethz-b-000412154,Computer v6,OK
"Ladd 2021 compilation (Sachse et al., 2004)",ETH Zurich: doi:10.3929/ethz-b-000412154,"Lago di Mezzano, Europe",42.62,11.77,466.0,-167.0,,Sediment/soil,Mixed vegetation,Mixed,-41.0,,-131.4,,,Europe,From Ladd et al. 2021 global compilation; compound: n-C29 alkane; CI95: 1,10.1029/2020JG005891,ETH Zurich: doi:10.3929/ethz-b-000412154,Computer v6,OK
"Ladd 2021 compilation (Sachse et al., 2004)",ETH Zurich: doi:10.3929/ethz-b-000412154,"Lago di Massachiucoli, Europe",43.84,10.32,18.0,-159.0,,Sediment/soil,Mixed vegetation,Mixed,-36.0,,-127.6,,,Europe,From Ladd et al. 2021 global compilation; compound: n-C29 alkane; CI95: 2,10.1029/2020JG005891,ETH Zurich: doi:10.3929/ethz-b-000412154,Computer v6,OK
"Ladd 2021 compilation (Sachse et al., 2004)",ETH Zurich: doi:10.3929/ethz-b-000412154,"Holzmaar, Europe",50.12,6.87,436.0,-198.0,,Sediment/soil,Mixed vegetation,Mixed,-56.0,,-150.4,,,Europe,From Ladd et al. 2021 global compilation; compound: n-C29 alkane; CI95: 2,10.1029/2020JG005891,ETH Zurich: doi:10.3929/ethz-b-000412154,Computer v6,OK
"Ladd 2021 compilation (Sachse et al., 2004)",ETH Zurich: doi:10.3929/ethz-b-000412154,"Grystinge, Europe",55.56,11.68,30.0,-201.0,,Sediment/soil,Mixed vegetation,Mixed,-65.0,,-145.5,,,Europe,From Ladd et al. 2021 global compilation; compound: n-C29 alkane; CI95: 1,10.1029/2020JG005891,ETH Zurich: doi:10.3929/ethz-b-000412154,Computer v6,OK
"Ladd 2021 compilation (Sachse et al., 2004)",ETH Zurich: doi:10.3929/ethz-b-000412154,"P¥_¥_jarvi, Europe",61.06,25.09,151.0,-205.0,,Sediment/soil,Mixed vegetation,Mixed,-88.0,,-128.3,,,Europe,From Ladd et al. 2021 global compilation; compound: n-C29 alkane; CI95: 1,10.1029/2020JG005891,ETH Zurich: doi:10.3929/ethz-b-000412154,Computer v6,OK
"Ladd 2021 compilation (Sachse et al., 2004)",ETH Zurich: doi:10.3929/ethz-b-000412154,"Syrj¥_nalunen, Europe",61.18,25.13,156.0,-207.0,,Sediment/soil,Mixed vegetation,Mixed,-88.0,,-130.5,,,Europe,From Ladd et al. 2021 global compilation; compound: n-C29 alkane; CI95: 1,10.1029/2020JG005891,ETH Zurich: doi:10.3929/ethz-b-000412154,Computer v6,OK
"Ladd 2021 compilation (Sachse et al., 2004)",ETH Zurich: doi:10.3929/ethz-b-000412154,"Kiuvaj¥_rvi, Europe",61.84,24.27,149.0,-205.0,,Sediment/soil,Mixed vegetation,Mixed,-89.0,,-127.3,,,Europe,From Ladd et al. 2021 global compilation; compound: n-C29 alkane; CI95: 1,10.1029/2020JG005891,ETH Zurich: doi:10.3929/ethz-b-000412154,Computer v6,OK
"Ladd 2021 compilation (Sachse et al., 2004)",ETH Zurich: doi:10.3929/ethz-b-000412154,"Tunturilampi, Europe",67.35,27.17,293.0,-227.0,,Sediment/soil,Mixed vegetation,Mixed,-99.0,,-142.1,,,Europe,From Ladd et al. 2021 global compilation; compound: n-C29 alkane; CI95: 1,10.1029/2020JG005891,ETH Zurich: doi:10.3929/ethz-b-000412154,Computer v6,OK
"Ladd 2021 compilation (Sachse et al., 2004)",ETH Zurich: doi:10.3929/ethz-b-000412154,"Hirvii¥_nkurunlampi, Europe",67.37,26.86,178.0,-215.0,,Sediment/soil,Mixed vegetation,Mixed,-98.0,,-129.7,,,Europe,From Ladd et al. 2021 global compilation; compound: n-C29 alkane; CI95: 3,10.1029/2020JG005891,ETH Zurich: doi:10.3929/ethz-b-000412154,Computer v6,OK
"Ladd 2021 compilation (Sachse et al., 2004)",ETH Zurich: doi:10.3929/ethz-b-000412154,"Keitjoru, Europe",68.67,21.51,428.0,-230.0,,Sediment/soil,Mixed vegetation,Mixed,-114.0,,-130.9,,,Europe,From Ladd et al. 2021 global compilation; compound: n-C29 alkane; CI95: 2,10.1029/2020JG005891,ETH Zurich: doi:10.3929/ethz-b-000412154,Computer v6,OK
"Ladd 2021 compilation (Sachse et al., 2004)",ETH Zurich: doi:10.3929/ethz-b-000412154,"Oikoj¥_rvi, Europe",68.84,21.17,463.0,-221.0,,Sediment/soil,Mixed vegetation,Mixed,-115.0,,-119.8,,,Europe,From Ladd et al. 2021 global compilation; compound: n-C29 alkane; CI95: 2,10.1029/2020JG005891,ETH Zurich: doi:10.3929/ethz-b-000412154,Computer v6,OK
"Ladd 2021 compilation (Schwab et al., 2015)",ETH Zurich: doi:10.3929/ethz-b-000412154,"OSSA, Africa",3.77,10.0,17.0,-152.0,,Sediment/soil,Mixed vegetation,Mixed,-14.0,,-140.0,,,Africa,From Ladd et al. 2021 global compilation; compound: n-C29 alkane; CI95: 1,10.1029/2020JG005891,ETH Zurich: doi:10.3929/ethz-b-000412154,Computer v6,OK
"Ladd 2021 compilation (Schwab et al., 2015)",ETH Zurich: doi:10.3929/ethz-b-000412154,"DEBU, Africa",4.1,8.98,70.0,-166.0,,Sediment/soil,Mixed vegetation,Mixed,-14.0,,-154.2,,,Africa,From Ladd et al. 2021 global compilation; compound: n-C29 alkane; CI95: 0,10.1029/2020JG005891,ETH Zurich: doi:10.3929/ethz-b-000412154,Computer v6,OK
"Ladd 2021 compilation (Schwab et al., 2015)",ETH Zurich: doi:10.3929/ethz-b-000412154,"BARO, Africa",4.65,9.41,304.0,-148.0,,Sediment/soil,Mixed vegetation,Mixed,-17.0,,-133.3,,,Africa,From Ladd et al. 2021 global compilation; compound: n-C29 alkane; CI95: 3,10.1029/2020JG005891,ETH Zurich: doi:10.3929/ethz-b-000412154,Computer v6,OK
"Ladd 2021 compilation (Schwab et al., 2015)",ETH Zurich: doi:10.3929/ethz-b-000412154,"TIZO, Africa",7.25,13.58,1155.0,-170.0,,Sediment/soil,Mixed vegetation,Mixed,-27.0,,-147.0,,,Africa,From Ladd et al. 2021 global compilation; compound: n-C29 alkane; CI95: 4,10.1029/2020JG005891,ETH Zurich: doi:10.3929/ethz-b-000412154,Computer v6,OK
"Ladd 2021 compilation (Schwab et al., 2015)",ETH Zurich: doi:10.3929/ethz-b-000412154,"MAMG, Africa",8.39,13.71,322.0,-181.0,,Sediment/soil,Mixed vegetation,Mixed,-22.0,,-162.6,,,Africa,From Ladd et al. 2021 global compilation; compound: n-C29 alkane; CI95: 10,10.1029/2020JG005891,ETH Zurich: doi:10.3929/ethz-b-000412154,Computer v6,OK
"Ladd 2021 compilation (Schwab et al., 2015)",ETH Zurich: doi:10.3929/ethz-b-000412154,"RHUM, Africa",10.51,13.58,1028.0,-184.0,,Sediment/soil,Mixed vegetation,Mixed,-33.0,,-156.2,,,Africa,From Ladd et al. 2021 global compilation; compound: n-C29 alkane; CI95: 5,10.1029/2020JG005891,ETH Zurich: doi:10.3929/ethz-b-000412154,Computer v6,OK
"Ladd 2021 compilation (Schwab et al., 2015)",ETH Zurich: doi:10.3929/ethz-b-000412154,"MORA, Africa",11.05,14.15,438.0,-188.0,,Sediment/soil,Mixed vegetation,Mixed,-23.0,,-168.9,,,Africa,From Ladd et al. 2021 global compilation; compound: n-C29 alkane; CI95: 3,10.1029/2020JG005891,ETH Zurich: doi:10.3929/ethz-b-000412154,Computer v6,OK
"Ladd 2021 compilation (Wang et al., 2017)",ETH Zurich: doi:10.3929/ethz-b-000412154,"Tibetan plateau, Asia",31.4,96.4,3969.0,-240.0,,Sediment/soil,Mixed vegetation,Mixed,-113.0,,-143.2,,,Asia,From Ladd et al. 2021 global compilation; compound: n-C29 alkane; CI95: 5,10.1029/2020JG005891,ETH Zurich: doi:10.3929/ethz-b-000412154,Both,OK
"Ladd 2021 compilation (Wu et al., 2019)",ETH Zurich: doi:10.3929/ethz-b-000412154,"Wayquecha, South America",-13.19255,-71.58795,3015.0,-203.0,,Sediment/soil,Mixed vegetation,Mixed,-116.0,,-98.4,,,South America,From Ladd et al. 2021 global compilation; compound: n-C29 alkane; CI95: 16,10.1029/2020JG005891,ETH Zurich: doi:10.3929/ethz-b-000412154,Both,OK
"Ladd 2021 compilation (Wu et al., 2019)",ETH Zurich: doi:10.3929/ethz-b-000412154,"San Pedro, South America",-13.049,-71.537,1500.0,-181.0,,Sediment/soil,Mixed vegetation,Mixed,-92.0,,-98.0,,,South America,From Ladd et al. 2021 global compilation; compound: n-C29 alkane; CI95: 21,10.1029/2020JG005891,ETH Zurich: doi:10.3929/ethz-b-000412154,Both,OK
"Ladd 2021 compilation (Wu et al., 2019)",ETH Zurich: doi:10.3929/ethz-b-000412154,"Villa Carmne, South America",-12.8961,-71.4183,614.0,-184.0,,Sediment/soil,Mixed vegetation,Mixed,-77.0,,-115.9,,,South America,From Ladd et al. 2021 global compilation; compound: n-C29 alkane; CI95: 24,10.1029/2020JG005891,ETH Zurich: doi:10.3929/ethz-b-000412154,Both,OK
"Ladd 2021 compilation (Wu et al., 2019)",ETH Zurich: doi:10.3929/ethz-b-000412154,"Los Amigos, South America",-12.5588,-70.0993,286.0,-173.0,,Sediment/soil,Mixed vegetation,Mixed,-63.0,,-117.4,,,South America,From Ladd et al. 2021 global compilation; compound: n-C29 alkane; CI95: 20,10.1029/2020JG005891,ETH Zurich: doi:10.3929/ethz-b-000412154,Both,OK
"Ladd 2021 compilation (van der Veen et al., 2020)",ETH Zurich: doi:10.3929/ethz-b-000412154,"ARU11106SoA, Asia",26.81,87.22,225.0,-148.4,,Sediment/soil,Mixed vegetation,Mixed,-36.0,,-116.6,,,Asia,From Ladd et al. 2021 global compilation; compound: n-C29 alkane; CI95: 16,10.1029/2020JG005891,ETH Zurich: doi:10.3929/ethz-b-000412154,Both,OK
"Ladd 2021 compilation (van der Veen et al., 2020)",ETH Zurich: doi:10.3929/ethz-b-000412154,"ARU11004So, Asia",27.35,87.19,315.0,-115.7,,Sediment/soil,Mixed vegetation,Mixed,-37.0,,-81.7,,,Asia,From Ladd et al. 2021 global compilation; compound: n-C29 alkane; CI95: 16,10.1029/2020JG005891,ETH Zurich: doi:10.3929/ethz-b-000412154,Both,OK
"Ladd 2021 compilation (van der Veen et al., 2020)",ETH Zurich: doi:10.3929/ethz-b-000412154,"ARU11011So, Asia",27.39,87.13,412.0,-128.2,,Sediment/soil,Mixed vegetation,Mixed,-38.0,,-93.8,,,Asia,From Ladd et al. 2021 global compilation; compound: n-C29 alkane; CI95: 15,10.1029/2020JG005891,ETH Zurich: doi:10.3929/ethz-b-000412154,Both,OK
"Ladd 2021 compilation (van der Veen et al., 2020)",ETH Zurich: doi:10.3929/ethz-b-000412154,"ARU11020So, Asia",27.47,87.15,448.0,-147.2,,Sediment/soil,Mixed vegetation,Mixed,-39.0,,-112.6,,,Asia,From Ladd et al. 2021 global compilation; compound: n-C29 alkane; CI95: 15,10.1029/2020JG005891,ETH Zurich: doi:10.3929/ethz-b-000412154,Both,OK
"Ladd 2021 compilation (van der Veen et al., 2020)",ETH Zurich: doi:10.3929/ethz-b-000412154,"ARU11034SoA, Asia",27.52,87.2,708.0,-159.3,,Sediment/soil,Mixed vegetation,Mixed,-43.0,,-121.5,,,Asia,From Ladd et al. 2021 global compilation; compound: n-C29 alkane; CI95: 14,10.1029/2020JG005891,ETH Zurich: doi:10.3929/ethz-b-000412154,Both,OK
"Ladd 2021 compilation (van der Veen et al., 2020)",ETH Zurich: doi:10.3929/ethz-b-000412154,"ARU12136So, Asia",27.62,87.24,2006.0,-173.3,,Sediment/soil,Mixed vegetation,Mixed,-63.0,,-117.7,,,Asia,From Ladd et al. 2021 global compilation; compound: n-C29 alkane; CI95: 8,10.1029/2020JG005891,ETH Zurich: doi:10.3929/ethz-b-000412154,Both,OK
"Ladd 2021 compilation (van der Veen et al., 2020)",ETH Zurich: doi:10.3929/ethz-b-000412154,"ARU12037So, Asia",27.67,87.36,1080.0,-173.5,,Sediment/soil,Mixed vegetation,Mixed,-49.0,,-130.9,,,Asia,From Ladd et al. 2021 global compilation; compound: n-C29 alkane; CI95: 12,10.1029/2020JG005891,ETH Zurich: doi:10.3929/ethz-b-000412154,Both,OK
"Ladd 2021 compilation (van der Veen et al., 2020)",ETH Zurich: doi:10.3929/ethz-b-000412154,"ARU12068So, Asia",27.75,87.41,2091.0,-178.6,,Sediment/soil,Mixed vegetation,Mixed,-65.0,,-121.5,,,Asia,From Ladd et al. 2021 global compilation; compound: n-C29 alkane; CI95: 8,10.1029/2020JG005891,ETH Zurich: doi:10.3929/ethz-b-000412154,Both,OK
"Ladd 2021 compilation (van der Veen et al., 2020)",ETH Zurich: doi:10.3929/ethz-b-000412154,"ARU12090So, Asia",27.81,87.42,2578.0,-182.6,,Sediment/soil,Mixed vegetation,Mixed,-73.0,,-118.2,,,Asia,From Ladd et al. 2021 global compilation; compound: n-C29 alkane; CI95: 6,10.1029/2020JG005891,ETH Zurich: doi:10.3929/ethz-b-000412154,Both,OK
"Ladd 2021 compilation (van der Veen et al., 2020)",ETH Zurich: doi:10.3929/ethz-b-000412154,"ARU12099So, Asia",27.84,87.4,2196.0,-176.4,,Sediment/soil,Mixed vegetation,Mixed,-67.0,,-117.3,,,Asia,From Ladd et al. 2021 global compilation; compound: n-C29 alkane; CI95: 8,10.1029/2020JG005891,ETH Zurich: doi:10.3929/ethz-b-000412154,Both,OK
"Ladd 2021 compilation (van der Veen et al., 2020)",ETH Zurich: doi:10.3929/ethz-b-000412154,"J9, Asia",28.31,84.3,2500.0,-179.4,,Sediment/soil,Mixed vegetation,Mixed,-81.0,,-107.1,,,Asia,From Ladd et al. 2021 global compilation; compound: n-C29 alkane; CI95: 5,10.1029/2020JG005891,ETH Zurich: doi:10.3929/ethz-b-000412154,Both,OK
"Ladd 2021 compilation (van der Veen et al., 2020)",ETH Zurich: doi:10.3929/ethz-b-000412154,"J11, Asia",28.4,84.15,4000.0,-228.9,,Sediment/soil,Mixed vegetation,Mixed,-105.0,,-138.4,,,Asia,From Ladd et al. 2021 global compilation; compound: n-C29 alkane; CI95: 3,10.1029/2020JG005891,ETH Zurich: doi:10.3929/ethz-b-000412154,Both,OK
"Ladd 2021 compilation (van der Veen et al., 2020)",ETH Zurich: doi:10.3929/ethz-b-000412154,"J8, Asia",28.4,84.26,3930.0,-209.4,,Sediment/soil,Mixed vegetation,Mixed,-104.0,,-117.6,,,Asia,From Ladd et al. 2021 global compilation; compound: n-C29 alkane; CI95: 2,10.1029/2020JG005891,ETH Zurich: doi:10.3929/ethz-b-000412154,Both,OK
"Ladd 2021 compilation (van der Veen et al., 2020)",ETH Zurich: doi:10.3929/ethz-b-000412154,"AK18, Asia",30.1,79.44,1176.0,-157.2,,Sediment/soil,Mixed vegetation,Mixed,-56.0,,-107.2,,,Asia,From Ladd et al. 2021 global compilation; compound: n-C29 alkane; CI95: 3,10.1029/2020JG005891,ETH Zurich: doi:10.3929/ethz-b-000412154,Both,OK
"Ladd 2021 compilation (van der Veen et al., 2020)",ETH Zurich: doi:10.3929/ethz-b-000412154,"AK20, Asia",30.14,79.37,1175.0,-166.9,,Sediment/soil,Mixed vegetation,Mixed,-56.0,,-117.5,,,Asia,From Ladd et al. 2021 global compilation; compound: n-C29 alkane; CI95: 3,10.1029/2020JG005891,ETH Zurich: doi:10.3929/ethz-b-000412154,Both,OK
"Ladd 2021 compilation (van der Veen et al., 2020)",ETH Zurich: doi:10.3929/ethz-b-000412154,"AK8, Asia",30.24,78.86,635.0,-167.1,,Sediment/soil,Mixed vegetation,Mixed,-49.0,,-124.2,,,Asia,From Ladd et al. 2021 global compilation; compound: n-C29 alkane; CI95: 4,10.1029/2020JG005891,ETH Zurich: doi:10.3929/ethz-b-000412154,Both,OK
"Ladd 2021 compilation (van der Veen et al., 2020)",ETH Zurich: doi:10.3929/ethz-b-000412154,"AK22, Asia",30.29,79.5,1635.0,-150.8,,Sediment/soil,Mixed vegetation,Mixed,-62.0,,-94.7,,,Asia,From Ladd et al. 2021 global compilation; compound: n-C29 alkane; CI95: 1,10.1029/2020JG005891,ETH Zurich: doi:10.3929/ethz-b-000412154,Both,OK
"Ladd 2021 compilation (van der Veen et al., 2020)",ETH Zurich: doi:10.3929/ethz-b-000412154,"AK25, Asia",30.31,79.32,927.0,-127.1,,Sediment/soil,Mixed vegetation,Mixed,-51.0,,-80.2,,,Asia,From Ladd et al. 2021 global compilation; compound: n-C29 alkane; CI95: 4,10.1029/2020JG005891,ETH Zurich: doi:10.3929/ethz-b-000412154,Both,OK
"Ladd 2021 compilation (van der Veen et al., 2020)",ETH Zurich: doi:10.3929/ethz-b-000412154,"AK29, Asia",30.62,79.82,2628.0,-173.2,,Sediment/soil,Mixed vegetation,Mixed,-76.0,,-105.2,,,Asia,From Ladd et al. 2021 global compilation; compound: n-C29 alkane; CI95: 3,10.1029/2020JG005891,ETH Zurich: doi:10.3929/ethz-b-000412154,Both,OK
"Ladd 2021 compilation (van der Veen et al., 2020)",ETH Zurich: doi:10.3929/ethz-b-000412154,"AK28, Asia",30.69,79.89,2897.0,-228.0,,Sediment/soil,Mixed vegetation,Mixed,-80.0,,-160.9,,,Asia,From Ladd et al. 2021 global compilation; compound: n-C29 alkane; CI95: 4,10.1029/2020JG005891,ETH Zurich: doi:10.3929/ethz-b-000412154,Both,OK
"Ladd 2021 compilation (van der Veen et al., 2020)",ETH Zurich: doi:10.3929/ethz-b-000412154,"AK32/33, Asia",30.77,79.49,3155.0,-175.9,,Sediment/soil,Mixed vegetation,Mixed,-83.0,,-101.3,,,Asia,From Ladd et al. 2021 global compilation; compound: n-C29 alkane; CI95: 5,10.1029/2020JG005891,ETH Zurich: doi:10.3929/ethz-b-000412154,Both,OK
"Ladd 2021 compilation (van der Veen et al., 2020)",ETH Zurich: doi:10.3929/ethz-b-000412154,"S5, Asia",31.36,77.38,729.0,-140.8,,Sediment/soil,Mixed vegetation,Mixed,-47.0,,-98.4,,,Asia,From Ladd et al. 2021 global compilation; compound: n-C29 alkane; CI95: 3,10.1029/2020JG005891,ETH Zurich: doi:10.3929/ethz-b-000412154,Both,OK
"Ladd 2021 compilation (van der Veen et al., 2020)",ETH Zurich: doi:10.3929/ethz-b-000412154,"S127 sp1, Asia",31.39,76.88,475.0,-147.4,,Sediment/soil,Mixed vegetation,Mixed,-43.0,,-109.1,,,Asia,From Ladd et al. 2021 global compilation; compound: n-C29 alkane; CI95: 3,10.1029/2020JG005891,ETH Zurich: doi:10.3929/ethz-b-000412154,Both,OK
"Ladd 2021 compilation (van der Veen et al., 2020)",ETH Zurich: doi:10.3929/ethz-b-000412154,"S9, Asia",31.4,77.64,937.0,-157.6,,Sediment/soil,Mixed vegetation,Mixed,-50.0,,-113.3,,,Asia,From Ladd et al. 2021 global compilation; compound: n-C29 alkane; CI95: 3,10.1029/2020JG005891,ETH Zurich: doi:10.3929/ethz-b-000412154,Both,OK
"Ladd 2021 compilation (van der Veen et al., 2020)",ETH Zurich: doi:10.3929/ethz-b-000412154,"S55, Asia",31.4,78.35,3120.0,-156.1,,Sediment/soil,Mixed vegetation,Mixed,-83.0,,-79.7,,,Asia,From Ladd et al. 2021 global compilation; compound: n-C29 alkane; CI95: 7,10.1029/2020JG005891,ETH Zurich: doi:10.3929/ethz-b-000412154,Both,OK
"Ladd 2021 compilation (van der Veen et al., 2020)",ETH Zurich: doi:10.3929/ethz-b-000412154,"S60, Asia",31.43,78.28,2770.0,-174.6,,Sediment/soil,Mixed vegetation,Mixed,-78.0,,-104.8,,,Asia,From Ladd et al. 2021 global compilation; compound: n-C29 alkane; CI95: 6,10.1029/2020JG005891,ETH Zurich: doi:10.3929/ethz-b-000412154,Both,OK
"Ladd 2021 compilation (van der Veen et al., 2020)",ETH Zurich: doi:10.3929/ethz-b-000412154,"S14, Asia",31.45,77.55,1170.0,-179.0,,Sediment/soil,Mixed vegetation,Mixed,-54.0,,-132.1,,,Asia,From Ladd et al. 2021 global compilation; compound: n-C29 alkane; CI95: 2,10.1029/2020JG005891,ETH Zurich: doi:10.3929/ethz-b-000412154,Both,OK
"Ladd 2021 compilation (van der Veen et al., 2020)",ETH Zurich: doi:10.3929/ethz-b-000412154,"S26, Asia",31.51,77.76,1238.0,-140.6,,Sediment/soil,Mixed vegetation,Mixed,-55.0,,-90.6,,,Asia,From Ladd et al. 2021 global compilation; compound: n-C29 alkane; CI95: 2,10.1029/2020JG005891,ETH Zurich: doi:10.3929/ethz-b-000412154,Both,OK
"Ladd 2021 compilation (van der Veen et al., 2020)",ETH Zurich: doi:10.3929/ethz-b-000412154,"S22, Asia",31.52,77.7,1228.0,-163.8,,Sediment/soil,Mixed vegetation,Mixed,-55.0,,-115.1,,,Asia,From Ladd et al. 2021 global compilation; compound: n-C29 alkane; CI95: 2,10.1029/2020JG005891,ETH Zurich: doi:10.3929/ethz-b-000412154,Both,OK
"Ladd 2021 compilation (van der Veen et al., 2020)",ETH Zurich: doi:10.3929/ethz-b-000412154,"S41, Asia",31.55,77.91,1521.0,-157.2,,Sediment/soil,Mixed vegetation,Mixed,-59.0,,-104.4,,,Asia,From Ladd et al. 2021 global compilation; compound: n-C29 alkane; CI95: 2,10.1029/2020JG005891,ETH Zurich: doi:10.3929/ethz-b-000412154,Both,OK
Ladd et al. 2021,Manual extraction,"Lake Hut, Grande Terre, New Caledonia",-22.2609,166.9526,,-161.0,2.0,Lake sediment,Mixed tropical,Tropical vegetation,-15.0,,-148.2,,,Tropical island,,10.1029/2020JG005891,Manual extraction,Both,Missing: elevation
Ladd et al. 2021,Manual extraction,"Emaotul Lake, Efate, Vanuatu",-17.7342,168.4151,,-152.0,9.0,Lake sediment,Mixed tropical,Tropical vegetation,-36.0,,-120.3,,,Tropical island,,10.1029/2020JG005891,Manual extraction,Both,Missing: elevation
Ladd et al. 2021,Manual extraction,"Otas Lake, Efate, Vanuatu",-17.6945,168.585,,-154.0,,Lake sediment,Mixed tropical,Tropical vegetation,-34.0,,-124.2,,,Tropical island,,10.1029/2020JG005891,Manual extraction,Both,Missing: elevation
Ladd et al. 2021,Manual extraction,"Onetahi Pond, Tetiaroa, French Polynesia",-17.0207,-149.5919,,-139.0,,Lake sediment,Mixed tropical,Tropical vegetation,-25.0,,-116.9,,,Tropical island,>50% vegetation cover,10.1029/2020JG005891,Manual extraction,Both,Missing: elevation
Ladd et al. 2021,Manual extraction,"Nopovois Pond, Espiritu Santo, Vanuatu",-15.497,166.7357,,-154.0,,Lake sediment,Mixed tropical,Tropical vegetation,-40.0,,-118.8,,,Tropical island,,10.1029/2020JG005891,Manual extraction,Both,Missing: elevation
Ladd et al. 2021,Manual extraction,"Vesalea Pond, Espiritu Santo, Vanuatu",-15.1589,166.6549,,-157.0,,Lake sediment,Mixed tropical,Tropical vegetation,-40.0,,-121.9,,,Tropical island,>50% vegetation cover,10.1029/2020JG005891,Manual extraction,Both,Missing: elevation
Ladd et al. 2021,Manual extraction,"White Lake, Thion, Vanuatu",-15.041,167.0892,,-174.0,,Lake sediment,Mixed tropical,Tropical vegetation,-35.0,,-144.0,,,Tropical island,,10.1029/2020JG005891,Manual extraction,Both,Missing: elevation
Ladd et al. 2021,Manual extraction,"Lake Lanoto'o, Upolu, Samoa",-13.9109,-171.8274,,-159.0,,Lake sediment,Mixed tropical,Tropical vegetation,-34.0,,-129.4,,,Tropical island,,10.1029/2020JG005891,Manual extraction,Both,Missing: elevation
Ladd et al. 2021,Manual extraction,"Lake Tavara, Tetepare, Solomon Islands",-8.7029,157.4503,,-162.0,,Lake sediment,Mixed tropical,Tropical vegetation,-46.0,,-121.6,,,Tropical island,,10.1029/2020JG005891,Manual extraction,Both,Missing: elevation
Ladd et al. 2021,Manual extraction,"Sapwalap Swamp, Pohnpei, Micronesia",6.88,158.3,0.0,-150.0,5.0,Swamp sediment,Mangrove,Aquatic/mangrove,-33.0,,-121.0,,,Mangrove swamp,,10.1029/2020JG005891,Manual extraction,Both,OK
Ladd et al. 2021,Manual extraction,"Tol Swamp, Chuuk, Micronesia",7.35,150.6,,-153.0,5.0,Swamp sediment,Mangrove,Aquatic/mangrove,-32.0,,-125.0,,,Mangrove swamp,,10.1029/2020JG005891,Manual extraction,Computer v6,Missing: elevation
"Leider et al., 2013",Liu,Porto Cesareo,40.24,17.91,0.0,-134.0,,Marine surface sediment,,,-33.0,,-104.4,,,,,,,User compilation,OK
"Leider et al., 2013",Liu,Cervaro river,41.57,15.89,0.0,-175.0,,Marine surface sediment,,,-35.0,,-145.1,,,,,,,User compilation,OK
"Leider et al., 2013",Liu,Manfredonia Lido,41.62,15.9,0.0,-159.0,,Marine surface sediment,,,-35.0,,-128.5,,,,,,,User compilation,OK
"Leider et al., 2013",Liu,Vomano river,42.65,13.99,15.0,-152.0,,Marine surface sediment,,,-38.0,,-118.5,,,,,,,User compilation,OK
"Leider et al., 2013",Liu,Potenza river,43.42,13.65,0.0,-164.0,,Marine surface sediment,,,-39.0,,-130.1,,,,,,,User compilation,OK
"Leider et al., 2013",Liu,Foflia river,43.87,12.81,25.0,-167.0,,Marine surface sediment,,,-41.0,,-131.4,,,,,,,User compilation,OK
"Leider et al., 2013",Liu,Reno river,44.55,12.14,2.0,-172.0,,Marine surface sediment,,,-42.0,,-135.7,,,,,,,User compilation,OK
"Leider et al., 2013",Liu,Po di Goro,44.84,12.34,0.0,-182.0,,Marine surface sediment,,,-43.0,,-145.2,,,,,,,User compilation,OK
"Leider et al., 2013",Liu,Po della Donzella,44.84,12.38,0.0,-170.0,,Marine surface sediment,,,-43.0,,-132.7,,,,,,,User compilation,OK
"Li et al., 2019",Ladd,N01,35.87908333,109.4126667,1106.0,-191.199,,Soil,,,-63.78562589,,-136.1,,,,,,,User compilation,OK
"Lu et al., 2020",Ladd,CB-50,42.05,127.685,882.0,-190.0,,Lake sediment,,,-66.60176672,,-132.2,,,,,,,User compilation,OK
"Lu et al., 2020",Ladd,FS-01,42.228,127.403,701.0,-196.0,,Lake sediment,,,-63.8964936,,-141.1,,,,,,,User compilation,OK
"Lu et al., 2020",Ladd,JY-04,42.418,126.676,592.0,-194.0,,Lake sediment,,,-62.62232344,,-140.2,,,,,,,User compilation,OK
"Lu et al., 2020",Ladd,ET-02,43.64,112.298,969.0,-177.0,,Lake sediment,,,-67.25821614,,-117.7,,,,,,,User compilation,OK
"Lu et al., 2020",Ladd,XM-02,43.676,116.643,1181.0,-188.0,,Lake sediment,,,-80.46404627,,-116.9,,,,,,,User compilation,OK
"Lu et al., 2020",Ladd,SNQ-01,43.843,113.789,1162.0,-183.0,,Lake sediment,,,-74.60947591,,-117.1,,,,,,,User compilation,OK
"Lu et al., 2020",Ladd,ABQ-05,43.989,114.843,1122.0,-172.0,,Lake sediment,,,-77.6292877,,-102.3,,,,,,,User compilation,OK
McFarlin et al 2019,McFarlin,TUP,60.38,-44.3,145.0,-215.0,3.8,Lake sediment,,,-89.0,2.0,-138.3,,,,,,,User compilation,OK
McFarlin et al 2019,McFarlin,T3,63.75,-51.35,30.0,-215.5,3.9,Lake sediment,,,-106.0,7.0,-122.5,,,,,,,User compilation,OK
McFarlin et al 2019,McFarlin,RTL4,67.01,-50.67,112.0,-254.9,3.8,Lake sediment,,,-137.0,13.0,-136.6,,,,,,,User compilation,OK
McFarlin et al. 2019,Manual extraction,"LNR, Narsaq area, Greenland",60.38,-44.3,,-203.0,6.0,Lake sediment,Sub-Arctic vegetation,Tundra/Sub-Arctic,,,,,,Sub-Arctic,,10.1016/j.quascirev.2019.105978,Manual extraction,Computer v6,"Missing: elevation, d2H_precip"
McFarlin et al. 2019,Manual extraction,"PIN, Narsaq area, Greenland",60.38,-44.3,,-216.0,6.0,Lake sediment,Sub-Arctic vegetation,Tundra/Sub-Arctic,,,,,,Sub-Arctic,,10.1016/j.quascirev.2019.105978,Manual extraction,Computer v6,"Missing: elevation, d2H_precip"
McFarlin et al. 2019,Manual extraction,"SCP, Narsaq area, Greenland",60.38,-44.3,,-211.0,4.0,Lake sediment,Sub-Arctic vegetation,Tundra/Sub-Arctic,,,,,,Sub-Arctic,,10.1016/j.quascirev.2019.105978,Manual extraction,Computer v6,"Missing: elevation, d2H_precip"
McFarlin et al. 2019,Manual extraction,"PLK, Narsaq area, Greenland",60.38,-44.3,,-206.0,4.0,Lake sediment,Sub-Arctic vegetation,Tundra/Sub-Arctic,,,,,,Sub-Arctic,,10.1016/j.quascirev.2019.105978,Manual extraction,Computer v6,"Missing: elevation, d2H_precip"
McFarlin et al. 2019,NOAA WDS Paleoclimatology: study 27790,"PIN, Narsaq area, Greenland",60.7,-45.1,480.0,-216.0,6.0,Lake sediment,Arctic/sub-Arctic vegetation,Tundra/Sub-Arctic,-96.0,2.0,-132.7,,,Sub-Arctic,From NOAA WDS Paleoclimatology study 27790,10.1016/j.quascirev.2019.105978,NOAA WDS Paleoclimatology: study 27790,Both,OK
McFarlin et al. 2019,NOAA WDS Paleoclimatology: study 27790,"SCP, Narsaq area, Greenland",60.7,-45.42,475.0,-211.0,4.0,Lake sediment,Arctic/sub-Arctic vegetation,Tundra/Sub-Arctic,-96.0,2.0,-127.2,,,Sub-Arctic,From NOAA WDS Paleoclimatology study 27790,10.1016/j.quascirev.2019.105978,NOAA WDS Paleoclimatology: study 27790,Both,OK
McFarlin et al. 2019,NOAA WDS Paleoclimatology: study 27790,"TUP, Narsaq area, Greenland",60.87,-45.72,,-215.0,4.0,Lake sediment,Arctic/sub-Arctic vegetation,Tundra/Sub-Arctic,,,,,,Sub-Arctic,From NOAA WDS Paleoclimatology study 27790,10.1016/j.quascirev.2019.105978,NOAA WDS Paleoclimatology: study 27790,Computer v6,"Missing: elevation, d2H_precip"
McFarlin et al. 2019,NOAA WDS Paleoclimatology: study 27790,"PLK, Narsaq area, Greenland",60.87,-45.72,,-206.0,4.0,Lake sediment,Arctic/sub-Arctic vegetation,Tundra/Sub-Arctic,,,,,,Sub-Arctic,From NOAA WDS Paleoclimatology study 27790,10.1016/j.quascirev.2019.105978,NOAA WDS Paleoclimatology: study 27790,Computer v6,"Missing: elevation, d2H_precip"
McFarlin et al. 2019,NOAA WDS Paleoclimatology: study 27790,"LNR, Narsaq area, Greenland",60.87,-45.72,751.0,-203.0,6.0,Lake sediment,Arctic/sub-Arctic vegetation,Tundra/Sub-Arctic,-101.0,3.0,-113.5,,,Sub-Arctic,From NOAA WDS Paleoclimatology study 27790,10.1016/j.quascirev.2019.105978,NOAA WDS Paleoclimatology: study 27790,Both,OK
McFarlin et al. 2019,NOAA WDS Paleoclimatology: study 27790,"NAR, Narsaq area, Greenland",60.87,-45.72,766.0,-210.0,4.0,Lake sediment,Arctic/sub-Arctic vegetation,Tundra/Sub-Arctic,-101.0,3.0,-121.2,,,Sub-Arctic,From NOAA WDS Paleoclimatology study 27790,10.1016/j.quascirev.2019.105978,NOAA WDS Paleoclimatology: study 27790,Both,OK
McFarlin et al. 2019,NOAA WDS Paleoclimatology: study 27790,"T1, Nuuk area, Greenland",63.76,-51.36,75.0,-203.0,4.0,Lake sediment,Arctic/sub-Arctic vegetation,Tundra/Sub-Arctic,-107.0,7.0,-107.5,,,Sub-Arctic,From NOAA WDS Paleoclimatology study 27790,10.1016/j.quascirev.2019.105978,NOAA WDS Paleoclimatology: study 27790,Both,OK
McFarlin et al. 2019,NOAA WDS Paleoclimatology: study 27790,"T2, Nuuk area, Greenland",63.76,-51.37,57.0,-218.0,4.0,Lake sediment,Arctic/sub-Arctic vegetation,Tundra/Sub-Arctic,-106.0,7.0,-125.3,,,Sub-Arctic,From NOAA WDS Paleoclimatology study 27790,10.1016/j.quascirev.2019.105978,NOAA WDS Paleoclimatology: study 27790,Both,OK
McFarlin et al. 2019,Manual extraction,"T1, Nuuk area, Greenland",64.0,-51.5,,-203.0,4.0,Lake sediment,Sub-Arctic vegetation,Tundra/Sub-Arctic,,,,,,Sub-Arctic,,10.1016/j.quascirev.2019.105978,Manual extraction,Computer v6,"Missing: elevation, d2H_precip"
McFarlin et al. 2019,Manual extraction,"T2, Nuuk area, Greenland",64.0,-51.5,,-218.0,4.0,Lake sediment,Sub-Arctic vegetation,Tundra/Sub-Arctic,,,,,,Sub-Arctic,,10.1016/j.quascirev.2019.105978,Manual extraction,Computer v6,"Missing: elevation, d2H_precip"
McFarlin et al. 2019,Manual extraction,"RTL3, Kangerlussuaq, Greenland",67.0,-51.0,,-232.0,6.0,Lake sediment,Arctic tundra,Tundra,,,,,,Low Arctic,,10.1016/j.quascirev.2019.105978,Manual extraction,Computer v6,"Missing: elevation, d2H_precip"
McFarlin et al. 2019,Manual extraction,"RTL2, Kangerlussuaq, Greenland",67.0,-51.0,,-224.0,6.0,Lake sediment,Arctic tundra,Tundra,,,,,,Low Arctic,,10.1016/j.quascirev.2019.105978,Manual extraction,Computer v6,"Missing: elevation, d2H_precip"
McFarlin et al. 2019,Manual extraction,"LSL, Kangerlussuaq, Greenland",67.0,-51.0,,-237.0,5.0,Lake sediment,Arctic tundra,Tundra,,,,,,Low Arctic,,10.1016/j.quascirev.2019.105978,Manual extraction,Computer v6,"Missing: elevation, d2H_precip"
McFarlin et al. 2019,Manual extraction,"SHL, Kangerlussuaq, Greenland",67.0,-51.0,,-251.0,4.0,Lake sediment,Arctic tundra,Tundra,,,,,,Low Arctic,,10.1016/j.quascirev.2019.105978,Manual extraction,Computer v6,"Missing: elevation, d2H_precip"
McFarlin et al. 2019,Manual extraction,"USHL, Kangerlussuaq, Greenland",67.0,-51.0,,-257.0,4.0,Lake sediment,Arctic tundra,Tundra,,,,,,Low Arctic,,10.1016/j.quascirev.2019.105978,Manual extraction,Computer v6,"Missing: elevation, d2H_precip"
McFarlin et al. 2019,Manual extraction,"RTL1, Kangerlussuaq, Greenland",67.0,-51.0,,-240.0,4.0,Lake sediment,Arctic tundra,Tundra,,,,,,Low Arctic,,10.1016/j.quascirev.2019.105978,Manual extraction,Computer v6,"Missing: elevation, d2H_precip"
McFarlin et al. 2019,Manual extraction,"SEC, Kangerlussuaq, Greenland",67.0,-51.0,,-246.0,4.0,Lake sediment,Arctic tundra,Tundra,,,,,,Low Arctic,,10.1016/j.quascirev.2019.105978,Manual extraction,Computer v6,"Missing: elevation, d2H_precip"
McFarlin et al. 2019,NOAA WDS Paleoclimatology: study 27790,"LSL, Kangerlussuaq, Greenland",67.05,-50.52,124.0,-237.0,5.0,Lake sediment,Arctic/sub-Arctic vegetation,Tundra/Sub-Arctic,-139.0,13.0,-113.8,,,Low Arctic,From NOAA WDS Paleoclimatology study 27790,10.1016/j.quascirev.2019.105978,NOAA WDS Paleoclimatology: study 27790,Both,OK
McFarlin et al. 2019,NOAA WDS Paleoclimatology: study 27790,"RTL3, Kangerlussuaq, Greenland",67.06,-50.45,170.0,-232.0,6.0,Lake sediment,Arctic/sub-Arctic vegetation,Tundra/Sub-Arctic,-140.0,13.0,-107.0,,,Low Arctic,From NOAA WDS Paleoclimatology study 27790,10.1016/j.quascirev.2019.105978,NOAA WDS Paleoclimatology: study 27790,Both,OK
McFarlin et al. 2019,NOAA WDS Paleoclimatology: study 27790,"RTL1, Kangerlussuaq, Greenland",67.15,-50.08,443.0,-240.0,4.0,Lake sediment,Arctic/sub-Arctic vegetation,Tundra/Sub-Arctic,-148.0,11.0,-108.0,,,Low Arctic,From NOAA WDS Paleoclimatology study 27790,10.1016/j.quascirev.2019.105978,NOAA WDS Paleoclimatology: study 27790,Both,OK
McFarlin et al. 2019,NOAA WDS Paleoclimatology: study 27790,"SHL, Kangerlussuaq, Greenland",67.15,-50.13,335.0,-251.0,4.0,Lake sediment,Arctic/sub-Arctic vegetation,Tundra/Sub-Arctic,-146.0,11.0,-123.0,,,Low Arctic,From NOAA WDS Paleoclimatology study 27790,10.1016/j.quascirev.2019.105978,NOAA WDS Paleoclimatology: study 27790,Both,OK
McFarlin et al. 2019,NOAA WDS Paleoclimatology: study 27790,"USHL, Kangerlussuaq, Greenland",67.15,-50.13,340.0,-257.0,4.0,Lake sediment,Arctic/sub-Arctic vegetation,Tundra/Sub-Arctic,-147.0,11.0,-129.0,,,Low Arctic,From NOAA WDS Paleoclimatology study 27790,10.1016/j.quascirev.2019.105978,NOAA WDS Paleoclimatology: study 27790,Both,OK
McFarlin et al. 2019,NOAA WDS Paleoclimatology: study 27790,"SEC, Kangerlussuaq area, Greenland",76.58,-68.66,248.0,-246.0,4.0,Lake sediment,Arctic/sub-Arctic vegetation,Tundra/Sub-Arctic,-181.0,1.0,-79.4,,,Low Arctic,From NOAA WDS Paleoclimatology study 27790,10.1016/j.quascirev.2019.105978,NOAA WDS Paleoclimatology: study 27790,Both,OK
McFarlin et al. 2019,NOAA WDS Paleoclimatology: study 27790,"Sioraq (STR), Thule area, Greenland",76.67,-67.94,224.0,-248.0,6.0,Lake sediment,Arctic/sub-Arctic vegetation,Tundra/Sub-Arctic,-181.0,1.0,-81.8,,,High Arctic,From NOAA WDS Paleoclimatology study 27790,10.1016/j.quascirev.2019.105978,NOAA WDS Paleoclimatology: study 27790,Both,OK
McFarlin et al. 2019,NOAA WDS Paleoclimatology: study 27790,"NS1, Thule area, Greenland",76.82,-67.05,455.0,-235.0,4.0,Lake sediment,Arctic/sub-Arctic vegetation,Tundra/Sub-Arctic,-186.0,2.0,-60.2,,,High Arctic,From NOAA WDS Paleoclimatology study 27790,10.1016/j.quascirev.2019.105978,NOAA WDS Paleoclimatology: study 27790,Both,NOTE: ε outside typical range (-60‰)
McFarlin et al. 2019,Manual extraction,"WLL (Wax Lips Lake), Thule, Greenland",76.85,-68.66,,-264.0,7.0,Lake sediment,Arctic tundra,Tundra,,,,,,High Arctic,Most depleted in transect,10.1016/j.quascirev.2019.105978,Manual extraction,Computer v6,"Missing: elevation, d2H_precip"
McFarlin et al. 2019,Manual extraction,"STR, Thule area, Greenland",76.85,-68.66,,-248.0,6.0,Lake sediment,Arctic tundra,Tundra,,,,,,High Arctic,,10.1016/j.quascirev.2019.105978,Manual extraction,Computer v6,"Missing: elevation, d2H_precip"
McFarlin et al. 2019,NOAA WDS Paleoclimatology: study 27790,"Wax Lips Lake (WLL), Thule area, Greenland",76.85,-66.96,517.0,-264.0,7.0,Lake sediment,Arctic/sub-Arctic vegetation,Tundra/Sub-Arctic,-187.0,2.0,-94.7,,,High Arctic,From NOAA WDS Paleoclimatology study 27790,10.1016/j.quascirev.2019.105978,NOAA WDS Paleoclimatology: study 27790,Both,OK
Mugler et al 2008,McFarlin,Tibet_ave (NC),30.64,90.6,4718.0,-246.0,36.4,Lake sediment,,,-139.0,4.0,-124.3,,,,,,,User compilation,OK
Mugler et al 2008,McFarlin,HZM,50.12,6.88,425.0,-198.0,1.0,Lake sediment,,,-56.0,2.0,-150.4,,,,,,,User compilation,OK
"Pautler et al., 2014",Liu,Kluane Lake,61.15,-138.45,748.0,-259.0,,Soil,,,-164.0,,-113.6,,,,,,,User compilation,OK
"Pautler et al., 2014",Liu,Kluane Lake,61.15,-138.45,748.0,-241.0,,Soil,,,-164.0,,-92.1,,,,,,,User compilation,OK
"Pautler et al., 2014",Liu,Kluane Lake,61.15,-138.45,748.0,-260.0,,Soil,,,-164.0,,-114.8,,,,,,,User compilation,OK
"Pautler et al., 2014",Liu,"Christie Mine, Dominion Creek",63.65,-138.63,581.0,-285.0,,Soil,,,-163.0,,-145.8,,,,,,,User compilation,REVIEW: δ²H very depleted (-285.0‰)
"Pautler et al., 2014",Liu,"Christie Mine, Dominion Creek",63.65,-138.63,581.0,-269.0,,Soil,,,-163.0,,-126.6,,,,,,,User compilation,OK
"Pautler et al., 2014",Liu,"Christie Mine, Dominion Creek",63.65,-138.63,581.0,-274.0,,Soil,,,-163.0,,-132.6,,,,,,,User compilation,OK
"Pautler et al., 2014",Liu,"Christie Mine, Dominion Creek",63.65,-138.63,581.0,-275.0,,Soil,,,-163.0,,-133.8,,,,,,,User compilation,OK
"Pautler et al., 2014",Liu,"Tatlow Camp, Quartz Creek",63.82,-139.02,581.0,-259.0,,Soil,,,-163.0,,-114.7,,,,,,,User compilation,OK
"Pautler et al., 2014",Liu,"Tatlow Camp, Quartz Creek",63.82,-139.02,581.0,-278.0,,Soil,,,-163.0,,-137.4,,,,,,,User compilation,REVIEW: δ²H very depleted (-278.0‰)
"Pautler et al., 2014",Liu,"Tatlow Camp, Quartz Creek",63.82,-139.02,581.0,-274.0,,Soil,,,-163.0,,-132.6,,,,,,,User compilation,OK
"Pautler et al., 2014",Liu,"Tatlow Camp, Quartz Creek",63.82,-139.02,582.0,-246.0,,Soil,,,-163.0,,-99.2,,,,,,,User compilation,OK
"Pautler et al., 2014",Liu,"Tatlow Camp, Quartz Creek",63.82,-139.02,582.0,-261.0,,Soil,,,-163.0,,-117.1,,,,,,,User compilation,OK
"Pautler et al., 2014",Liu,"Tatlow Camp, Quartz Creek",63.82,-139.02,582.0,-257.0,,Soil,,,-163.0,,-112.3,,,,,,,User compilation,OK
"Pautler et al., 2014",Liu,"Tatlow Camp, Quartz Creek",63.82,-139.02,582.0,-262.0,,Soil,,,-163.0,,-118.3,,,,,,,User compilation,OK
"Pautler et al., 2014",Liu,"Tatlow Camp, Quartz Creek",63.82,-139.02,582.0,-266.0,,Soil,,,-163.0,,-123.1,,,,,,,User compilation,OK
"Pautler et al., 2014",Liu,"Tatlow Camp, Quartz Creek",63.82,-139.02,582.0,-263.0,,Soil,,,-163.0,,-119.5,,,,,,,User compilation,OK
"Pautler et al., 2014",Liu,"Tatlow Camp, Quartz Creek",63.82,-139.02,582.0,-265.0,,Soil,,,-163.0,,-121.9,,,,,,,User compilation,OK
"Pautler et al., 2014",Liu,"Tatlow Camp, Quartz Creek",63.82,-139.02,582.0,-268.0,,Soil,,,-163.0,,-125.4,,,,,,,User compilation,OK
"Pautler et al., 2014",Liu,"Tatlow Camp, Quartz Creek",63.82,-139.02,581.0,-270.0,,Soil,,,-163.0,,-127.8,,,,,,,User compilation,OK
"Pautler et al., 2014",Liu,Goldbottom Creek,63.93,-138.97,689.0,-279.0,,Soil,,,-165.0,,-136.5,,,,,,,User compilation,REVIEW: δ²H very depleted (-279.0‰)
"Pautler et al., 2014",Liu,Goldbottom Creek,63.93,-138.97,689.0,-274.0,,Soil,,,-165.0,,-130.5,,,,,,,User compilation,OK
"Pautler et al., 2014",Liu,Goldbottom Creek,63.93,-138.97,689.0,-273.0,,Soil,,,-165.0,,-129.3,,,,,,,User compilation,OK
"Pautler et al., 2014",Liu,Goldbottom Creek,63.93,-138.97,689.0,-266.0,,Soil,,,-165.0,,-121.0,,,,,,,User compilation,OK
Polissar and Freeman 2010,McFarlin,Bear Meadows,40.73,-77.76,552.0,-191.3,,Lake sediment,,,-65.0,2.0,-135.1,,,,,,,User compilation,OK
Roy & Sanyal 2022,Roy & Sanyal 2022 Table 2,"Gangetic floodplain, India",25.0,83.0,,-212.03813025,4.8984542791716,Soil,,Mixed vegetation (soil),-57.0,,-164.4,,,Gangetic plain / tropical monsoon,"Bulk n-alkane dD, dominated by C29",10.1016/j.quaint.2021.09.004,Roy & Sanyal 2022 Table 2,Computer v6,Missing: elevation
Roy & Sanyal 2022,Roy & Sanyal 2022 Table 2,"Gangetic floodplain, India",25.0,83.0,,-150.5190408,6.9613931291601,Soil,,Mixed vegetation (soil),-57.0,,-99.2,,,Gangetic plain / tropical monsoon,"Bulk n-alkane dD, dominated by C29",10.1016/j.quaint.2021.09.004,Roy & Sanyal 2022 Table 2,Computer v6,Missing: elevation
Roy & Sanyal 2022,Roy & Sanyal 2022 Table 2,"Gangetic floodplain, India",25.0,83.0,,-170.81701845,10.15054775454974,Soil,,Mixed vegetation (soil),-57.0,,-120.7,,,Gangetic plain / tropical monsoon,"Bulk n-alkane dD, dominated by C29",10.1016/j.quaint.2021.09.004,Roy & Sanyal 2022 Table 2,Computer v6,Missing: elevation
Sachse et al 2004,McFarlin,LPM,40.93,15.61,685.0,-169.0,2.0,Lake sediment,,,-48.0,1.0,-127.1,,,,,,,User compilation,OK
"Schwab et al., 2015",Liu,Cameroon,5.03,,,-152.0,,Marine surface sediment,,,-16.0,,-138.2,,,,,,,User compilation,REVIEW: missing coordinates; Missing: elevation
"Schwab et al., 2015",Liu,Cameroon,6.62,,,-163.0,,Marine surface sediment,,,-18.0,,-147.7,,,,,,,User compilation,REVIEW: missing coordinates; Missing: elevation
"Schwab et al., 2015",Liu,Cameroon,7.13,,,-170.0,,Marine surface sediment,,,-16.0,,-156.5,,,,,,,User compilation,REVIEW: missing coordinates; Missing: elevation
"Schwab et al., 2015",Liu,Cameroon,7.25,,,-181.0,,Marine surface sediment,,,-28.0,,-157.4,,,,,,,User compilation,REVIEW: missing coordinates; Missing: elevation
"Schwab et al., 2015",Liu,Cameroon,8.39,,,-147.0,,Marine surface sediment,,,-16.0,,-133.1,,,,,,,User compilation,REVIEW: missing coordinates; Missing: elevation
"Seki et al., 2010",Liu,"Hokkaido, Japan",44.2,142.1,560.0,-198.0,,Lake sediment,,,-60.0,,-146.8,,,,,,,User compilation,OK
"Seki et al., 2010",Liu,"Hokkaido, Japan",44.2,142.1,560.0,-211.0,,Lake sediment,,,-60.0,,-160.6,,,,,,,User compilation,OK
"Seki et al., 2010",Liu,"Hokkaido, Japan",44.2,142.1,560.0,-212.0,,Lake sediment,,,-60.0,,-161.7,,,,,,,User compilation,OK
"Seki et al., 2010",Liu,"Hokkaido, Japan",44.2,142.1,560.0,-210.0,,Lake sediment,,,-60.0,,-159.6,,,,,,,User compilation,OK
"Seki et al., 2010",Liu,"Hokkaido, Japan",44.2,142.1,560.0,-205.0,,Lake sediment,,,-60.0,,-154.3,,,,,,,User compilation,OK
"Seki et al., 2010",Liu,"Hokkaido, Japan",44.2,142.1,560.0,-186.0,,Lake sediment,,,-60.0,,-134.0,,,,,,,User compilation,OK
"Seki et al., 2010",Liu,"Hokkaido, Japan",44.2,142.1,560.0,-207.0,,Lake sediment,,,-60.0,,-156.4,,,,,,,User compilation,OK
"Seki et al., 2010",Liu,"Hokkaido, Japan",44.2,142.1,560.0,-199.0,,Lake sediment,,,-60.0,,-147.9,,,,,,,User compilation,OK
"Seki et al., 2010",Liu,"Hokkaido, Japan",44.2,142.1,560.0,-216.0,,Lake sediment,,,-60.0,,-166.0,,,,,,,User compilation,OK
"Seki et al., 2010",Liu,"Hokkaido, Japan",44.2,142.1,560.0,-224.0,,Lake sediment,,,-60.0,,-174.5,,,,,,,User compilation,NOTE: ε outside typical range (-174‰)
"Seki et al., 2010",Liu,"Hokkaido, Japan",44.2,142.1,560.0,-218.0,,Lake sediment,,,-60.0,,-168.1,,,,,,,User compilation,OK
"Seki et al., 2010",Liu,"Hokkaido, Japan",44.2,142.1,560.0,-217.0,,Lake sediment,,,-60.0,,-167.0,,,,,,,User compilation,OK
"Seki et al., 2010",Liu,"Hokkaido, Japan",44.2,142.1,560.0,-225.0,,Lake sediment,,,-60.0,,-175.5,,,,,,,User compilation,NOTE: ε outside typical range (-176‰)
"Seki et al., 2010",Liu,"Hokkaido, Japan",44.2,142.1,560.0,-220.0,,Lake sediment,,,-60.0,,-170.2,,,,,,,User compilation,NOTE: ε outside typical range (-170‰)
"Seki et al., 2010",Liu,"Hokkaido, Japan",44.2,142.1,560.0,-221.0,,Lake sediment,,,-60.0,,-171.3,,,,,,,User compilation,NOTE: ε outside typical range (-171‰)
"Seki et al., 2010",Liu,"Hokkaido, Japan",44.2,142.1,560.0,-227.0,,Lake sediment,,,-60.0,,-177.7,,,,,,,User compilation,NOTE: ε outside typical range (-178‰)
"Seki et al., 2010",Liu,"Hokkaido, Japan",44.2,142.1,560.0,-244.0,,Lake sediment,,,-60.0,,-195.7,,,,,,,User compilation,NOTE: ε outside typical range (-196‰)
"Seki et al., 2010",Liu,"Hokkaido, Japan",44.2,142.1,560.0,-240.0,,Lake sediment,,,-60.0,,-191.5,,,,,,,User compilation,NOTE: ε outside typical range (-192‰)
"Seki et al., 2010",Liu,"Hokkaido, Japan",44.2,142.1,560.0,-219.0,,Lake sediment,,,-60.0,,-169.1,,,,,,,User compilation,OK
"Seki et al., 2010",Liu,"Hokkaido, Japan",44.2,142.1,560.0,-229.0,,Lake sediment,,,-60.0,,-179.8,,,,,,,User compilation,NOTE: ε outside typical range (-180‰)
"Seki et al., 2010",Liu,"Hokkaido, Japan",44.2,142.1,560.0,-195.0,,Lake sediment,,,-60.0,,-143.6,,,,,,,User compilation,OK
"Seki et al., 2010",Liu,"Hokkaido, Japan",44.2,142.1,560.0,-203.0,,Lake sediment,,,-60.0,,-152.1,,,,,,,User compilation,OK
"Seki et al., 2010",Liu,"Hokkaido, Japan",44.2,142.1,560.0,-208.0,,Lake sediment,,,-60.0,,-157.4,,,,,,,User compilation,OK
"Seki et al., 2010",Liu,"Hokkaido, Japan",44.2,142.1,560.0,-213.0,,Lake sediment,,,-60.0,,-162.8,,,,,,,User compilation,OK
"Seki et al., 2010",Liu,"Hokkaido, Japan",44.2,142.1,560.0,-222.0,,Lake sediment,,,-60.0,,-172.3,,,,,,,User compilation,NOTE: ε outside typical range (-172‰)
Sisley & Wolhowe (2023),Supplement Table S1 (soil),"Cascades transect, WA, Taylor Road and WA SR10",47.2,-120.8,570.0,-206.2,1.8,Soil,Soil (mixed vegetation),Soil,-89.2,,-128.5,645.3,7.8,Cascade Mtns E-W transect,Soil n-alkanes; site-averaged,10.1016/j.orggeochem.2023.104572,Supplement Table S1 (soil),Computer v6,OK
Sisley & Wolhowe (2023),Supplement Table S1 (soil),"Cascades transect, WA, Near Cannon Mine, Methow St, Wenatchee",47.4,-120.3,390.0,-200.4,1.4,Soil,Soil (mixed vegetation),Soil,-90.4,,-120.9,260.2,10.0,Cascade Mtns E-W transect,Soil n-alkanes; site-averaged,10.1016/j.orggeochem.2023.104572,Supplement Table S1 (soil),Computer v6,OK
Sisley & Wolhowe (2023),Supplement Table S1 (soil),"Cascades transect, WA, Rockaway Beach Park, Bainbridge Island",47.6,-122.5,1.0,-208.3,3.3,Soil,Soil (mixed vegetation),Soil,-67.0,,-151.4,1022.3,11.5,Cascade Mtns E-W transect,Soil n-alkanes; site-averaged,10.1016/j.orggeochem.2023.104572,Supplement Table S1 (soil),Computer v6,OK
Sisley & Wolhowe (2023),Supplement Table S1 (soil),"Cascades transect, WA, Chiwawa River/Chiwawa Basin Trail",48.1,-120.9,1467.4,-221.2,2.7,Soil,Soil (mixed vegetation),Soil,-102.2,,-132.5,1851.7,3.9,Cascade Mtns E-W transect,Soil n-alkanes; site-averaged,10.1016/j.orggeochem.2023.104572,Supplement Table S1 (soil),Computer v6,OK
Sisley & Wolhowe (2023),Supplement Table S1 (soil),"Cascades transect, WA, Suiattle River Road",48.3,-121.3,349.2,-193.0,1.8,Soil,Soil (mixed vegetation),Soil,-84.7,,-118.3,2321.6,9.0,Cascade Mtns E-W transect,Soil n-alkanes; site-averaged,10.1016/j.orggeochem.2023.104572,Supplement Table S1 (soil),Computer v6,OK
Sisley & Wolhowe (2023),Supplement Table S1 (soil),"Cascades transect, WA, Leader Lake State Park",48.4,-119.7,720.5,-230.0,3.1,Soil,Soil (mixed vegetation),Soil,-102.4,,-142.2,358.4,8.6,Cascade Mtns E-W transect,Soil n-alkanes; site-averaged,10.1016/j.orggeochem.2023.104572,Supplement Table S1 (soil),Computer v6,OK
Sisley & Wolhowe (2023),Supplement Table S1 (soil),"Cascades transect, WA, Bowman Bay, Deception Pass State Park",48.4,-122.7,12.0,-162.4,1.8,Soil,Soil (mixed vegetation),Soil,-72.0,,-97.4,596.5,10.3,Cascade Mtns E-W transect,Soil n-alkanes; site-averaged,10.1016/j.orggeochem.2023.104572,Supplement Table S1 (soil),Computer v6,OK
Sisley & Wolhowe (2023),Supplement Table S1 (soil),"Cascades transect, WA, Thompson Ridge Road",48.4,-120.3,1170.0,-221.3,1.2,Soil,Soil (mixed vegetation),Soil,-104.9,,-130.0,650.4,6.4,Cascade Mtns E-W transect,Soil n-alkanes; site-averaged,10.1016/j.orggeochem.2023.104572,Supplement Table S1 (soil),Computer v6,OK
Sisley & Wolhowe (2023),Supplement Table S1 (soil),"Cascades transect, WA, FR 42 off Loup Loup Summit",48.4,-119.9,1387.0,-249.9,1.5,Soil,Soil (mixed vegetation),Soil,-110.4,,-156.8,601.5,4.5,Cascade Mtns E-W transect,Soil n-alkanes; site-averaged,10.1016/j.orggeochem.2023.104572,Supplement Table S1 (soil),Computer v6,OK
Sisley & Wolhowe (2023),Supplement Table S1 (soil),"Cascades transect, WA, Leader Lake State Park",48.4,-119.7,731.0,-228.3,1.0,Soil,Soil (mixed vegetation),Soil,-102.4,,-140.3,358.4,8.6,Cascade Mtns E-W transect,Soil n-alkanes; site-averaged,10.1016/j.orggeochem.2023.104572,Supplement Table S1 (soil),Computer v6,OK
Sisley & Wolhowe (2023),Supplement Table S1 (soil),"Cascades transect, WA, Cascade Pass",48.5,-121.1,1586.5,-202.6,2.3,Soil,Soil (mixed vegetation),Soil,-106.5,,-107.6,2014.3,3.4,Cascade Mtns E-W transect,Soil n-alkanes; site-averaged,10.1016/j.orggeochem.2023.104572,Supplement Table S1 (soil),Computer v6,OK
Sisley & Wolhowe (2023),Supplement Table S1 (soil),"Cascades transect, WA, Pacific Crest Trail Bridge Creek Trailhead",48.5,-120.7,1400.7,-219.2,5.7,Soil,Soil (mixed vegetation),Soil,-105.2,,-127.4,1464.2,3.1,Cascade Mtns E-W transect,Soil n-alkanes; site-averaged,10.1016/j.orggeochem.2023.104572,Supplement Table S1 (soil),Computer v6,OK
Sisley & Wolhowe (2023),Supplement Table S1 (soil),"Cascades transect, WA, Cedar Creek Trail",48.5,-120.5,1350.0,-258.8,1.1,Soil,Soil (mixed vegetation),Soil,-106.4,,-170.5,1137.5,4.6,Cascade Mtns E-W transect,Soil n-alkanes; site-averaged,10.1016/j.orggeochem.2023.104572,Supplement Table S1 (soil),Computer v6,NOTE: ε outside typical range (-170‰)
Sisley & Wolhowe (2023),Supplement Table S1 (soil),"Cascades transect, WA, Sauk Mountain Road",48.5,-121.6,909.0,-222.8,3.7,Soil,Soil (mixed vegetation),Soil,-94.4,,-141.8,2883.7,6.5,Cascade Mtns E-W transect,Soil n-alkanes; site-averaged,10.1016/j.orggeochem.2023.104572,Supplement Table S1 (soil),Computer v6,OK
Sisley & Wolhowe (2023),Supplement Table S1 (soil),"Cascades transect, WA, Lookout Mountain Lookout Trail",48.5,-121.3,1096.0,-208.4,5.5,Soil,Soil (mixed vegetation),Soil,-94.1,,-126.2,2409.7,5.9,Cascade Mtns E-W transect,Soil n-alkanes; site-averaged,10.1016/j.orggeochem.2023.104572,Supplement Table S1 (soil),Computer v6,OK
Sisley & Wolhowe (2023),Supplement Table S1 (soil),"Cascades transect, WA, Cutthroat Pass Trail",48.5,-120.7,1688.0,-200.7,8.1,Soil,Soil (mixed vegetation),Soil,-110.2,,-101.7,1622.0,2.6,Cascade Mtns E-W transect,Soil n-alkanes; site-averaged,10.1016/j.orggeochem.2023.104572,Supplement Table S1 (soil),Computer v6,OK
Sisley & Wolhowe (2023),Supplement Table S1 (soil),"Cascades transect, WA, Eightmile Creek",48.6,-120.2,885.0,-229.5,1.0,Soil,Soil (mixed vegetation),Soil,-103.9,,-140.2,609.6,6.4,Cascade Mtns E-W transect,Soil n-alkanes; site-averaged,10.1016/j.orggeochem.2023.104572,Supplement Table S1 (soil),Computer v6,OK
Sisley & Wolhowe (2023),Supplement Table S1 (soil),"Cascades transect, WA, Squire's Lake Trail",48.6,-122.4,163.0,-169.8,1.3,Soil,Soil (mixed vegetation),Soil,-82.7,,-95.0,1249.2,9.6,Cascade Mtns E-W transect,Soil n-alkanes; site-averaged,10.1016/j.orggeochem.2023.104572,Supplement Table S1 (soil),Computer v6,OK
Sisley & Wolhowe (2023),Supplement Table S1 (soil),"Cascades transect, WA, Hathaway Road (Prairie, WA)",48.6,-122.2,174.0,-179.3,4.3,Soil,Soil (mixed vegetation),Soil,-79.8,,-108.1,1635.4,9.2,Cascade Mtns E-W transect,Soil n-alkanes; site-averaged,10.1016/j.orggeochem.2023.104572,Supplement Table S1 (soil),Computer v6,OK
Sisley & Wolhowe (2023),Supplement Table S1 (soil),"Cascades transect, WA, Medford/Scott Paper Road",48.6,-122.0,533.0,-203.0,2.9,Soil,Soil (mixed vegetation),Soil,-86.6,,-127.4,2429.9,8.8,Cascade Mtns E-W transect,Soil n-alkanes; site-averaged,10.1016/j.orggeochem.2023.104572,Supplement Table S1 (soil),Computer v6,OK
Sisley & Wolhowe (2023),Supplement Table S1 (soil),"Cascades transect, WA, Easy Pass Trail",48.6,-120.8,1522.0,-207.6,0.0,Soil,Soil (mixed vegetation),Soil,-104.3,,-115.3,1417.3,3.3,Cascade Mtns E-W transect,Soil n-alkanes; site-averaged,10.1016/j.orggeochem.2023.104572,Supplement Table S1 (soil),Computer v6,OK
Sisley & Wolhowe (2023),Supplement Table S1 (soil),"Cascades transect, WA, Goat Peak Road",48.6,-120.4,1408.0,-256.9,0.7,Soil,Soil (mixed vegetation),Soil,-108.4,,-166.6,680.9,5.3,Cascade Mtns E-W transect,Soil n-alkanes; site-averaged,10.1016/j.orggeochem.2023.104572,Supplement Table S1 (soil),Computer v6,OK
Sisley & Wolhowe (2023),Supplement Table S1 (soil),"Cascades transect, WA, Hagood Cutoff off Pine Creek Road",48.6,-119.6,446.0,-204.1,1.3,Soil,Soil (mixed vegetation),Soil,-102.7,,-113.0,331.1,9.0,Cascade Mtns E-W transect,Soil n-alkanes; site-averaged,10.1016/j.orggeochem.2023.104572,Supplement Table S1 (soil),Computer v6,OK
Sisley & Wolhowe (2023),Supplement Table S1 (soil),"Cascades transect, WA, South Fork Park, Deming",48.7,-122.2,107.2,-210.5,2.9,Soil,Soil (mixed vegetation),Soil,-79.9,,-141.9,1379.0,10.1,Cascade Mtns E-W transect,Soil n-alkanes; site-averaged,10.1016/j.orggeochem.2023.104572,Supplement Table S1 (soil),Computer v6,OK
Sisley & Wolhowe (2023),Supplement Table S1 (soil),"Cascades transect, WA, FR 12 off Baker Lake Road, Elbow Lake Junction",48.7,-121.8,895.7,-201.3,2.6,Soil,Soil (mixed vegetation),Soil,-93.5,,-118.9,3719.3,7.2,Cascade Mtns E-W transect,Soil n-alkanes; site-averaged,10.1016/j.orggeochem.2023.104572,Supplement Table S1 (soil),Computer v6,OK
Sisley & Wolhowe (2023),Supplement Table S1 (soil),"Cascades transect, WA, Shannon Creek Campground, N Baker Lake",48.7,-121.6,240.6,-188.5,0.8,Soil,Soil (mixed vegetation),Soil,-86.4,,-111.8,2391.6,8.7,Cascade Mtns E-W transect,Soil n-alkanes; site-averaged,10.1016/j.orggeochem.2023.104572,Supplement Table S1 (soil),Computer v6,OK
Sisley & Wolhowe (2023),Supplement Table S1 (soil),"Cascades transect, WA, Salmon Meadows, Conconully",48.7,-119.8,1354.1,-236.6,1.8,Soil,Soil (mixed vegetation),Soil,-111.7,,-140.6,571.3,3.7,Cascade Mtns E-W transect,Soil n-alkanes; site-averaged,10.1016/j.orggeochem.2023.104572,Supplement Table S1 (soil),Computer v6,OK
Sisley & Wolhowe (2023),Supplement Table S1 (soil),"Cascades transect, WA, FR 12 off Baker Lake Road, Elbow Lake Junction",48.7,-121.8,877.0,-196.6,1.3,Soil,Soil (mixed vegetation),Soil,-93.5,,-113.7,3719.3,7.2,Cascade Mtns E-W transect,Soil n-alkanes; site-averaged,10.1016/j.orggeochem.2023.104572,Supplement Table S1 (soil),Computer v6,OK
Sisley & Wolhowe (2023),Supplement Table S1 (soil),"Cascades transect, WA, FR 100 off Chewuch Road",48.7,-120.2,1022.0,-231.5,3.2,Soil,Soil (mixed vegetation),Soil,-106.1,,-140.3,540.5,6.3,Cascade Mtns E-W transect,Soil n-alkanes; site-averaged,10.1016/j.orggeochem.2023.104572,Supplement Table S1 (soil),Computer v6,OK
Sisley & Wolhowe (2023),Supplement Table S1 (soil),"Cascades transect, WA, Nugent's Corner River Access",48.8,-122.3,75.0,-183.5,1.1,Soil,Soil (mixed vegetation),Soil,-79.6,,-112.9,1231.9,10.5,Cascade Mtns E-W transect,Soil n-alkanes; site-averaged,10.1016/j.orggeochem.2023.104572,Supplement Table S1 (soil),Computer v6,OK
Sisley & Wolhowe (2023),Supplement Table S1 (soil),"Cascades transect, WA, Heliotrope Ridge Trailhead",48.8,-121.9,1118.1,-193.6,1.0,Soil,Soil (mixed vegetation),Soil,-95.6,,-108.4,2948.1,6.1,Cascade Mtns E-W transect,Soil n-alkanes; site-averaged,10.1016/j.orggeochem.2023.104572,Supplement Table S1 (soil),Computer v6,OK
Sisley & Wolhowe (2023),Supplement Table S1 (soil),"Cascades transect, WA, West Chewuch Rd b/n Andrews and Lake Creek",48.8,-120.1,874.0,-207.8,2.1,Soil,Soil (mixed vegetation),Soil,-106.8,,-113.1,539.2,6.2,Cascade Mtns E-W transect,Soil n-alkanes; site-averaged,10.1016/j.orggeochem.2023.104572,Supplement Table S1 (soil),Computer v6,OK
Sisley & Wolhowe (2023),Supplement Table S1 (soil),"Cascades transect, WA, Spectacle Lake",48.8,-119.5,421.0,-232.9,3.7,Soil,Soil (mixed vegetation),Soil,-105.3,,-142.6,302.7,9.2,Cascade Mtns E-W transect,Soil n-alkanes; site-averaged,10.1016/j.orggeochem.2023.104572,Supplement Table S1 (soil),Computer v6,OK
Sisley & Wolhowe (2023),Supplement Table S1 (soil),"Cascades transect, WA, Fancher Dam Road and Havillah Road",48.8,-119.3,981.4,-224.9,1.9,Soil,Soil (mixed vegetation),Soil,-111.7,,-127.4,435.3,6.0,Cascade Mtns E-W transect,Soil n-alkanes; site-averaged,10.1016/j.orggeochem.2023.104572,Supplement Table S1 (soil),Computer v6,OK
Sisley & Wolhowe (2023),Supplement Table S1 (soil),"Cascades transect, WA, Fancher Dam Road and Havillah Road",48.8,-119.3,982.0,-257.3,1.2,Soil,Soil (mixed vegetation),Soil,-111.7,,-163.9,435.3,6.0,Cascade Mtns E-W transect,Soil n-alkanes; site-averaged,10.1016/j.orggeochem.2023.104572,Supplement Table S1 (soil),Computer v6,OK
Sisley & Wolhowe (2023),Supplement Table S1 (soil),"Cascades transect, WA, Big Tree Trail, Bonaparte State Park",48.9,-119.0,1156.4,-244.4,3.0,Soil,Soil (mixed vegetation),Soil,-114.6,,-146.6,450.1,5.1,Cascade Mtns E-W transect,Soil n-alkanes; site-averaged,10.1016/j.orggeochem.2023.104572,Supplement Table S1 (soil),Computer v6,OK
Stefanescu et al. 2023,Wyoming Data Repository doi:10.15786/20126483,T1L9 (T1L9),31.38868,-84.39601,54.0,-159.0,,Lake surface sediment,,Bulk sediment,-21.0,,-141.0,1300.0,19.2,Southeast Coastal Plain / mixed forest,Site #9; Sample type (raw): Sediment; δ²H lake water = 14‰; Duplicate SD ~2.4‰ (study-average),10.1016/j.gca.2022.11.001,Wyoming Data Repository doi:10.15786/20126483,Computer v6,OK
Stefanescu et al. 2023,Wyoming Data Repository doi:10.15786/20126483,Morgan (T2L11),31.66976,-81.81111,11.0,-136.0,,Lake surface sediment,,Bulk sediment,-21.0,,-117.5,1229.0,19.5,Southeast Coastal Plain / mixed forest,Site #10; Sample type (raw): Sediment; δ²H lake water = 2‰; Duplicate SD ~2.4‰ (study-average),10.1016/j.gca.2022.11.001,Wyoming Data Repository doi:10.15786/20126483,Computer v6,OK
Stefanescu et al. 2023,Wyoming Data Repository doi:10.15786/20126483,T1L8 (T1L8),32.34999,-86.20918,87.0,-162.0,,Lake surface sediment,,Bulk sediment,-23.0,,-142.3,1287.0,18.2,East Gulf Coastal Plain / mixed forest,Site #8; Sample type (raw): Sediment; δ²H lake water = -7‰; Duplicate SD ~2.4‰ (study-average),10.1016/j.gca.2022.11.001,Wyoming Data Repository doi:10.15786/20126483,Computer v6,OK
Stefanescu et al. 2023,Wyoming Data Repository doi:10.15786/20126483,Turkey Hill (T2L12),33.55354,-80.84634,73.0,-158.0,,Lake surface sediment,,Bulk sediment,-26.0,,-135.5,1202.0,17.8,Southeast Piedmont / mixed forest,Site #11; Sample type (raw): Sediment; δ²H lake water = -28‰; Duplicate SD ~2.4‰ (study-average),10.1016/j.gca.2022.11.001,Wyoming Data Repository doi:10.15786/20126483,Computer v6,OK
Stefanescu et al. 2023,Wyoming Data Repository doi:10.15786/20126483,Lamar (T1L7),33.77759,-88.23522,110.0,-170.0,,Lake surface sediment,,Bulk sediment,-25.0,,-148.7,1431.0,16.5,East Gulf Coastal Plain / mixed forest,Site #7; Sample type (raw): Sediment; δ²H lake water = -11‰; Duplicate SD ~2.4‰ (study-average),10.1016/j.gca.2022.11.001,Wyoming Data Repository doi:10.15786/20126483,Computer v6,OK
Stefanescu et al. 2023,Wyoming Data Repository doi:10.15786/20126483,Bear Creek (T1L6),34.71125,-90.69264,80.0,-153.0,,Lake surface sediment,,Bulk sediment,-29.0,,-127.7,1302.0,16.3,Mississippi Alluvial Plain / bottomland forest,Site #6; Sample type (raw): Sediment; δ²H lake water = -16‰; Duplicate SD ~2.4‰ (study-average),10.1016/j.gca.2022.11.001,Wyoming Data Repository doi:10.15786/20126483,Computer v6,OK
Stefanescu et al. 2023,Wyoming Data Repository doi:10.15786/20126483,Wheatfield (T2L13),35.17073,-79.67573,169.0,-158.0,,Lake surface sediment,,Bulk sediment,-28.0,,-133.7,1170.0,15.9,Piedmont / mixed broadleaf forest,Site #12; Sample type (raw): Sediment; δ²H lake water = -17‰; Duplicate SD ~2.4‰ (study-average),10.1016/j.gca.2022.11.001,Wyoming Data Repository doi:10.15786/20126483,Computer v6,OK
Stefanescu et al. 2023,Wyoming Data Repository doi:10.15786/20126483,Ferguson (T1L5),35.88266,-92.6309,473.0,-169.0,,Lake surface sediment,,Bulk sediment,-35.0,,-138.9,1175.0,14.1,Ouachita Highlands / broadleaf forest,Site #5; Sample type (raw): Sediment; δ²H lake water = -5‰; Duplicate SD ~2.4‰ (study-average),10.1016/j.gca.2022.11.001,Wyoming Data Repository doi:10.15786/20126483,Computer v6,OK
Stefanescu et al. 2023,Wyoming Data Repository doi:10.15786/20126483,Buffalo (T2L14),36.62386,-78.57864,12.0,-167.0,,Lake surface sediment,,Bulk sediment,-30.0,,-141.2,1108.0,14.5,Piedmont / mixed broadleaf forest,Site #13; Sample type (raw): Sediment; δ²H lake water = -21‰; Duplicate SD ~2.4‰ (study-average),10.1016/j.gca.2022.11.001,Wyoming Data Repository doi:10.15786/20126483,Computer v6,OK
Stefanescu et al. 2023,Wyoming Data Repository doi:10.15786/20126483,Spring (T1L4),37.05976,-94.73146,245.0,-168.0,,Lake surface sediment,,Bulk sediment,-36.0,,-136.9,1153.0,14.4,Ozark Highlands / broadleaf forest,Site #4; Sample type (raw): Sediment; δ²H lake water = -9‰; Duplicate SD ~2.4‰ (study-average),10.1016/j.gca.2022.11.001,Wyoming Data Repository doi:10.15786/20126483,Computer v6,OK
Stefanescu et al. 2023,Wyoming Data Repository doi:10.15786/20126483,T1L3 (T1L3),37.76569,-97.31961,405.0,-160.0,,Lake surface sediment,,Bulk sediment,-41.0,,-124.1,878.0,13.7,Central Great Plains / tallgrass prairie,Site #3; Sample type (raw): Sediment; δ²H lake water = 3‰; Duplicate SD ~2.4‰ (study-average),10.1016/j.gca.2022.11.001,Wyoming Data Repository doi:10.15786/20126483,Computer v6,OK
Stefanescu et al. 2023,Wyoming Data Repository doi:10.15786/20126483,Locust Shade (T2L15),38.53797,-77.34658,45.0,-173.0,,Lake surface sediment,,Bulk sediment,-38.0,,-140.3,1040.0,13.6,Mid-Atlantic Piedmont / broadleaf forest,Site #14; Sample type (raw): Sediment; δ²H lake water = -37‰; Duplicate SD ~2.4‰ (study-average),10.1016/j.gca.2022.11.001,Wyoming Data Repository doi:10.15786/20126483,Computer v6,OK
Stefanescu et al. 2023,Wyoming Data Repository doi:10.15786/20126483,Antelope (T1L2),39.37553,-100.11211,725.0,-178.0,,Lake surface sediment,,Bulk sediment,-56.0,,-129.2,392.0,10.2,Great Plains / mixed grass prairie,Site #2; Sample type (raw): Sediment; δ²H lake water = -58‰; Duplicate SD ~2.4‰ (study-average),10.1016/j.gca.2022.11.001,Wyoming Data Repository doi:10.15786/20126483,Computer v6,OK
Stefanescu et al. 2023,Wyoming Data Repository doi:10.15786/20126483,Middle Creek (T2L16),40.27465,-76.23239,175.0,-175.0,,Lake surface sediment,,Bulk sediment,-49.0,,-132.5,1139.0,11.4,Appalachian / broadleaf forest,Site #15; Sample type (raw): Sediment; δ²H lake water = -39‰; Duplicate SD ~2.4‰ (study-average),10.1016/j.gca.2022.11.001,Wyoming Data Repository doi:10.15786/20126483,Computer v6,OK
Stefanescu et al. 2023,Wyoming Data Repository doi:10.15786/20126483,Overland (T1L1),40.621,-103.182,1200.0,-190.0,,Lake surface sediment,,Bulk sediment,-73.0,,-126.2,392.0,10.2,Great Plains / shortgrass steppe,Site #1; Sample type (raw): Sediment; δ²H lake water = -90‰; Duplicate SD ~2.4‰ (study-average),10.1016/j.gca.2022.11.001,Wyoming Data Repository doi:10.15786/20126483,Computer v6,OK
Stefanescu et al. 2023,Wyoming Data Repository doi:10.15786/20126483,Cody Pond (T3L29),41.15055,-100.75241,852.0,-165.0,,Lake surface sediment,,Bulk sediment,-65.0,,-107.0,523.0,9.6,Great Plains / mixed-shortgrass,Site #28; Sample type (raw): Sediment; δ²H lake water = -47‰; Duplicate SD ~2.4‰ (study-average),10.1016/j.gca.2022.11.001,Wyoming Data Repository doi:10.15786/20126483,Computer v6,OK
Stefanescu et al. 2023,Wyoming Data Repository doi:10.15786/20126483,Norwalk (T2L24),41.23881,-82.58788,244.0,-189.0,,Lake surface sediment,,Bulk sediment,-52.0,,-144.5,966.0,9.9,Midwest / broadleaf forest,Site #23; Sample type (raw): Sediment; δ²H lake water = -40‰; Duplicate SD ~2.4‰ (study-average),10.1016/j.gca.2022.11.001,Wyoming Data Repository doi:10.15786/20126483,Computer v6,OK
Stefanescu et al. 2023,Wyoming Data Repository doi:10.15786/20126483,LaPrele Pond (T3L30),41.31952,-105.54942,2181.0,-224.0,,Lake surface sediment,,Bulk sediment,-98.0,,-139.7,353.0,5.4,Rocky Mountains / montane forest,Site #29; Sample type (raw): Sediment; δ²H lake water = -119‰; Duplicate SD ~2.4‰ (study-average),10.1016/j.gca.2022.11.001,Wyoming Data Repository doi:10.15786/20126483,Computer v6,OK
Stefanescu et al. 2023,Wyoming Data Repository doi:10.15786/20126483,Libby Flats (LF15),41.32491,-106.28588,3192.0,-226.0,,Lake surface sediment,,Bulk sediment,-118.0,,-122.4,1014.0,0.1,Rocky Mountains / subalpine forest/meadow,Site #30; Sample type (raw): Sediment; δ²H lake water = -125‰; Duplicate SD ~2.4‰ (study-average),10.1016/j.gca.2022.11.001,Wyoming Data Repository doi:10.15786/20126483,Computer v6,OK
Stefanescu et al. 2023,Wyoming Data Repository doi:10.15786/20126483,Eagle (T2L25),41.43546,-85.57648,275.0,-164.0,,Lake surface sediment,,Bulk sediment,-47.0,,-122.8,954.0,9.8,Midwest / broadleaf forest,Site #24; Sample type (raw): Sediment; δ²H lake water = -43‰; Duplicate SD ~2.4‰ (study-average),10.1016/j.gca.2022.11.001,Wyoming Data Repository doi:10.15786/20126483,Computer v6,OK
Stefanescu et al. 2023,Wyoming Data Repository doi:10.15786/20126483,Cottonwood (T3L28),41.44972,-96.56627,370.0,-167.0,,Lake surface sediment,,Bulk sediment,-61.0,,-112.9,773.0,10.2,Great Plains / tallgrass-mixed prairie,Site #27; Sample type (raw): Sediment; δ²H lake water = -17‰; Duplicate SD ~2.4‰ (study-average),10.1016/j.gca.2022.11.001,Wyoming Data Repository doi:10.15786/20126483,Computer v6,OK
Stefanescu et al. 2023,Wyoming Data Repository doi:10.15786/20126483,Beaver Meadows (T2L23),41.52093,-79.11079,523.0,-175.0,,Lake surface sediment,,Bulk sediment,-65.0,,-117.6,1165.0,7.3,Appalachian Plateau / broadleaf-conifer forest,Site #22; Sample type (raw): Sediment; δ²H lake water = -59‰; Duplicate SD ~2.4‰ (study-average),10.1016/j.gca.2022.11.001,Wyoming Data Repository doi:10.15786/20126483,Computer v6,OK
Stefanescu et al. 2023,Wyoming Data Repository doi:10.15786/20126483,Mendota (T2L26),41.55853,-89.13097,235.0,-174.0,,Lake surface sediment,,Bulk sediment,-44.0,,-136.0,928.0,9.5,Upper Midwest / broadleaf forest,Site #25; Sample type (raw): Sediment; δ²H lake water = -36‰; Duplicate SD ~2.4‰ (study-average),10.1016/j.gca.2022.11.001,Wyoming Data Repository doi:10.15786/20126483,Computer v6,OK
Stefanescu et al. 2023,Wyoming Data Repository doi:10.15786/20126483,Quarry Spring (T2L27),41.68668,-93.24137,241.0,-180.0,,Lake surface sediment,,Bulk sediment,-41.0,,-144.9,908.0,10.1,Upper Midwest / tallgrass prairie transition,Site #26; Sample type (raw): Sediment; δ²H lake water = -27‰; Duplicate SD ~2.4‰ (study-average),10.1016/j.gca.2022.11.001,Wyoming Data Repository doi:10.15786/20126483,Computer v6,OK
Stefanescu et al. 2023,Wyoming Data Repository doi:10.15786/20126483,T2L17 (T2L17),41.69247,-74.68755,479.0,-174.0,,Lake surface sediment,,Bulk sediment,-55.0,,-125.9,1224.0,7.7,Northeast / broadleaf forest,Site #16; Sample type (raw): Sediment; δ²H lake water = -57‰; Duplicate SD ~2.4‰ (study-average),10.1016/j.gca.2022.11.001,Wyoming Data Repository doi:10.15786/20126483,Computer v6,OK
Stefanescu et al. 2023,Wyoming Data Repository doi:10.15786/20126483,Batterson (T2L21),41.71002,-72.78982,94.0,-187.0,,Lake surface sediment,,Bulk sediment,-49.0,,-145.1,1248.0,10.0,Northeast / broadleaf forest,Site #20; Sample type (raw): Sediment; δ²H lake water = -42‰; Duplicate SD ~2.4‰ (study-average),10.1016/j.gca.2022.11.001,Wyoming Data Repository doi:10.15786/20126483,Computer v6,OK
Stefanescu et al. 2023,Wyoming Data Repository doi:10.15786/20126483,Blanding (T2L22),41.79835,-75.67582,454.0,-160.0,,Lake surface sediment,,Bulk sediment,-59.0,,-107.3,1127.0,7.6,Appalachian Plateau / broadleaf forest,Site #21; Sample type (raw): Sediment; δ²H lake water = -57‰; Duplicate SD ~2.4‰ (study-average),10.1016/j.gca.2022.11.001,Wyoming Data Repository doi:10.15786/20126483,Computer v6,OK
Stefanescu et al. 2023,Wyoming Data Repository doi:10.15786/20126483,Arms House (T2L20),41.95139,-70.6655,24.0,-191.0,,Lake surface sediment,,Bulk sediment,-46.0,,-152.0,1302.0,10.2,Northeast coast / broadleaf forest,Site #19; Sample type (raw): Sediment; δ²H lake water = -43‰; Duplicate SD ~2.4‰ (study-average),10.1016/j.gca.2022.11.001,Wyoming Data Repository doi:10.15786/20126483,Computer v6,OK
Stefanescu et al. 2023,Wyoming Data Repository doi:10.15786/20126483,Carter’s Pond (T2L18),43.16463,-73.42084,151.0,-165.0,,Lake surface sediment,,Bulk sediment,-60.0,,-111.7,1056.0,7.9,Northeast / broadleaf-mixed forest,Site #17; Sample type (raw): Sediment; δ²H lake water = -56‰; Duplicate SD ~2.4‰ (study-average),10.1016/j.gca.2022.11.001,Wyoming Data Repository doi:10.15786/20126483,Computer v6,OK
Stefanescu et al. 2023,Wyoming Data Repository doi:10.15786/20126483,Twin Ponds (T2L19),44.06117,-72.57968,410.0,-191.0,,Lake surface sediment,,Bulk sediment,-69.0,,-131.0,1057.0,5.5,Northeast / northern hardwood forest,Site #18; Sample type (raw): Sediment; δ²H lake water = -71‰; Duplicate SD ~2.4‰ (study-average),10.1016/j.gca.2022.11.001,Wyoming Data Repository doi:10.15786/20126483,Computer v6,OK
Struck et al. 2020,Struck et al. 2020 DataSheet1,Mongolia (site 41),43.19,104.87,1453.0,-152.2,0.8,Topsoil,Mixed steppe vegetation,Steppe vegetation,-61.0,,-97.1,108.3,5.5,Steppe/desert steppe,,10.3389/feart.2020.00343,Struck et al. 2020 DataSheet1,Both,VERIFIED: Values match supplement Data Sheet 1
Struck et al. 2020,Struck et al. 2020 DataSheet1,Mongolia (site 42),43.59,103.04,1443.0,-142.6,0.5,Topsoil,Mixed steppe vegetation,Steppe vegetation,-56.0,,-91.7,104.4,4.9,Steppe/desert steppe,,10.3389/feart.2020.00343,Struck et al. 2020 DataSheet1,Both,VERIFIED: Values match supplement Data Sheet 1
Struck et al. 2020,Struck et al. 2020 DataSheet1,Mongolia (site 40),44.11,105.05,1358.0,-172.7,2.9,Topsoil,Mixed steppe vegetation,Steppe vegetation,-56.0,,-123.6,104.5,4.4,Steppe/desert steppe,,10.3389/feart.2020.00343,Struck et al. 2020 DataSheet1,Both,VERIFIED: Values match supplement Data Sheet 1
Struck et al. 2020,Struck et al. 2020 DataSheet1,Mongolia (site 39),44.51,105.35,1314.0,-154.1,1.8,Topsoil,Mixed steppe vegetation,Steppe vegetation,-55.0,,-104.9,104.7,3.8,Steppe/desert steppe,,10.3389/feart.2020.00343,Struck et al. 2020 DataSheet1,Both,VERIFIED: Values match supplement Data Sheet 1
Struck et al. 2020,Struck et al. 2020 DataSheet1,Mongolia (site 37),45.36,105.69,1342.0,-204.8,0.6,Topsoil,Mixed steppe vegetation,Steppe vegetation,-56.0,,-157.6,118.1,2.3,Steppe/desert steppe,,10.3389/feart.2020.00343,Struck et al. 2020 DataSheet1,Both,VERIFIED: Values match supplement Data Sheet 1
Struck et al. 2020,Struck et al. 2020 DataSheet1,Mongolia (site 36),45.71,106.12,1406.0,-178.8,1.2,Topsoil,Mixed steppe vegetation,Steppe vegetation,-58.0,,-128.2,155.7,1.6,Steppe/desert steppe,,10.3389/feart.2020.00343,Struck et al. 2020 DataSheet1,Both,VERIFIED: Values match supplement Data Sheet 1
Struck et al. 2020,Struck et al. 2020 DataSheet1,Mongolia (site 35),46.86,106.64,1376.0,-183.2,0.6,Topsoil,Mixed steppe vegetation,Steppe vegetation,-62.0,,-129.2,194.2,-0.3,Steppe/desert steppe,,10.3389/feart.2020.00343,Struck et al. 2020 DataSheet1,Both,VERIFIED: Values match supplement Data Sheet 1
Struck et al. 2020,Struck et al. 2020 DataSheet1,Mongolia (site 34),47.42,106.77,1611.0,-182.3,0.8,Topsoil,Mixed steppe vegetation,Steppe vegetation,-67.0,,-123.6,256.4,-1.7,Steppe/desert steppe,,10.3389/feart.2020.00343,Struck et al. 2020 DataSheet1,Both,VERIFIED: Values match supplement Data Sheet 1
Struck et al. 2020,Struck et al. 2020 DataSheet1,Mongolia (site 30),47.74,102.74,1366.0,-203.1,0.9,Topsoil,Mixed steppe vegetation,Steppe vegetation,-67.0,,-145.9,275.9,-0.8,Steppe/desert steppe,,10.3389/feart.2020.00343,Struck et al. 2020 DataSheet1,Both,VERIFIED: Values match supplement Data Sheet 1
Struck et al. 2020,Struck et al. 2020 DataSheet1,Mongolia (site 31),47.75,102.77,1337.0,-184.7,2.6,Topsoil,Mixed steppe vegetation,Steppe vegetation,-66.0,,-127.1,276.2,-0.6,Steppe/desert steppe,,10.3389/feart.2020.00343,Struck et al. 2020 DataSheet1,Both,VERIFIED: Values match supplement Data Sheet 1
Struck et al. 2020,Struck et al. 2020 DataSheet1,Mongolia (site 29),48.15,99.72,2065.0,-198.3,0.3,Topsoil,Mixed steppe vegetation,Steppe vegetation,-90.0,,-119.0,223.6,-4.0,Steppe/desert steppe,,10.3389/feart.2020.00343,Struck et al. 2020 DataSheet1,Both,VERIFIED: Values match supplement Data Sheet 1
Struck et al. 2020,Struck et al. 2020 DataSheet1,Mongolia (site 28),48.15,99.75,2054.0,-203.2,0.8,Topsoil,Mixed steppe vegetation,Steppe vegetation,-89.0,,-125.4,220.7,-3.8,Steppe/desert steppe,,10.3389/feart.2020.00343,Struck et al. 2020 DataSheet1,Both,VERIFIED: Values match supplement Data Sheet 1
Struck et al. 2020,Struck et al. 2020 DataSheet1,Mongolia (site 27),48.24,99.02,2235.0,-199.1,0.4,Topsoil,Mixed steppe vegetation,Steppe vegetation,-95.0,,-115.0,231.0,-5.0,Steppe/desert steppe,,10.3389/feart.2020.00343,Struck et al. 2020 DataSheet1,Both,VERIFIED: Values match supplement Data Sheet 1
Struck et al. 2020,Struck et al. 2020 DataSheet1,Mongolia (site 26),48.25,99.01,2284.0,-214.9,1.2,Topsoil,Mixed steppe vegetation,Steppe vegetation,-96.0,,-131.5,239.7,-5.7,Steppe/desert steppe,,10.3389/feart.2020.00343,Struck et al. 2020 DataSheet1,Both,VERIFIED: Values match supplement Data Sheet 1
Struck et al. 2020,Struck et al. 2020 DataSheet1,Mongolia (site 23),48.29,98.95,2528.0,-201.8,0.0,Topsoil,Mixed steppe vegetation,Steppe vegetation,-101.0,,-112.1,257.1,-7.3,Steppe/desert steppe,,10.3389/feart.2020.00343,Struck et al. 2020 DataSheet1,Both,VERIFIED: Values match supplement Data Sheet 1
Struck et al. 2020,Struck et al. 2020 DataSheet1,Mongolia (site 22),48.3,98.94,2441.0,-205.0,1.4,Topsoil,Mixed steppe vegetation,Steppe vegetation,-99.0,,-117.6,254.3,-7.1,Steppe/desert steppe,,10.3389/feart.2020.00343,Struck et al. 2020 DataSheet1,Both,VERIFIED: Values match supplement Data Sheet 1
Struck et al. 2020,Struck et al. 2020 DataSheet1,Mongolia (site 21),48.31,98.92,2343.0,-195.8,0.9,Topsoil,Mixed steppe vegetation,Steppe vegetation,-98.0,,-108.4,252.9,-6.5,Steppe/desert steppe,,10.3389/feart.2020.00343,Struck et al. 2020 DataSheet1,Both,VERIFIED: Values match supplement Data Sheet 1
Struck et al. 2020,Struck et al. 2020 DataSheet1,Mongolia (site 17),48.35,98.92,2133.0,-200.9,1.4,Topsoil,Mixed steppe vegetation,Steppe vegetation,-95.0,,-117.0,238.2,-5.1,Steppe/desert steppe,,10.3389/feart.2020.00343,Struck et al. 2020 DataSheet1,Both,VERIFIED: Values match supplement Data Sheet 1
Struck et al. 2020,Struck et al. 2020 DataSheet1,Mongolia (site 16),48.42,98.9,1948.0,-203.6,0.8,Topsoil,Mixed steppe vegetation,Steppe vegetation,-93.0,,-121.9,221.9,-3.5,Steppe/desert steppe,,10.3389/feart.2020.00343,Struck et al. 2020 DataSheet1,Both,VERIFIED: Values match supplement Data Sheet 1
Struck et al. 2020,Struck et al. 2020 DataSheet1,Mongolia (site 2),48.75,97.22,1952.0,-189.9,1.1,Topsoil,Mixed steppe vegetation,Steppe vegetation,-100.0,,-99.9,220.4,-6.3,Steppe/desert steppe,,10.3389/feart.2020.00343,Struck et al. 2020 DataSheet1,Both,VERIFIED: Values match supplement Data Sheet 1
Struck et al. 2020,Struck et al. 2020 DataSheet1,Mongolia (site 1),48.76,97.25,1895.0,-200.4,0.6,Topsoil,Mixed steppe vegetation,Steppe vegetation,-99.0,,-112.5,216.2,-6.1,Steppe/desert steppe,,10.3389/feart.2020.00343,Struck et al. 2020 DataSheet1,Both,VERIFIED: Values match supplement Data Sheet 1
Struck et al. 2020,Struck et al. 2020 DataSheet1,Mongolia (site 12),48.76,97.3,1942.0,-166.5,1.1,Topsoil,Mixed steppe vegetation,Steppe vegetation,-100.0,,-73.9,217.8,-6.4,Steppe/desert steppe,,10.3389/feart.2020.00343,Struck et al. 2020 DataSheet1,Both,VERIFIED: Values match supplement Data Sheet 1
Struck et al. 2020,Struck et al. 2020 DataSheet1,Mongolia (site 3),48.77,97.3,1859.0,-184.9,0.9,Topsoil,Mixed steppe vegetation,Steppe vegetation,-99.0,,-95.3,214.3,-5.9,Steppe/desert steppe,,10.3389/feart.2020.00343,Struck et al. 2020 DataSheet1,Both,VERIFIED: Values match supplement Data Sheet 1
Struck et al. 2020,Struck et al. 2020 DataSheet1,Mongolia (site 4),48.78,97.33,1799.0,-190.7,1.4,Topsoil,Mixed steppe vegetation,Steppe vegetation,-98.0,,-102.8,211.9,-5.6,Steppe/desert steppe,,10.3389/feart.2020.00343,Struck et al. 2020 DataSheet1,Both,VERIFIED: Values match supplement Data Sheet 1
Struck et al. 2020,Struck et al. 2020 DataSheet1,Mongolia (site 6),48.79,97.33,1797.0,-195.8,0.6,Topsoil,Mixed steppe vegetation,Steppe vegetation,-98.0,,-108.4,212.5,-5.6,Steppe/desert steppe,,10.3389/feart.2020.00343,Struck et al. 2020 DataSheet1,Both,VERIFIED: Values match supplement Data Sheet 1
Struck et al. 2020,Struck et al. 2020 DataSheet1,Mongolia (site 10),48.8,97.35,1841.0,-175.1,1.6,Topsoil,Mixed steppe vegetation,Steppe vegetation,-99.0,,-84.5,210.8,-5.6,Steppe/desert steppe,,10.3389/feart.2020.00343,Struck et al. 2020 DataSheet1,Both,VERIFIED: Values match supplement Data Sheet 1
Struck et al. 2020,Struck et al. 2020 DataSheet1,Mongolia (site 9),48.8,97.37,1852.0,-183.0,3.0,Topsoil,Mixed steppe vegetation,Steppe vegetation,-99.0,,-93.2,211.6,-5.7,Steppe/desert steppe,,10.3389/feart.2020.00343,Struck et al. 2020 DataSheet1,Both,VERIFIED: Values match supplement Data Sheet 1
"Struck et al., 2020",Ladd,UGC7,47.75,102.8,1343.0,-186.1,0.6,Topsoil,,,-81.31726361,,-114.1,,,,,,,User compilation,VERIFIED: Values match supplement Data Sheet 1
"Struck et al., 2020",Ladd,UGC3,47.76,102.81,1333.0,-184.7,2.5,Topsoil,,,-81.3180184,,-112.5,,,,,,,User compilation,VERIFIED: Values match supplement Data Sheet 1
"Struck et al., 2020",Ladd,T3,48.26,98.99,2382.0,-203.3,1.3,Topsoil,,,-107.1106057,,-107.7,,,,,,,User compilation,VERIFIED: Values match supplement Data Sheet 1
"Struck et al., 2020",Ladd,T4,48.28,98.98,2475.0,-206.7,1.1,Topsoil,,,-108.1100583,,-110.5,,,,,,,User compilation,VERIFIED: Values match supplement Data Sheet 1
"Struck et al., 2020",Ladd,T7b,48.31,98.92,2343.0,-199.8,0.7,Topsoil,,,-106.9573758,,-104.0,,,,,,,User compilation,VERIFIED: Values match supplement Data Sheet 1
"Struck et al., 2020",Ladd,TLC2,48.79,97.3,1792.0,-189.0,0.6,Topsoil,,,-101.6527473,,-97.2,,,,,,,User compilation,VERIFIED: Values match supplement Data Sheet 1
"Struck et al., 2020",Ladd,TLC1,48.79,97.3,1796.0,-193.7,3.6,Topsoil,,,-101.6527473,,-102.5,,,,,,,User compilation,VERIFIED: Values match supplement Data Sheet 1
"Struck et al., 2020",Ladd,TLC3,48.79,97.3,1797.0,-190.9,0.9,Topsoil,,,-101.6527473,,-99.3,,,,,,,User compilation,VERIFIED: Values match supplement Data Sheet 1
"Struck et al., 2020",Ladd,TLC5,48.79,97.34,1802.0,-190.7,1.1,Topsoil,,,-101.8424994,,-98.9,,,,,,,User compilation,VERIFIED: Values match supplement Data Sheet 1
"Struck et al., 2020",Ladd,TLC9,48.79,97.33,1811.0,-184.2,1.7,Topsoil,,,-101.7950614,,-91.7,,,,,,,User compilation,VERIFIED: Values match supplement Data Sheet 1
"Struck et al., 2020",Ladd,TLC11,48.79,97.34,1814.0,-193.5,2.5,Topsoil,,,-101.8424994,,-102.1,,,,,,,User compilation,VERIFIED: Values match supplement Data Sheet 1
"Struck et al., 2020",Ladd,TLC8,48.8,97.38,1808.0,-189.0,1.0,Topsoil,,,-102.0363412,,-96.8,,,,,,,User compilation,VERIFIED: Values match supplement Data Sheet 1
Vogts et al. 2016,PANGAEA: doi:10.1594/PANGAEA.859572,"GeoB3701-1, off SW Africa",-27.9517,14.005,-1488.0,-123.0,2.0,Marine surface sediment,Terrestrial input,Mixed terrestrial,-18.0,,-106.9,,,Semi-desert/Arid,Seafloor depth: -1488.0 m; from PANGAEA doi:10.1594/PANGAEA.859572,10.1016/j.orggeochem.2016.03.003,PANGAEA: doi:10.1594/PANGAEA.859572,Both,NOTE: marine core water depth (-1488m)
Vogts et al. 2016,PANGAEA: doi:10.1594/PANGAEA.859572,"GeoB3705-3, off SW Africa",-24.3033,12.9967,-1308.0,-131.0,2.0,Marine surface sediment,Terrestrial input,Mixed terrestrial,-28.0,,-106.0,,,Semi-arid,Seafloor depth: -1308.0 m; from PANGAEA doi:10.1594/PANGAEA.859572,10.1016/j.orggeochem.2016.03.003,PANGAEA: doi:10.1594/PANGAEA.859572,Both,NOTE: marine core water depth (-1308m)
Vogts et al. 2016,PANGAEA: doi:10.1594/PANGAEA.859572,"GeoB3706-3, off SW Africa",-22.7167,12.6017,-1313.0,-130.0,2.0,Marine surface sediment,Terrestrial input,Mixed terrestrial,-26.0,,-106.8,,,Semi-arid,Seafloor depth: -1313.0 m; from PANGAEA doi:10.1594/PANGAEA.859572,10.1016/j.orggeochem.2016.03.003,PANGAEA: doi:10.1594/PANGAEA.859572,Both,NOTE: marine core water depth (-1313m)
Vogts et al. 2016,PANGAEA: doi:10.1594/PANGAEA.859572,"GeoB3715-2, off SW Africa",-18.955,11.0567,-1203.0,-129.0,2.0,Marine surface sediment,Terrestrial input,Mixed terrestrial,,,,,,Dry woodland,Seafloor depth: -1203.0 m; from PANGAEA doi:10.1594/PANGAEA.859572,10.1016/j.orggeochem.2016.03.003,PANGAEA: doi:10.1594/PANGAEA.859572,Computer v6,NOTE: marine core water depth (-1203m); Missing: d2H_precip
Vogts et al. 2016,PANGAEA: doi:10.1594/PANGAEA.859572,"GeoB3713-1, off SW Africa",-15.6283,11.58,-1330.0,-133.0,3.0,Marine surface sediment,Terrestrial input,Mixed terrestrial,-30.0,,-106.2,,,Dry woodland,Seafloor depth: -1330.0 m; from PANGAEA doi:10.1594/PANGAEA.859572,10.1016/j.orggeochem.2016.03.003,PANGAEA: doi:10.1594/PANGAEA.859572,Both,NOTE: marine core water depth (-1330m)
Vogts et al. 2016,PANGAEA: doi:10.1594/PANGAEA.859572,"GeoB4917-4, off SW Africa",-11.9033,13.0733,-1300.0,-133.0,1.0,Marine surface sediment,Terrestrial input,Mixed terrestrial,-38.0,,-98.8,,,Savanna,Seafloor depth: -1300.0 m; from PANGAEA doi:10.1594/PANGAEA.859572,10.1016/j.orggeochem.2016.03.003,PANGAEA: doi:10.1594/PANGAEA.859572,Both,NOTE: marine core water depth (-1300m)
Vogts et al. 2016,PANGAEA: doi:10.1594/PANGAEA.859572,"GeoB4916-3, off SW Africa",-10.1733,12.6867,-1294.0,-129.0,0.0,Marine surface sediment,Terrestrial input,Mixed terrestrial,-35.0,,-97.4,,,Savanna,Seafloor depth: -1294.0 m; from PANGAEA doi:10.1594/PANGAEA.859572,10.1016/j.orggeochem.2016.03.003,PANGAEA: doi:10.1594/PANGAEA.859572,Both,NOTE: marine core water depth (-1294m)
Vogts et al. 2016,PANGAEA: doi:10.1594/PANGAEA.859572,"GeoB4915-2, off SW Africa",-7.75,11.8733,-1306.0,-131.0,2.0,Marine surface sediment,Terrestrial input,Mixed terrestrial,-30.0,,-104.1,,,Transition forest/woodland,Seafloor depth: -1306.0 m; from PANGAEA doi:10.1594/PANGAEA.859572,10.1016/j.orggeochem.2016.03.003,PANGAEA: doi:10.1594/PANGAEA.859572,Both,NOTE: marine core water depth (-1306m)
Vogts et al. 2016,PANGAEA: doi:10.1594/PANGAEA.859572,"GeoB4913-3, off SW Africa",-5.5033,11.0717,-1296.0,-131.0,2.0,Marine surface sediment,Terrestrial input,Mixed terrestrial,-22.0,,-111.5,,,Transition forest/woodland,Seafloor depth: -1296.0 m; from PANGAEA doi:10.1594/PANGAEA.859572,10.1016/j.orggeochem.2016.03.003,PANGAEA: doi:10.1594/PANGAEA.859572,Both,NOTE: marine core water depth (-1296m)
Vogts et al. 2016,PANGAEA: doi:10.1594/PANGAEA.859572,"GeoB4912-3, off SW Africa",-3.73,9.785,-1298.0,-127.0,2.0,Marine surface sediment,Terrestrial input,Mixed terrestrial,,,,,,Equatorial forest,Seafloor depth: -1298.0 m; from PANGAEA doi:10.1594/PANGAEA.859572,10.1016/j.orggeochem.2016.03.003,PANGAEA: doi:10.1594/PANGAEA.859572,Computer v6,NOTE: marine core water depth (-1298m); Missing: d2H_precip
Vogts et al. 2016,PANGAEA: doi:10.1594/PANGAEA.859572,"GeoB4909-3, off SW Africa",-2.0683,8.625,-1305.0,-127.0,2.0,Marine surface sediment,Terrestrial input,Mixed terrestrial,,,,,,Equatorial forest,Seafloor depth: -1305.0 m; from PANGAEA doi:10.1594/PANGAEA.859572,10.1016/j.orggeochem.2016.03.003,PANGAEA: doi:10.1594/PANGAEA.859572,Computer v6,NOTE: marine core water depth (-1305m); Missing: d2H_precip
Vogts et al. 2016,PANGAEA: doi:10.1594/PANGAEA.859572,"GeoB4906-4, off SW Africa",-0.69,8.3783,-1272.0,-127.0,2.0,Marine surface sediment,Terrestrial input,Mixed terrestrial,-20.0,,-109.2,,,Equatorial forest,Seafloor depth: -1272.0 m; from PANGAEA doi:10.1594/PANGAEA.859572,10.1016/j.orggeochem.2016.03.003,PANGAEA: doi:10.1594/PANGAEA.859572,Both,NOTE: marine core water depth (-1272m)
Vogts et al. 2016,PANGAEA: doi:10.1594/PANGAEA.859572,"GeoB4904-6, off SW Africa",0.9617,8.88,-1349.0,-133.0,2.0,Marine surface sediment,Terrestrial input,Mixed terrestrial,-24.0,,-111.7,,,Equatorial forest,Seafloor depth: -1349.0 m; from PANGAEA doi:10.1594/PANGAEA.859572,10.1016/j.orggeochem.2016.03.003,PANGAEA: doi:10.1594/PANGAEA.859572,Both,NOTE: marine core water depth (-1349m)
"Wang et al., 2017",Liu,Tibetan plateau,22.2,100.5,1400.0,-210.0,,Soil,,,-63.0,,-156.9,,,,,,,User compilation,OK
"Wang et al., 2017",Liu,Tibetan plateau,22.3,101.3,931.0,-213.0,,Soil,,,-56.0,,-166.3,,,,,,,User compilation,OK
"Wang et al., 2017",Liu,Tibetan plateau,22.7,101.3,956.0,-188.2,,Soil,,,-57.0,,-245.0,,,,,,,User compilation,VERIFIED: Typo corrected from -288 to -188.2 per Hren & Brandon 2026 Zenodo Table S3 (XIS-13-03)
"Wang et al., 2017",Liu,Tibetan plateau,25.6,100.1,1265.0,-161.0,,Soil,,,-61.0,,-106.5,,,,,,,User compilation,OK
"Wang et al., 2017",Liu,Tibetan plateau,25.9,99.3,1745.0,-172.0,,Soil,,,-68.0,,-111.6,,,,,,,User compilation,OK
"Wang et al., 2017",Liu,Tibetan plateau,26.5,99.8,2357.0,-166.0,,Soil,,,-77.0,,-96.4,,,,,,,User compilation,OK
"Wang et al., 2017",Liu,Tibetan plateau,26.5,99.7,2635.0,-213.0,,Soil,,,-81.0,,-143.6,,,,,,,User compilation,OK
"Wang et al., 2017",Liu,Tibetan plateau,26.6,99.8,2463.0,-183.0,,Soil,,,-78.0,,-113.9,,,,,,,User compilation,OK
"Wang et al., 2017",Liu,Tibetan plateau,26.7,99.9,2459.0,-168.0,,Soil,,,-78.0,,-97.6,,,,,,,User compilation,OK
"Wang et al., 2017",Liu,Tibetan plateau,26.9,100.0,1881.0,-196.0,,Soil,,,-70.0,,-135.5,,,,,,,User compilation,OK
"Wang et al., 2017",Liu,Tibetan plateau,26.9,100.0,2500.0,-189.0,,Soil,,,-79.0,,-119.4,,,,,,,User compilation,OK
"Wang et al., 2017",Liu,Tibetan plateau,27.1,99.6,2549.0,-190.0,,Soil,,,-80.0,,-119.6,,,,,,,User compilation,OK
"Wang et al., 2017",Liu,Tibetan plateau,27.1,100.7,3075.0,-215.0,,Soil,,,-87.0,,-140.2,,,,,,,User compilation,OK
"Wang et al., 2017",Liu,Tibetan plateau,27.2,100.0,1971.0,-204.0,,Soil,,,-71.0,,-143.2,,,,,,,User compilation,OK
"Wang et al., 2017",Liu,Tibetan plateau,27.4,100.8,2538.0,-169.0,,Soil,,,-80.0,,-96.7,,,,,,,User compilation,OK
"Wang et al., 2017",Liu,Tibetan plateau,27.5,101.3,2233.0,-195.0,,Soil,,,-75.0,,-129.7,,,,,,,User compilation,OK
"Wang et al., 2017",Liu,Tibetan plateau,27.5,101.3,2754.0,-181.0,,Soil,,,-83.0,,-106.9,,,,,,,User compilation,OK
"Wang et al., 2017",Liu,Tibetan plateau,27.6,101.0,2362.0,-186.0,,Soil,,,-77.0,,-118.1,,,,,,,User compilation,OK
"Wang et al., 2017",Liu,Tibetan plateau,27.6,100.8,3340.0,-191.0,,Soil,,,-91.0,,-110.0,,,,,,,User compilation,OK
"Wang et al., 2017",Liu,Tibetan plateau,27.7,100.8,2764.0,-205.0,,Soil,,,-83.0,,-133.0,,,,,,,User compilation,OK
"Wang et al., 2017",Liu,Tibetan plateau,28.2,99.3,2248.0,-221.0,,Soil,,,-75.0,,-157.8,,,,,,,User compilation,OK
"Wang et al., 2017",Liu,Tibetan plateau,28.4,98.4,3516.0,-243.0,,Soil,,,-94.0,,-164.5,,,,,,,User compilation,OK
"Wang et al., 2017",Liu,Tibetan plateau,28.4,99.0,3750.0,-240.0,,Soil,,,-97.0,,-158.4,,,,,,,User compilation,OK
"Wang et al., 2017",Liu,Tibetan plateau,28.5,98.9,3300.0,-231.0,,Soil,,,-91.0,,-154.0,,,,,,,User compilation,OK
"Wang et al., 2017",Liu,Tibetan plateau,29.4,98.7,3590.0,-221.0,,Soil,,,-95.0,,-139.2,,,,,,,User compilation,OK
"Wang et al., 2017",Liu,Tibetan plateau,29.9,97.7,3818.0,-247.0,,Soil,,,-98.0,,-165.2,,,,,,,User compilation,OK
"Wang et al., 2017",Liu,Tibetan plateau,30.7,97.4,3060.0,-219.0,,Soil,,,-87.0,,-144.6,,,,,,,User compilation,OK
"Wang et al., 2017",Liu,Tibetan plateau,31.3,98.0,4147.0,-240.0,,Soil,,,-103.0,,-152.7,,,,,,,User compilation,OK
"Wang et al., 2017",Liu,Tibetan plateau,31.8,97.7,3978.0,-202.0,,Soil,,,-100.0,,-113.3,,,,,,,User compilation,OK
"Wang et al., 2017",Liu,Tibetan plateau,32.3,96.0,4226.0,-241.0,,Soil,,,-104.0,,-152.9,,,,,,,User compilation,OK
"Wang et al., 2017",Liu,Tibetan plateau,32.4,95.4,3970.0,-234.0,,Soil,,,-100.0,,-148.9,,,,,,,User compilation,OK
"Wang et al., 2017",Liu,Tibetan plateau,32.7,95.1,4154.0,-234.0,,Soil,,,-103.0,,-146.0,,,,,,,User compilation,OK
"Wang et al., 2017",Liu,Tibetan plateau,33.1,95.2,4146.0,-208.0,,Soil,,,-103.0,,-117.1,,,,,,,User compilation,OK
"Wang et al., 2023",,Huguang H2,21.1,110.31,,-154.0,,Soil,,,,,,,,,,,,User compilation,"Missing: elevation, d2H_precip"
"Wang et al., 2023",,Huguang H3,21.1,110.3,,-157.0,,Soil,,,,,,,,,,,,User compilation,"Missing: elevation, d2H_precip"
"Wang et al., 2023",,Huguang H1,21.11,110.31,,-186.0,,Soil,,,,,,,,,,,,User compilation,"Missing: elevation, d2H_precip"
"Wang et al., 2023",,Techeng T3,21.15,110.44,,-182.0,,Soil,,,,,,,,,,,,User compilation,"Missing: elevation, d2H_precip"
"Wang et al., 2023",,Techeng T4,21.15,110.44,,-135.0,,Soil,,,,,,,,,,,,User compilation,"Missing: elevation, d2H_precip"
"Wang et al., 2023",,Techeng T5,21.15,110.44,,-149.0,,Soil,,,,,,,,,,,,User compilation,"Missing: elevation, d2H_precip"
"Wang et al., 2023",,Techeng T1,21.15,110.44,,-131.0,,Soil,,,,,,,,,,,,User compilation,"Missing: elevation, d2H_precip"
"Wang et al., 2023",,Techeng T6,21.16,110.44,,-135.0,,Soil,,,,,,,,,,,,User compilation,"Missing: elevation, d2H_precip"
"Wang et al., 2023",,Gaoqiao G2,21.57,109.75,,-146.0,,Soil,,,,,,,,,,,,User compilation,"Missing: elevation, d2H_precip"
"Wang et al., 2023",,Gaoqiao G3,21.57,109.75,,-160.0,,Soil,,,,,,,,,,,,User compilation,"Missing: elevation, d2H_precip"
"Wang et al., 2023",,Gaoqiao G4,21.57,109.75,,-178.0,,Soil,,,,,,,,,,,,User compilation,"Missing: elevation, d2H_precip"
"Wang et al., 2023",,Gaoqiao G6,21.57,109.76,,-169.0,,Soil,,,,,,,,,,,,User compilation,"Missing: elevation, d2H_precip"
"Wang et al., 2023",,Gaoqiao G1,21.58,109.75,,-165.0,,Soil,,,,,,,,,,,,User compilation,"Missing: elevation, d2H_precip"
Xia et al 2008,McFarlin,QY,28.89,90.22,4855.0,-199.0,9.0,Lake sediment,,,-135.0,2.0,-74.0,,,,,,,User compilation,OK
Xia et al 2008,McFarlin,KLK,37.28,96.88,2812.0,-126.0,8.0,Lake sediment,,,-36.0,1.0,-93.4,,,,,,,User compilation,OK
Xia et al 2008,McFarlin,XQ,37.47,95.49,3163.0,-139.0,7.0,Lake sediment,,,-43.0,4.0,-100.3,,,,,,,User compilation,OK
Li et al. 2024,,"Lake Barrine, NE Australia (Catchment soil 2)",-17.26,145.63,718.0,-128.0,,Soil,,,,,,,,,APPROXIMATE values — need supplement for exact data. Tropical rainforest.,10.1016/j.quascirev.2024.108807,Li et al. 2024 QSR,Gap-fill v8,"APPROXIMATE: Values read from figures, exact C29 values not tabulated in supplement"
Li et al. 2024,,"Lake Barrine, NE Australia (Surface sediment)",-17.25,145.63,721.0,-135.0,,Lake surface sediment,,,,,,,,,APPROXIMATE values — need supplement for exact data. Tropical rainforest.,10.1016/j.quascirev.2024.108807,Li et al. 2024 QSR,Gap-fill v8,"APPROXIMATE: Values read from figures, exact C29 values not tabulated in supplement"
Li et al. 2024,,"Lake Barrine, NE Australia (Catchment soil 1)",-17.25,145.64,720.0,-130.0,,Soil,,,,,,,,,APPROXIMATE values — need supplement for exact data. Tropical rainforest.,10.1016/j.quascirev.2024.108807,Li et al. 2024 QSR,Gap-fill v8,"APPROXIMATE: Values read from figures, exact C29 values not tabulated in supplement"
Nieto-Moreno et al. 2016,,"Andes, NW Argentina, AR11_S25 (Hillslope)",-26.1113,-67.428,3553.0,-128.9,1.2,Soil,,,,,,,,,"Soil altitudinal transect, S. Central Andes. Exact values from supplement.",10.1016/j.epsl.2016.07.049,Nieto-Moreno et al. 2016 EPSL,Gap-fill v8,VERIFIED: Values from supplement Table S1
Nieto-Moreno et al. 2016,,"Andes, NW Argentina, AR11_S24 (Hillslope)",-26.6317,-66.933,3574.0,-123.1,0.5,Soil,,,,,,,,,"Soil altitudinal transect, S. Central Andes. Exact values from supplement.",10.1016/j.epsl.2016.07.049,Nieto-Moreno et al. 2016 EPSL,Gap-fill v8,VERIFIED: Values from supplement Table S1
Nieto-Moreno et al. 2016,,"Andes, NW Argentina, AR13_016 (Hillslope)",-26.7044,-65.7998,3100.0,-163.5,1.9,Soil,,,,,,,,,"Soil altitudinal transect, S. Central Andes. Exact values from supplement.",10.1016/j.epsl.2016.07.049,Nieto-Moreno et al. 2016 EPSL,Gap-fill v8,VERIFIED: Values from supplement Table S1
Nieto-Moreno et al. 2016,,"Andes, NW Argentina, AR11_S16 (Hillslope)",-26.736,-65.7861,3064.0,-143.6,4.9,Soil,,,,,,,,,"Soil altitudinal transect, S. Central Andes. Exact values from supplement.",10.1016/j.epsl.2016.07.049,Nieto-Moreno et al. 2016 EPSL,Gap-fill v8,VERIFIED: Values from supplement Table S1
Nieto-Moreno et al. 2016,,"Andes, NW Argentina, AR11_S14 (Hillslope)",-26.8138,-65.7158,2593.0,-148.6,6.9,Soil,,,,,,,,,"Soil altitudinal transect, S. Central Andes. Exact values from supplement.",10.1016/j.epsl.2016.07.049,Nieto-Moreno et al. 2016 EPSL,Gap-fill v8,VERIFIED: Values from supplement Table S1
Nieto-Moreno et al. 2016,,"Andes, NW Argentina, AR11_S12 (Hillslope)",-26.9461,-65.6656,1920.0,-136.3,6.6,Soil,,,,,,,,,"Soil altitudinal transect, S. Central Andes. Exact values from supplement.",10.1016/j.epsl.2016.07.049,Nieto-Moreno et al. 2016 EPSL,Gap-fill v8,VERIFIED: Values from supplement Table S1
Nieto-Moreno et al. 2016,,"Andes, NW Argentina, AR11_S10 (Hillslope)",-26.9979,-65.6628,1535.0,-129.6,2.2,Soil,,,,,,,,,"Soil altitudinal transect, S. Central Andes. Exact values from supplement.",10.1016/j.epsl.2016.07.049,Nieto-Moreno et al. 2016 EPSL,Gap-fill v8,VERIFIED: Values from supplement Table S1
Nieto-Moreno et al. 2016,,"Andes, NW Argentina, AR11_S07 (Hillslope)",-27.0948,-65.6182,774.0,-119.1,3.6,Soil,,,,,,,,,"Soil altitudinal transect, S. Central Andes. Exact values from supplement.",10.1016/j.epsl.2016.07.049,Nieto-Moreno et al. 2016 EPSL,Gap-fill v8,VERIFIED: Values from supplement Table S1
Nieto-Moreno et al. 2016,,"Andes, NW Argentina, AR11_S04 (Hillslope)",-27.5134,-64.9011,290.0,-106.9,0.5,Soil,,,,,,,,,"Soil altitudinal transect, S. Central Andes. Exact values from supplement.",10.1016/j.epsl.2016.07.049,Nieto-Moreno et al. 2016 EPSL,Gap-fill v8,VERIFIED: Values from supplement Table S1
Nieto-Moreno et al. 2016,,"Andes, NW Argentina, AR13_080 (Valley)",-23.694,-65.648,4130.0,-145.2,1.5,Soil,,,,,,,,,"Soil altitudinal transect, S. Central Andes. Exact values from supplement.",10.1016/j.epsl.2016.07.049,Nieto-Moreno et al. 2016 EPSL,Gap-fill v8,VERIFIED: Values from supplement Table S1
Nieto-Moreno et al. 2016,,"Andes, NW Argentina, AR13_085 (Valley)",-23.5856,-65.4063,2458.0,-125.4,1.2,Soil,,,,,,,,,"Soil altitudinal transect, S. Central Andes. Exact values from supplement.",10.1016/j.epsl.2016.07.049,Nieto-Moreno et al. 2016 EPSL,Gap-fill v8,VERIFIED: Values from supplement Table S1
Nieto-Moreno et al. 2016,,"Andes, NW Argentina, AR13_087 (Valley)",-23.8283,-65.4729,2166.0,-134.5,2.0,Soil,,,,,,,,,"Soil altitudinal transect, S. Central Andes. Exact values from supplement.",10.1016/j.epsl.2016.07.049,Nieto-Moreno et al. 2016 EPSL,Gap-fill v8,VERIFIED: Values from supplement Table S1
Nieto-Moreno et al. 2016,,"Andes, NW Argentina, AR13_089 (Valley)",-23.9691,-65.4503,1983.0,-128.3,2.5,Soil,,,,,,,,,"Soil altitudinal transect, S. Central Andes. Exact values from supplement.",10.1016/j.epsl.2016.07.049,Nieto-Moreno et al. 2016 EPSL,Gap-fill v8,VERIFIED: Values from supplement Table S1
Nieto-Moreno et al. 2016,,"Andes, NW Argentina, AR13_090 (Valley)",-24.0274,-65.4398,1676.0,-113.6,1.8,Soil,,,,,,,,,"Soil altitudinal transect, S. Central Andes. Exact values from supplement.",10.1016/j.epsl.2016.07.049,Nieto-Moreno et al. 2016 EPSL,Gap-fill v8,VERIFIED: Values from supplement Table S1
Nieto-Moreno et al. 2016,,"Andes, NW Argentina, AR13_092 (Valley)",-24.1193,-65.406,1478.0,-130.0,1.4,Soil,,,,,,,,,"Soil altitudinal transect, S. Central Andes. Exact values from supplement.",10.1016/j.epsl.2016.07.049,Nieto-Moreno et al. 2016 EPSL,Gap-fill v8,VERIFIED: Values from supplement Table S1
Nieto-Moreno et al. 2016,,"Andes, NW Argentina, AR13_094 (Valley)",-24.1777,-65.3547,1348.0,-113.8,3.6,Soil,,,,,,,,,"Soil altitudinal transect, S. Central Andes. Exact values from supplement.",10.1016/j.epsl.2016.07.049,Nieto-Moreno et al. 2016 EPSL,Gap-fill v8,VERIFIED: Values from supplement Table S1
Nieto-Moreno et al. 2016,,"Andes, NW Argentina, ST13_015 (Valley)",-24.2384,-65.1918,1076.0,-129.1,5.4,Soil,,,,,,,,,"Soil altitudinal transect, S. Central Andes. Exact values from supplement.",10.1016/j.epsl.2016.07.049,Nieto-Moreno et al. 2016 EPSL,Gap-fill v8,VERIFIED: Values from supplement Table S1
Nieto-Moreno et al. 2016,,"Andes, NW Argentina, ST13_019 (Valley)",-24.2682,-64.917,586.0,-110.4,2.8,Soil,,,,,,,,,"Soil altitudinal transect, S. Central Andes. Exact values from supplement.",10.1016/j.epsl.2016.07.049,Nieto-Moreno et al. 2016 EPSL,Gap-fill v8,VERIFIED: Values from supplement Table S1
Nieto-Moreno et al. 2016,,"Andes, NW Argentina, ST13_022 (Valley)",-23.7116,-64.5354,313.0,-110.3,4.4,Soil,,,,,,,,,"Soil altitudinal transect, S. Central Andes. Exact values from supplement.",10.1016/j.epsl.2016.07.049,Nieto-Moreno et al. 2016 EPSL,Gap-fill v8,VERIFIED: Values from supplement Table S1
Repasch et al. 2021,,"Rio Bermejo, Argentina (Embarcacion)",-23.3561,-64.1843,,-155.43,1.99,LEAF LITTER,,,,,,,,,"Fluvial organic carbon study, Rio Bermejo Argentina. Exact values from Pangaea.",10.1038/s41561-021-00845-7,Repasch et al. 2021 Nat Geosci / PANGAEA.925616,Gap-fill v8,VERIFIED: Values from PANGAEA.925616
Repasch et al. 2021,,"Rio Bermejo, Argentina (El Colgado)",-23.3555,-64.1839,,-169.06,1.16,LEAF LITTER,,,,,,,,,"Fluvial organic carbon study, Rio Bermejo Argentina. Exact values from Pangaea.",10.1038/s41561-021-00845-7,Repasch et al. 2021 Nat Geosci / PANGAEA.925616,Gap-fill v8,VERIFIED: Values from PANGAEA.925616
Repasch et al. 2021,,"Rio Bermejo, Argentina (Puerto lavalle)",-25.6516,-60.1375,,-145.13,6.01,LEAF LITTER,,,,,,,,,"Fluvial organic carbon study, Rio Bermejo Argentina. Exact values from Pangaea.",10.1038/s41561-021-00845-7,Repasch et al. 2021 Nat Geosci / PANGAEA.925616,Gap-fill v8,VERIFIED: Values from PANGAEA.925616
Repasch et al. 2021,,"Rio Bermejo, Argentina (El Colorado)",-26.3322,-59.3606,,-196.05,0.05,LEAF LITTER,,,,,,,,,"Fluvial organic carbon study, Rio Bermejo Argentina. Exact values from Pangaea.",10.1038/s41561-021-00845-7,Repasch et al. 2021 Nat Geosci / PANGAEA.925616,Gap-fill v8,VERIFIED: Values from PANGAEA.925616
Repasch et al. 2021,,"Rio Bermejo, Argentina (Puente Lavalle)",-25.6516,-60.1375,,-174.5,0.35,LEAF LITTER,,,,,,,,,"Fluvial organic carbon study, Rio Bermejo Argentina. Exact values from Pangaea.",10.1038/s41561-021-00845-7,Repasch et al. 2021 Nat Geosci / PANGAEA.925616,Gap-fill v8,VERIFIED: Values from PANGAEA.925616
Repasch et al. 2021,,"Rio Bermejo, Argentina (Sauzalito)",-24.3048,-61.8352,,-182.15,0.27,LEAF LITTER,,,,,,,,,"Fluvial organic carbon study, Rio Bermejo Argentina. Exact values from Pangaea.",10.1038/s41561-021-00845-7,Repasch et al. 2021 Nat Geosci / PANGAEA.925616,Gap-fill v8,VERIFIED: Values from PANGAEA.925616
Repasch et al. 2021,,"Rio Bermejo, Argentina (Embarcacion)",-23.3326,-63.9966,,-133.82,1.28,TOPSOIL,,,,,,,,,"Fluvial organic carbon study, Rio Bermejo Argentina. Exact values from Pangaea.",10.1038/s41561-021-00845-7,Repasch et al. 2021 Nat Geosci / PANGAEA.925616,Gap-fill v8,VERIFIED: Values from PANGAEA.925616
Repasch et al. 2021,,"Rio Bermejo, Argentina (Reserva Natural Formosa)",-24.2417,-61.9421,,-152.38,0.63,TOPSOIL,,,,,,,,,"Fluvial organic carbon study, Rio Bermejo Argentina. Exact values from Pangaea.",10.1038/s41561-021-00845-7,Repasch et al. 2021 Nat Geosci / PANGAEA.925616,Gap-fill v8,VERIFIED: Values from PANGAEA.925616
Repasch et al. 2021,,"Rio Bermejo, Argentina (Villa Rio Bermejito)",-25.6312,-60.2553,,-131.38,0.02,TOPSOIL,,,,,,,,,"Fluvial organic carbon study, Rio Bermejo Argentina. Exact values from Pangaea.",10.1038/s41561-021-00845-7,Repasch et al. 2021 Nat Geosci / PANGAEA.925616,Gap-fill v8,VERIFIED: Values from PANGAEA.925616
Repasch et al. 2021,,"Rio Bermejo, Argentina (Bermejo at Rio Paraguay)",-26.8283,-58.3976,,-119.04,3.25,TOPSOIL,,,,,,,,,"Fluvial organic carbon study, Rio Bermejo Argentina. Exact values from Pangaea.",10.1038/s41561-021-00845-7,Repasch et al. 2021 Nat Geosci / PANGAEA.925616,Gap-fill v8,VERIFIED: Values from PANGAEA.925616
Repasch et al. 2021,,"Rio Bermejo, Argentina (Reserva Natural Formosa)",-23.7518,-63.0528,,-94.52,0.91,TOPSOIL,,,,,,,,,"Fluvial organic carbon study, Rio Bermejo Argentina. Exact values from Pangaea.",10.1038/s41561-021-00845-7,Repasch et al. 2021 Nat Geosci / PANGAEA.925616,Gap-fill v8,VERIFIED: Values from PANGAEA.925616
Repasch et al. 2021,,"Rio Bermejo, Argentina (Pozo Sarmiento)",-23.1442,-64.1989,,-154.95,2.24,TOPSOIL,,,,,,,,,"Fluvial organic carbon study, Rio Bermejo Argentina. Exact values from Pangaea.",10.1038/s41561-021-00845-7,Repasch et al. 2021 Nat Geosci / PANGAEA.925616,Gap-fill v8,VERIFIED: Values from PANGAEA.925616
Repasch et al. 2021,,"Rio Bermejo, Argentina (Reserva Natural Formosa)",-24.3048,-61.8352,,-114.61,0.54,TOPSOIL,,,,,,,,,"Fluvial organic carbon study, Rio Bermejo Argentina. Exact values from Pangaea.",10.1038/s41561-021-00845-7,Repasch et al. 2021 Nat Geosci / PANGAEA.925616,Gap-fill v8,VERIFIED: Values from PANGAEA.925616
Repasch et al. 2021,,"Rio Bermejo, Argentina (El Colgado)",-23.7519,-63.0523,,-128.99,0.5,TOPSOIL,,,,,,,,,"Fluvial organic carbon study, Rio Bermejo Argentina. Exact values from Pangaea.",10.1038/s41561-021-00845-7,Repasch et al. 2021 Nat Geosci / PANGAEA.925616,Gap-fill v8,VERIFIED: Values from PANGAEA.925616
Repasch et al. 2021,,"Rio Bermejo, Argentina (Puerto lavalle)",-25.6516,-60.1375,,-140.87,0.99,TOPSOIL,,,,,,,,,"Fluvial organic carbon study, Rio Bermejo Argentina. Exact values from Pangaea.",10.1038/s41561-021-00845-7,Repasch et al. 2021 Nat Geosci / PANGAEA.925616,Gap-fill v8,VERIFIED: Values from PANGAEA.925616
Repasch et al. 2021,,"Rio Bermejo, Argentina (El Colorado)",-26.3322,-59.3606,,-165.52,1.67,TOPSOIL,,,,,,,,,"Fluvial organic carbon study, Rio Bermejo Argentina. Exact values from Pangaea.",10.1038/s41561-021-00845-7,Repasch et al. 2021 Nat Geosci / PANGAEA.925616,Gap-fill v8,VERIFIED: Values from PANGAEA.925616
Repasch et al. 2021,,"Rio Bermejo, Argentina (Reserva Natural Formosa)",-24.4142,-61.692,,-173.88,0.11,TOPSOIL,,,,,,,,,"Fluvial organic carbon study, Rio Bermejo Argentina. Exact values from Pangaea.",10.1038/s41561-021-00845-7,Repasch et al. 2021 Nat Geosci / PANGAEA.925616,Gap-fill v8,VERIFIED: Values from PANGAEA.925616
Repasch et al. 2021,,"Rio Bermejo, Argentina (RSF-RB confluence)",-23.2482,-64.1356,,-139.17,0.83,TOPSOIL,,,,,,,,,"Fluvial organic carbon study, Rio Bermejo Argentina. Exact values from Pangaea.",10.1038/s41561-021-00845-7,Repasch et al. 2021 Nat Geosci / PANGAEA.925616,Gap-fill v8,VERIFIED: Values from PANGAEA.925616
Repasch et al. 2021,,"Rio Bermejo, Argentina (Reserva Natural Formosa)",-24.2417,-61.9421,,-124.26,0.58,TOPSOIL,,,,,,,,,"Fluvial organic carbon study, Rio Bermejo Argentina. Exact values from Pangaea.",10.1038/s41561-021-00845-7,Repasch et al. 2021 Nat Geosci / PANGAEA.925616,Gap-fill v8,VERIFIED: Values from PANGAEA.925616
